name,L_mean,L_std,a_mean,a_std,b_mean,b_std,lab_ssim_hor,lab_ssim_ver,edge_ssim_hor,edge_ssim_ver,edge_density,edge_density_field_1_1,edge_density_field_1_2,edge_density_field_1_3,edge_density_field_1_4,edge_density_field_1_5,edge_density_field_1_6,edge_density_field_1_7,edge_density_field_1_8,edge_density_field_2_1,edge_density_field_2_2,edge_density_field_2_3,edge_density_field_2_4,edge_density_field_2_5,edge_density_field_2_6,edge_density_field_2_7,edge_density_field_2_8,edge_density_field_3_1,edge_density_field_3_2,edge_density_field_3_3,edge_density_field_3_4,edge_density_field_3_5,edge_density_field_3_6,edge_density_field_3_7,edge_density_field_3_8,edge_density_field_4_1,edge_density_field_4_2,edge_density_field_4_3,edge_density_field_4_4,edge_density_field_4_5,edge_density_field_4_6,edge_density_field_4_7,edge_density_field_4_8,edge_density_field_5_1,edge_density_field_5_2,edge_density_field_5_3,edge_density_field_5_4,edge_density_field_5_5,edge_density_field_5_6,edge_density_field_5_7,edge_density_field_5_8,edge_density_field_6_1,edge_density_field_6_2,edge_density_field_6_3,edge_density_field_6_4,edge_density_field_6_5,edge_density_field_6_6,edge_density_field_6_7,edge_density_field_6_8,edge_density_field_7_1,edge_density_field_7_2,edge_density_field_7_3,edge_density_field_7_4,edge_density_field_7_5,edge_density_field_7_6,edge_density_field_7_7,edge_density_field_7_8,edge_density_field_8_1,edge_density_field_8_2,edge_density_field_8_3,edge_density_field_8_4,edge_density_field_8_5,edge_density_field_8_6,edge_density_field_8_7,edge_density_field_8_8,edge_length_mean,edge_length_std,edge_curvature_mean,edge_curvature_hist_01,edge_curvature_hist_02,edge_curvature_hist_03,edge_curvature_hist_04,edge_curvature_hist_05,edge_curvature_hist_06,edge_curvature_hist_07,edge_curvature_hist_08,edge_curvature_hist_09,edge_curvature_hist_10,edge_curvature_hist_11,edge_curvature_hist_12,edge_curvature_hist_13,edge_curvature_hist_14,edge_curvature_hist_15,edge_curvature_hist_16,edge_curvature_hist_17,edge_curvature_hist_18,edge_curvature_hist_19,edge_curvature_hist_20,edge_curvature_entropy,line_angle_mean,line_angle_hist_01,line_angle_hist_02,line_angle_hist_03,line_angle_hist_04,line_angle_hist_05,line_angle_hist_06,line_angle_hist_07,line_angle_hist_08,line_angle_hist_09,line_angle_hist_10,line_angle_hist_11,line_angle_hist_12,line_angle_hist_13,line_angle_hist_14,line_angle_hist_15,line_angle_hist_16,line_angle_hist_17,line_angle_hist_18,line_angle_hist_19,line_angle_hist_20,line_angle_hist_21,line_angle_hist_22,line_angle_hist_23,line_angle_hist_24,line_angle_hist_25,line_angle_hist_26,line_angle_hist_27,line_angle_hist_28,line_angle_hist_29,line_angle_hist_30,line_angle_hist_31,line_angle_hist_32,line_angle_hist_33,line_angle_hist_34,line_angle_hist_35,line_angle_hist_36,line_angle_entropy
001,166.10157108306885,85.61056299485324,134.30740356445312,17.908721294321452,131.05726718902588,25.302667251080997,0.7842411016123964,0.7643862740658012,0.7463390079113285,0.7173348317688283,0.042288780212402344,0.04791259765625,0.03125,0.07318115234375,0.0814208984375,0.07470703125,0.065673828125,0.0078125,0.044677734375,0.04833984375,0.01800537109375,0.06512451171875,0.07977294921875,0.067626953125,0.056396484375,0.01177978515625,0.044189453125,0.03875732421875,0.04058837890625,0.081787109375,0.0902099609375,0.0784912109375,0.0474853515625,0.0595703125,0.0362548828125,0.04400634765625,0.0328369140625,0.0518798828125,0.04229736328125,0.0592041015625,0.07415771484375,0.0604248046875,0.032470703125,0.0440673828125,0.0413818359375,0.0234375,0.0078125,0.02435302734375,0.0167236328125,0.0,0.015625,0.02984619140625,0.04229736328125,0.04705810546875,0.0400390625,0.048828125,0.0343017578125,0.015625,0.0281982421875,0.029052734375,0.05181884765625,0.04852294921875,0.07098388671875,0.057861328125,0.03399658203125,0.015625,0.0362548828125,0.015625,0.0257568359375,0.0078125,0.043212890625,0.041015625,0.03515625,0.015625,0.0302734375,0.2185360259325764,1.0012033882709517,455.28744375802324,0.5755300859598854,0.0995702005730659,0.08816618911174785,0.0630945558739255,0.044240687679083096,0.03183381088825215,0.022722063037249284,0.017564469914040114,0.011088825214899713,0.008882521489971347,0.006962750716332378,0.005845272206303725,0.004412607449856733,0.0032951289398280804,0.00332378223495702,0.001489971346704871,0.00166189111747851,0.0010315186246418338,0.0008595988538681948,0.00842406876790831,1.6327643029309054,89.98898332281107,0.42934782608695654,0.0,0.0,0.0,0.0,0.0,0.0,0.0,0.0,0.0,0.0,0.0,0.0,0.0,0.0,0.0,0.0,0.021739130434782608,0.483695652173913,0.0,0.0,0.0,0.0,0.0,0.0,0.0,0.0,0.0,0.0,0.0,0.0,0.0,0.0,0.0,0.0,0.06521739130434782,0.9755929614514274
002,179.06750392913818,74.95427181388033,133.64866256713867,12.151970505140577,127.71100521087646,21.17572806326231,0.7770003234660009,0.7648435080475798,0.7484989092994543,0.7401206385928484,0.04457664489746094,0.0,0.01678466796875,0.0,0.0,0.015625,0.0,0.03564453125,0.0970458984375,0.015625,0.0455322265625,0.015625,0.02899169921875,0.0284423828125,0.04229736328125,0.07659912109375,0.07012939453125,0.0078125,0.02685546875,0.01043701171875,0.07916259765625,0.07562255859375,0.135009765625,0.05731201171875,0.02899169921875,0.0234375,0.0545654296875,0.06256103515625,0.1136474609375,0.12939453125,0.100341796875,0.07733154296875,0.039306640625,0.015625,0.032958984375,0.1650390625,0.0587158203125,0.0548095703125,0.04644775390625,0.0628662109375,0.0234375,0.0078125,0.03582763671875,0.0625,0.04827880859375,0.045654296875,0.074462890625,0.0257568359375,0.0078125,0.015625,0.0499267578125,0.033447265625,0.058349609375,0.064208984375,0.0252685546875,0.02484130859375,0.0078125,0.06414794921875,0.06927490234375,0.06396484375,0.01837158203125,0.03875732421875,0.0078125,0.025146484375,0.0078125,0.10469673896607544,0.8460523439414481,619.859019295078,0.20498511904761904,0.17875,0.1549702380952381,0.10138392857142857,0.07267857142857143,0.06388392857142858,0.05160714285714286,0.03840773809523809,0.02186011904761905,0.01849702380952381,0.01386904761904762,0.011889880952380952,0.010714285714285714,0.009122023809523809,0.01107142857142857,0.007142857142857143,0.0036458333333333334,0.002425595238095238,0.0037797619047619047,0.019315476190476192,2.3764597245559003,131.96137057051956,0.15864022662889518,0.0,0.0,0.0,0.0,0.0,0.0,0.0,0.025495750708215296,0.11898016997167139,0.0,0.0,0.0,0.0,0.0,0.0,0.0,0.0113314447592068,0.18413597733711048,0.0,0.0,0.0,0.0,0.0,0.0,0.036827195467422094,0.0906515580736544,0.35410764872521244,0.014164305949008499,0.0,0.0,0.0,0.0,0.0,0.0,0.0056657223796034,1.7976924720736338
003,147.76371002197266,93.34476337274714,131.39839553833008,13.6632041093804,131.85766315460205,21.986801676880713,0.7417392280781625,0.7418172447117769,0.7004759256354915,0.716264514638265,0.052326202392578125,0.0562744140625,0.03924560546875,0.0362548828125,0.06201171875,0.0567626953125,0.08038330078125,0.06427001953125,0.04180908203125,0.0390625,0.04364013671875,0.03094482421875,0.02911376953125,0.015625,0.05609130859375,0.04388427734375,0.0390625,0.04443359375,0.05426025390625,0.07989501953125,0.0726318359375,0.0596923828125,0.04278564453125,0.0560302734375,0.04827880859375,0.02520751953125,0.0390625,0.07244873046875,0.07757568359375,0.08502197265625,0.04815673828125,0.0396728515625,0.0546875,0.04034423828125,0.06988525390625,0.06158447265625,0.03350830078125,0.02288818359375,0.0462646484375,0.08538818359375,0.05560302734375,0.06817626953125,0.0792236328125,0.04034423828125,0.0350341796875,0.04473876953125,0.0654296875,0.06170654296875,0.040283203125,0.077880859375,0.0670166015625,0.04998779296875,0.081298828125,0.046875,0.06109619140625,0.07281494140625,0.02728271484375,0.06842041015625,0.05133056640625,0.046875,0.0614013671875,0.03125,0.0465087890625,0.0545654296875,0.01959228515625,0.19980623402721423,0.45331764238459227,568.0569906841315,0.5317505470459518,0.11341356673960613,0.0936542669584245,0.061575492341356675,0.04761487964989059,0.03330415754923414,0.02601750547045952,0.021466083150984683,0.013304157549234136,0.009846827133479213,0.008336980306345733,0.006083150984682714,0.004704595185995623,0.003982494529540481,0.004135667396061269,0.003216630196936543,0.0016411378555798686,0.001838074398249453,0.0019693654266958426,0.012144420131291028,1.7620390504117376,83.78626103094992,0.3524904214559387,0.0,0.0,0.0,0.0,0.0,0.0,0.0,0.011494252873563218,0.034482758620689655,0.0,0.0,0.0,0.0,0.0,0.0,0.0,0.06513409961685823,0.4827586206896552,0.0,0.0,0.0,0.0,0.0,0.0,0.0,0.011494252873563218,0.0,0.0,0.0,0.0,0.0,0.0,0.0,0.0,0.0421455938697318,1.2492551232530755
004,178.97040843963623,73.7243787116702,131.16701126098633,15.351043966371739,132.46073532104492,22.494091813667005,0.7477443218518419,0.7525060427058646,0.6673094533045392,0.6655600147555444,0.06795310974121094,0.0634765625,0.03192138671875,0.04541015625,0.05230712890625,0.050048828125,0.03558349609375,0.0283203125,0.041015625,0.07171630859375,0.0469970703125,0.0513916015625,0.04498291015625,0.0845947265625,0.06707763671875,0.10675048828125,0.06414794921875,0.046875,0.0260009765625,0.0443115234375,0.05841064453125,0.06005859375,0.094482421875,0.0614013671875,0.04046630859375,0.09442138671875,0.07080078125,0.12762451171875,0.0328369140625,0.13897705078125,0.12677001953125,0.06011962890625,0.0687255859375,0.046875,0.05767822265625,0.07794189453125,0.10406494140625,0.177978515625,0.0755615234375,0.04937744140625,0.0355224609375,0.046875,0.05059814453125,0.07220458984375,0.12432861328125,0.1324462890625,0.104248046875,0.0400390625,0.0263671875,0.08343505859375,0.0950927734375,0.0994873046875,0.09381103515625,0.03125,0.0892333984375,0.0234375,0.02362060546875,0.08306884765625,0.0849609375,0.06689453125,0.103271484375,0.0543212890625,0.0606689453125,0.05694580078125,0.03936767578125,0.11404992316311485,0.36413669582546393,606.1781484007855,0.42011834319526625,0.14380459901138873,0.11138975533425217,0.07513031223121483,0.058373661903232156,0.04405226997170955,0.03067389299370978,0.02450802598990663,0.01734733002414533,0.0133991025813739,0.011108923408532732,0.008870558244126883,0.006642555881408097,0.005937885366687738,0.005689178126198199,0.0036580689955336325,0.00287049606731676,0.001709862278365579,0.001544057451372553,0.01317112094425849,2.0117339783906827,109.43605566896653,0.27294117647058824,0.0,0.0,0.0,0.0,0.0,0.0,0.01411764705882353,0.03764705882352941,0.10823529411764705,0.0,0.0,0.0,0.0,0.0,0.0,0.0,0.018823529411764704,0.2988235294117647,0.0,0.002352941176470588,0.0,0.0,0.0,0.011764705882352941,0.18352941176470589,0.02588235294117647,0.0,0.0,0.0,0.0,0.0,0.0,0.0,0.0,0.02588235294117647,1.7812246768367836
005,135.16404056549072,90.7425279118255,140.32774448394775,20.89928030873733,131.62342262268066,23.518490981359594,0.6615038469788357,0.8327361930274435,0.524751394433177,0.7696931714213574,0.05511665344238281,0.07244873046875,0.0799560546875,0.0546875,0.0269775390625,0.0078125,0.081787109375,0.0601806640625,0.06207275390625,0.0635986328125,0.0625,0.0546875,0.02215576171875,0.0078125,0.07904052734375,0.05950927734375,0.07122802734375,0.055908203125,0.06884765625,0.0546875,0.015625,0.0,0.08099365234375,0.07049560546875,0.082763671875,0.05816650390625,0.0732421875,0.053955078125,0.0213623046875,0.0,0.084228515625,0.0618896484375,0.0648193359375,0.07183837890625,0.0933837890625,0.05194091796875,0.024169921875,0.0078125,0.09661865234375,0.0606689453125,0.06451416015625,0.056640625,0.0706787109375,0.0540771484375,0.03436279296875,0.0,0.0867919921875,0.0679931640625,0.06976318359375,0.0712890625,0.0670166015625,0.06549072265625,0.0234375,0.0,0.08685302734375,0.06378173828125,0.071533203125,0.05120849609375,0.071533203125,0.0711669921875,0.03302001953125,0.0234375,0.07061767578125,0.06036376953125,0.072021484375,1.033248886954751,1.8173654339409127,899.9954308409355,0.6204944329118701,0.0891677675033025,0.07520286846574825,0.053028873372334404,0.03604453670503869,0.026986223815814305,0.01924891488960181,0.015474617852424986,0.010851103981883374,0.009247027741083224,0.009058312889224382,0.006510662389130025,0.004623513870541612,0.003396867333459143,0.0036799396112474052,0.0016984336667295716,0.0007548594074353652,0.0011322891111530478,0.0009435742592942064,0.012455180222683526,1.5375173308987031,89.97511816479668,0.02510460251046025,0.0,0.0,0.0,0.0,0.0,0.0,0.0,0.0,0.0,0.0,0.0,0.0,0.0,0.0,0.0,0.0,0.03347280334728033,0.9414225941422594,0.0,0.0,0.0,0.0,0.0,0.0,0.0,0.0,0.0,0.0,0.0,0.0,0.0,0.0,0.0,0.0,0.0,0.2630381140871528
006,139.30850887298584,96.80114860760648,137.96286869049072,17.573285501682783,126.42887878417969,30.545941632762492,0.6041718719157848,0.7753667614725939,0.5404105320978538,0.6861992967530863,0.05688953399658203,0.0732421875,0.10699462890625,0.05419921875,0.0504150390625,0.04388427734375,0.02960205078125,0.06732177734375,0.1175537109375,0.07379150390625,0.063720703125,0.0570068359375,0.05841064453125,0.0361328125,0.0234375,0.0546875,0.111572265625,0.07208251953125,0.12469482421875,0.069580078125,0.0498046875,0.036376953125,0.035400390625,0.0501708984375,0.10675048828125,0.077880859375,0.10809326171875,0.0557861328125,0.046875,0.03369140625,0.032958984375,0.05841064453125,0.10418701171875,0.0274658203125,0.0826416015625,0.03814697265625,0.0499267578125,0.03125,0.0543212890625,0.06494140625,0.0899658203125,0.0234375,0.0849609375,0.01800537109375,0.0535888671875,0.03125,0.04815673828125,0.04803466796875,0.0279541015625,0.0234375,0.10540771484375,0.0225830078125,0.089599609375,0.03125,0.0439453125,0.048095703125,0.01983642578125,0.04296875,0.091796875,0.02655029296875,0.06256103515625,0.03936767578125,0.04351806640625,0.05859375,0.03265380859375,0.5231841008409535,1.521391425575868,954.339839825785,0.4367076720818856,0.14592919522959902,0.10949384918771715,0.0840924030425392,0.057188468400788804,0.03854822049018687,0.026105737627946286,0.020142736407174382,0.015916987510564373,0.011268663724293361,0.009813127993238802,0.007700253544933797,0.006244717813879238,0.0043666071931636775,0.004601371020753122,0.0027702131655554514,0.0015963940276082261,0.0010799136069114472,0.0015494412620903372,0.014884026669170814,1.9421357383149174,90.00679718860216,0.09163346613545817,0.0,0.0,0.0,0.0,0.0,0.0,0.0,0.0,0.0,0.0,0.0,0.0,0.0,0.0,0.0,0.0,0.027888446215139442,0.8685258964143426,0.0,0.0,0.0,0.0,0.0,0.0,0.0,0.0,0.0,0.0,0.0,0.0,0.0,0.0,0.0,0.0,0.01195219123505976,0.49416410023224855
007,154.29938983917236,84.1377319328752,135.9676923751831,18.3892965043284,127.9346570968628,22.920859470253717,0.7234654469157942,0.8683122917931216,0.6044241384904401,0.8743823153059889,0.05786705017089844,0.11480712890625,0.05859375,0.06982421875,0.10107421875,0.0166015625,0.0174560546875,0.03533935546875,0.1170654296875,0.08111572265625,0.0557861328125,0.06768798828125,0.1031494140625,0.011962890625,0.01837158203125,0.03558349609375,0.111572265625,0.10638427734375,0.04339599609375,0.046875,0.093505859375,0.01190185546875,0.03179931640625,0.06317138671875,0.14617919921875,0.10394287109375,0.05438232421875,0.066162109375,0.0960693359375,0.01153564453125,0.0196533203125,0.017578125,0.0882568359375,0.07928466796875,0.033447265625,0.046875,0.0703125,0.0078125,0.0078125,0.015625,0.09576416015625,0.079345703125,0.05633544921875,0.08050537109375,0.09930419921875,0.01263427734375,0.015380859375,0.0367431640625,0.127685546875,0.07891845703125,0.02587890625,0.07232666015625,0.0703125,0.0078125,0.0078125,0.015625,0.078125,0.10601806640625,0.05303955078125,0.0821533203125,0.09185791015625,0.01385498046875,0.02276611328125,0.015625,0.0797119140625,0.2194007928502672,1.1897697789431207,373.4579918652488,0.4698006234440051,0.13960543107596393,0.11722002552354652,0.07926944078327998,0.05512667629029896,0.03617230485993431,0.025607230276784035,0.018347664177074834,0.0123433544634825,0.009770078871942927,0.007615222075775644,0.00617167723174125,0.004205108893491496,0.0033891922425155338,0.002217619615473127,0.0017782798803322244,0.001380782024728551,0.0009205213498190339,0.0012761773258854788,0.007782589593924559,1.8259788631354332,89.71326324981347,0.41711229946524064,0.0,0.0,0.0,0.0,0.0,0.0,0.0,0.0,0.0,0.0,0.0,0.0,0.0,0.0,0.0,0.0,0.0106951871657754,0.5508021390374331,0.0,0.0,0.0,0.0,0.0,0.0,0.0,0.0,0.0,0.0,0.0,0.0,0.0,0.0,0.0,0.0,0.0213903743315508,0.823986445330308
008,157.74427223205566,69.09339711181727,136.90569591522217,18.220671452393198,131.47403812408447,21.545297438839626,0.7710710394753324,0.829552041852396,0.6106540395313883,0.6929910615067407,0.045784950256347656,0.03125,0.10577392578125,0.08782958984375,0.08966064453125,0.018310546875,0.0,0.01776123046875,0.04498291015625,0.0421142578125,0.102294921875,0.077880859375,0.0755615234375,0.0238037109375,0.0,0.015625,0.0390625,0.04144287109375,0.08953857421875,0.0701904296875,0.0787353515625,0.03302001953125,0.02001953125,0.03765869140625,0.072509765625,0.049072265625,0.07440185546875,0.0269775390625,0.02972412109375,0.033935546875,0.01751708984375,0.06158447265625,0.0484619140625,0.0439453125,0.0853271484375,0.015625,0.027099609375,0.01605224609375,0.0,0.04150390625,0.0472412109375,0.0347900390625,0.08880615234375,0.0,0.009033203125,0.015625,0.0,0.04229736328125,0.0509033203125,0.04010009765625,0.08221435546875,0.07269287109375,0.08544921875,0.03192138671875,0.02191162109375,0.04913330078125,0.05133056640625,0.0491943359375,0.08685302734375,0.0816650390625,0.09283447265625,0.015625,0.00701904296875,0.04144287109375,0.0458984375,0.5804486003955343,3.230663011603248,773.4742148639882,0.47779220779220777,0.13642857142857143,0.10688311688311689,0.08116883116883117,0.050194805194805195,0.03474025974025974,0.024285714285714285,0.01883116883116883,0.012012987012987014,0.009675324675324675,0.009220779220779221,0.007142857142857143,0.0065584415584415585,0.0035064935064935067,0.003961038961038961,0.001948051948051948,0.0011688311688311688,0.0011688311688311688,0.0015584415584415584,0.011753246753246753,1.840909633926315,90.0264499778479,0.1277533039647577,0.0,0.0,0.0,0.0,0.0,0.0,0.0,0.0,0.0,0.0,0.0,0.0,0.0,0.0,0.0,0.0,0.013215859030837005,0.8590308370044053,0.0,0.0,0.0,0.0,0.0,0.0,0.0,0.0,0.0,0.0,0.0,0.0,0.0,0.0,0.0,0.0,0.0,0.45057852032042156
009,142.93836402893066,68.60253882247203,133.42504119873047,16.792862274995723,130.897705078125,28.79537682509261,0.7619071985670408,0.7568238192315263,0.7983530588000437,0.7788408099162862,0.028649330139160156,0.0078125,0.0086669921875,0.01373291015625,0.0355224609375,0.025634765625,0.04449462890625,0.019775390625,0.0,0.03033447265625,0.04248046875,0.02813720703125,0.06573486328125,0.05706787109375,0.064453125,0.0521240234375,0.02789306640625,0.0078125,0.03070068359375,0.0260009765625,0.04266357421875,0.0419921875,0.0184326171875,0.05670166015625,0.01763916015625,0.015625,0.0198974609375,0.033203125,0.0357666015625,0.02056884765625,0.0333251953125,0.0404052734375,0.01409912109375,0.015625,0.015625,0.0462646484375,0.0596923828125,0.04638671875,0.04351806640625,0.04852294921875,0.01324462890625,0.0174560546875,0.0191650390625,0.0413818359375,0.05389404296875,0.0400390625,0.0316162109375,0.0390625,0.0,0.01171875,0.0078125,0.02972412109375,0.04803466796875,0.06500244140625,0.0167236328125,0.016357421875,0.0,0.0078125,0.0,0.015625,0.03375244140625,0.03125,0.0078125,0.0078125,0.02392578125,0.30342978554511707,1.4645068408496773,596.7522382877572,0.39554285714285714,0.1465142857142857,0.10914285714285714,0.08651428571428571,0.061714285714285715,0.047714285714285716,0.032914285714285715,0.024171428571428573,0.017371428571428572,0.011485714285714285,0.011885714285714286,0.009314285714285714,0.006571428571428572,0.005257142857142857,0.0044,0.002857142857142857,0.002742857142857143,0.0024,0.0021142857142857144,0.01937142857142857,2.0604199151234,90.09254602059589,0.38578680203045684,0.0,0.0,0.0,0.0,0.0,0.0,0.0,0.0,0.0,0.0,0.0,0.0,0.0,0.0,0.0,0.0,0.04568527918781726,0.5126903553299492,0.0,0.0,0.0,0.0,0.0,0.0,0.0,0.0,0.0,0.0,0.0,0.0,0.0,0.0,0.0,0.0,0.05583756345177665,1.012062737572829
010,131.02256298065186,67.98276609355894,137.85890674591064,20.765337978387812,127.72889804840088,32.81245894042022,0.680998157684407,0.7106802028662079,0.6183938008109331,0.6657453173018574,0.05796527862548828,0.01910400390625,0.03277587890625,0.0400390625,0.07421875,0.03814697265625,0.08673095703125,0.041748046875,0.015625,0.015625,0.0338134765625,0.03363037109375,0.06512451171875,0.0643310546875,0.13006591796875,0.07318115234375,0.0552978515625,0.073486328125,0.0697021484375,0.08538818359375,0.07061767578125,0.04803466796875,0.1043701171875,0.06854248046875,0.026611328125,0.05999755859375,0.0650634765625,0.0731201171875,0.07958984375,0.0556640625,0.0709228515625,0.09478759765625,0.04705810546875,0.0819091796875,0.06646728515625,0.0703125,0.07012939453125,0.06317138671875,0.0938720703125,0.0501708984375,0.0557861328125,0.06231689453125,0.051513671875,0.07122802734375,0.05816650390625,0.06103515625,0.06475830078125,0.06689453125,0.04901123046875,0.0645751953125,0.08251953125,0.05792236328125,0.0606689453125,0.10174560546875,0.05352783203125,0.02227783203125,0.015625,0.03125,0.03125,0.0078125,0.03125,0.06884765625,0.0399169921875,0.0472412109375,0.044189453125,0.17430415334183944,1.2390606094105818,440.11863755425395,0.489686265868913,0.13879896269428296,0.10247631315785014,0.06618756250105934,0.04996694859234902,0.033305649248292345,0.024746182138680316,0.02055967050288988,0.013729046255021271,0.011203579721690199,0.008779809827285209,0.00827132663265479,0.004966185867557077,0.004339056594179562,0.0035593823624129224,0.002389871014762962,0.001813590060848489,0.0018983372599535586,0.0011864607874709741,0.012135798911845963,1.831072019077024,88.78127037696616,0.37967914438502676,0.0,0.0,0.0,0.0,0.0,0.0,0.0,0.0,0.0,0.0,0.0,0.0,0.0,0.0,0.0,0.0213903743315508,0.05080213903743316,0.5080213903743316,0.0,0.0,0.0,0.0,0.0,0.0,0.0,0.0,0.0,0.0,0.0,0.0,0.0,0.0,0.0,0.0,0.040106951871657755,1.074355685532164
011,134.1588134765625,76.12898371195998,129.51336193084717,20.70120045562621,133.0669460296631,33.33494330762568,0.654712638844232,0.6520578197137582,0.6413420946069185,0.653351154288366,0.056807518005371094,0.0882568359375,0.0482177734375,0.07098388671875,0.05743408203125,0.05792236328125,0.06884765625,0.0382080078125,0.04095458984375,0.033935546875,0.0078125,0.03424072265625,0.0330810546875,0.08856201171875,0.07733154296875,0.046875,0.05303955078125,0.0745849609375,0.02789306640625,0.10650634765625,0.07000732421875,0.063232421875,0.07305908203125,0.02801513671875,0.02392578125,0.04058837890625,0.02203369140625,0.06915283203125,0.09808349609375,0.09100341796875,0.07501220703125,0.052978515625,0.071533203125,0.0791015625,0.0694580078125,0.08148193359375,0.06201171875,0.03948974609375,0.0797119140625,0.0277099609375,0.03826904296875,0.07330322265625,0.04901123046875,0.05523681640625,0.08367919921875,0.0546875,0.10699462890625,0.0264892578125,0.03570556640625,0.07257080078125,0.0518798828125,0.07989501953125,0.0667724609375,0.02618408203125,0.078369140625,0.02362060546875,0.04052734375,0.07733154296875,0.05084228515625,0.06268310546875,0.02276611328125,0.0125732421875,0.07562255859375,0.0482177734375,0.0501708984375,0.1410279660080619,0.6908227367486022,405.87669533352334,0.52007072135785,0.12711456859971712,0.09179632248939179,0.06625176803394625,0.04809052333804809,0.034427157001414424,0.025134370579915133,0.018727015558698726,0.012984441301272985,0.010113154172560113,0.007878359264497878,0.0076944837340876945,0.004596888260254597,0.003974540311173975,0.003705799151343706,0.002347949080622348,0.001768033946251768,0.001669024045261669,0.001173974540311174,0.01048090523338048,1.7679831273086073,90.29715337835869,0.3923766816143498,0.0,0.0,0.0,0.0,0.0,0.0,0.0,0.0,0.0,0.0,0.0,0.0,0.0,0.0,0.0,0.0,0.033632286995515695,0.5560538116591929,0.0,0.0,0.0,0.0,0.0,0.0,0.0,0.0,0.0,0.0,0.0,0.0,0.0,0.0,0.0,0.0,0.017937219730941704,0.8796369792947224
012,153.07771968841553,83.86742956635388,136.4020004272461,17.344463424825715,128.63121032714844,26.297231263716778,0.7080362372175056,0.7410743857960677,0.6800146213257925,0.6944239887989749,0.04300212860107422,0.0,0.09857177734375,0.032958984375,0.04437255859375,0.05145263671875,0.02801513671875,0.0,0.0,0.0,0.12615966796875,0.05645751953125,0.0592041015625,0.07220458984375,0.0238037109375,0.019287109375,0.0203857421875,0.0234375,0.09161376953125,0.0430908203125,0.050048828125,0.05865478515625,0.02685546875,0.015625,0.043701171875,0.0382080078125,0.1070556640625,0.05072021484375,0.06964111328125,0.1077880859375,0.048583984375,0.0234375,0.06744384765625,0.0234375,0.0660400390625,0.03521728515625,0.0592041015625,0.085205078125,0.0689697265625,0.03240966796875,0.06494140625,0.02734375,0.071044921875,0.0234375,0.0498046875,0.0733642578125,0.041015625,0.02703857421875,0.02685546875,0.0,0.02215576171875,0.0078125,0.07421875,0.07403564453125,0.0775146484375,0.02960205078125,0.0335693359375,0.0,0.0,0.01287841796875,0.01763916015625,0.03387451171875,0.04473876953125,0.04107666015625,0.0089111328125,0.20982725516950412,1.2261054382309413,664.3393749196691,0.507086986193501,0.12890440443067877,0.09436190876161478,0.064360333875794,0.051262533466323694,0.03674733581815318,0.0241744973489422,0.019397343692582288,0.013412777573625911,0.009659299700771694,0.00740196335765657,0.006981993805449105,0.00480340175337288,0.004567168880256181,0.0037797259698671847,0.0030710273505170876,0.002021103469998425,0.0013649010446742612,0.0011549162685705286,0.01548637723765027,1.8045278044375257,90.12117923711078,0.33916083916083917,0.0,0.0,0.0,0.0,0.0,0.0,0.0,0.0,0.0,0.0,0.0,0.0,0.0,0.0,0.0,0.0,0.06643356643356643,0.5629370629370629,0.0,0.0,0.0,0.0,0.0,0.0,0.0,0.0,0.0,0.0,0.0,0.0,0.0,0.0,0.0,0.0034965034965034965,0.027972027972027972,0.9901423681103152
013,180.53426933288574,82.14046868254536,129.82773113250732,13.250322981031836,133.08949184417725,15.911812015558004,0.8103784894335838,0.852214277054325,0.8135115669164923,0.854749857849857,0.022891998291015625,0.0,0.027099609375,0.0,0.0181884765625,0.01678466796875,0.0078125,0.00933837890625,0.0,0.0130615234375,0.0447998046875,0.02618408203125,0.0455322265625,0.03741455078125,0.03094482421875,0.05859375,0.0257568359375,0.0,0.0234375,0.0078125,0.0234375,0.0267333984375,0.01318359375,0.0272216796875,0.0,0.0,0.02374267578125,0.0126953125,0.02679443359375,0.030029296875,0.036376953125,0.0234375,0.0,0.0,0.03668212890625,0.021484375,0.0234375,0.0234375,0.02764892578125,0.019287109375,0.0,0.02874755859375,0.05047607421875,0.05426025390625,0.0506591796875,0.04608154296875,0.05145263671875,0.03302001953125,0.0,0.01226806640625,0.054443359375,0.01226806640625,0.02874755859375,0.0341796875,0.0457763671875,0.02569580078125,0.0,0.00958251953125,0.021728515625,0.0,0.02557373046875,0.03167724609375,0.0404052734375,0.0196533203125,0.0,0.3755680884330951,2.051747089059358,425.40929357216214,0.45913088463528196,0.10838075530263838,0.10950163821348509,0.08104845663045353,0.06492498706673565,0.04638730815657872,0.030781169167097777,0.018796344197275393,0.016123469563717883,0.012588377306432143,0.010863942058975685,0.009139506811519227,0.004828418692878082,0.0046559751681324365,0.004569753405759614,0.0029315399206759785,0.0028453181583031556,0.0010346611484738748,0.0010346611484738748,0.010432833247111572,1.9305467358717265,90.06549989501792,0.3356164383561644,0.0,0.0,0.0,0.0,0.0,0.0,0.0,0.0,0.0,0.0,0.0,0.0,0.0,0.0,0.0,0.0,0.0547945205479452,0.5821917808219178,0.0,0.0,0.0,0.0,0.0,0.0,0.0,0.0,0.0,0.0,0.0,0.0,0.0,0.0,0.0,0.0,0.0273972602739726,0.9390500382356252
014,162.15155410766602,78.60023745160856,134.16732215881348,16.12394365878957,133.7948398590088,22.301001200406844,0.7684515295052742,0.819860370996536,0.7754654611758278,0.856035216488517,0.022878646850585938,0.0,0.0078125,0.0078125,0.0,0.015625,0.0234375,0.015625,0.0078125,0.0,0.01318359375,0.0189208984375,0.01141357421875,0.015625,0.044921875,0.0457763671875,0.04058837890625,0.0390625,0.06109619140625,0.0078125,0.015625,0.015625,0.046875,0.03759765625,0.0072021484375,0.02557373046875,0.04144287109375,0.0347900390625,0.02490234375,0.0362548828125,0.07122802734375,0.0225830078125,0.015625,0.015625,0.03466796875,0.03253173828125,0.02972412109375,0.0234375,0.05462646484375,0.0323486328125,0.01812744140625,0.0078125,0.0279541015625,0.01629638671875,0.02069091796875,0.02581787109375,0.0234375,0.01885986328125,0.015869140625,0.02581787109375,0.02337646484375,0.0078125,0.034423828125,0.0234375,0.02752685546875,0.029296875,0.00933837890625,0.0,0.015625,0.019775390625,0.015625,0.0234375,0.0234375,0.0078125,0.0078125,0.41354450187101854,1.3700316444971035,689.9143915671875,0.46125806150107485,0.1456210860828115,0.10122441349658846,0.06944574259276567,0.052060940274792036,0.0356108047481073,0.028507337134311618,0.018880269184035892,0.01364613515281802,0.010655201420693523,0.008318534442471258,0.009066267875502384,0.006916534255537901,0.006075334143377886,0.004486400598186746,0.0031778670903822785,0.0014954668660622488,0.0015889335451911393,0.001215066828675577,0.020749602766613702,1.9095066068710442,89.70808098172148,0.41904761904761906,0.0,0.0,0.0,0.0,0.0,0.0,0.0,0.0,0.0,0.0,0.0,0.0,0.0,0.0,0.0,0.0,0.009523809523809525,0.5523809523809524,0.0,0.0,0.0,0.0,0.0,0.0,0.0,0.0,0.0,0.0,0.0,0.0,0.0,0.0,0.0,0.0,0.01904761904761905,0.8120905133459452
015,177.18010425567627,85.2032063042683,133.65159797668457,15.619459762487658,132.82879543304443,14.46817978412785,0.8343604126356938,0.8614589983326894,0.7826400627133543,0.8360788256744695,0.02842235565185547,0.02569580078125,0.0323486328125,0.0,0.0078125,0.0078125,0.0,0.0,0.015625,0.0257568359375,0.03570556640625,0.025634765625,0.01751708984375,0.02410888671875,0.02984619140625,0.02886962890625,0.052490234375,0.0234375,0.0352783203125,0.033447265625,0.0240478515625,0.03289794921875,0.069091796875,0.04388427734375,0.045166015625,0.02978515625,0.0460205078125,0.03125,0.02777099609375,0.03143310546875,0.04620361328125,0.021728515625,0.0250244140625,0.04193115234375,0.07220458984375,0.03125,0.03070068359375,0.0179443359375,0.04498291015625,0.015625,0.0443115234375,0.04412841796875,0.0509033203125,0.015625,0.0185546875,0.03009033203125,0.066650390625,0.0650634765625,0.04266357421875,0.0335693359375,0.03582763671875,0.0,0.013671875,0.0078125,0.015625,0.0078125,0.0078125,0.0323486328125,0.04766845703125,0.015625,0.018310546875,0.01953125,0.01947021484375,0.0078125,0.0078125,0.286424922312118,1.7165217462302558,447.312057929308,0.49019607843137253,0.12601831563570987,0.10023035001966403,0.07315017697623462,0.04938479689870218,0.035170515197483,0.028147648744311478,0.020394404180010112,0.015225574470475869,0.010562391145569975,0.009551098376313277,0.007135232316422271,0.006517220068543177,0.005168829709534244,0.0037642564188999383,0.001854036743637283,0.0013483903590089331,0.0016854879487611663,0.0014045732906343054,0.013090623068711725,1.8483661175102513,89.28734538057473,0.425,0.0,0.0,0.0,0.0,0.0,0.0,0.0,0.0,0.0,0.0,0.0,0.0,0.0,0.0,0.0,0.0,0.06875,0.48125,0.0,0.0,0.0,0.0,0.0,0.0,0.0,0.0,0.0,0.0,0.0,0.0,0.0,0.0,0.0,0.0,0.025,0.9919140222340109
016,184.0122537612915,79.82107991050917,132.73995685577393,19.25386508275597,140.0228090286255,26.772955189269513,0.7768549845353511,0.8240972931136045,0.7930210152905891,0.852026608538734,0.0230255126953125,0.0,0.0272216796875,0.0,0.0234375,0.01422119140625,0.0234375,0.0494384765625,0.0,0.0,0.0234375,0.0,0.0234375,0.0078125,0.03887939453125,0.06365966796875,0.0194091796875,0.015625,0.03515625,0.00921630859375,0.0299072265625,0.0177001953125,0.03411865234375,0.04779052734375,0.01116943359375,0.015625,0.02642822265625,0.0308837890625,0.04864501953125,0.04095458984375,0.03387451171875,0.04705810546875,0.0089111328125,0.0078125,0.018798828125,0.01666259765625,0.0234375,0.033447265625,0.03948974609375,0.0509033203125,0.015625,0.0078125,0.02935791015625,0.0391845703125,0.05596923828125,0.01617431640625,0.0234375,0.0234375,0.0,0.015625,0.0357666015625,0.015625,0.0145263671875,0.022705078125,0.04656982421875,0.0478515625,0.0230712890625,0.0,0.01812744140625,0.02197265625,0.0,0.0,0.00732421875,0.03546142578125,0.0,0.5130905782354476,1.8004498166925738,463.2505865589873,0.5593161200279134,0.12037683182135381,0.08595022098162364,0.05280297743661316,0.04954640614096301,0.030821121190974646,0.017096999302163293,0.015585019772040009,0.013956734124214934,0.009304489416143289,0.009071877180739707,0.0063968364735985115,0.005001163061177018,0.0036054896487555245,0.0025587345894394044,0.0013956734124214933,0.0009304489416143289,0.0015119795301232846,0.0015119795301232846,0.013258897418004187,1.669402330965431,89.97479352887171,0.4067796610169492,0.0,0.0,0.0,0.0,0.0,0.0,0.0,0.0,0.0,0.0,0.0,0.0,0.0,0.0,0.0,0.0,0.0423728813559322,0.5084745762711864,0.0,0.0,0.0,0.0,0.0,0.0,0.0,0.0,0.0,0.0,0.0,0.0,0.0,0.0,0.0,0.0,0.0423728813559322,0.9776956297093443
017,181.03603172302246,62.50993663876657,131.8470048904419,13.366127367318057,133.95162391662598,18.785243114789722,0.866504032521771,0.8482582224227283,0.8356083747539703,0.8174019750134837,0.03387451171875,0.02752685546875,0.04437255859375,0.03167724609375,0.02386474609375,0.01361083984375,0.01995849609375,0.0228271484375,0.04547119140625,0.0234375,0.03948974609375,0.04156494140625,0.02947998046875,0.0302734375,0.0438232421875,0.0357666015625,0.04937744140625,0.015625,0.059326171875,0.0504150390625,0.07427978515625,0.07342529296875,0.06549072265625,0.04150390625,0.03765869140625,0.0289306640625,0.05084228515625,0.07794189453125,0.08526611328125,0.0355224609375,0.09375,0.0369873046875,0.03533935546875,0.01806640625,0.07891845703125,0.05218505859375,0.0189208984375,0.015625,0.0078125,0.015625,0.01678466796875,0.015625,0.04400634765625,0.03515625,0.0255126953125,0.019775390625,0.0277099609375,0.03277587890625,0.018310546875,0.02392578125,0.03057861328125,0.0250244140625,0.0169677734375,0.01629638671875,0.02496337890625,0.032958984375,0.03253173828125,0.0037841796875,0.0191650390625,0.01385498046875,0.0113525390625,0.01947021484375,0.01373291015625,0.02008056640625,0.03564453125,0.15795580980343313,0.5512219781307163,487.9456254399865,0.43240758795509626,0.1353241037354801,0.10978021671912867,0.07487673751357976,0.05521045154461127,0.04565586785147219,0.03306498788267083,0.02284186189030335,0.015320761023983954,0.01281372740187749,0.010000278559291345,0.007743948299395526,0.006072592551324549,0.0057661773308448705,0.0053483383938271265,0.004150533441042926,0.0024513217638374328,0.0023398980472993675,0.002562745480375498,0.01626786261455751,1.9958993563568572,168.99417477747647,0.535031847133758,0.0,0.0,0.0,0.0,0.0,0.0,0.0,0.0,0.0,0.0,0.0,0.0,0.0,0.0,0.0,0.0,0.01910828025477707,0.2484076433121019,0.0,0.0,0.0,0.0,0.0,0.0,0.0,0.01910828025477707,0.11464968152866242,0.0,0.0,0.0,0.0,0.0,0.0,0.0,0.06369426751592357,1.2555341390682149
018,159.81071376800537,86.64407508126715,132.52484512329102,14.0134716862487,131.12345600128174,21.291630866840904,0.7850355773850012,0.7703950285014652,0.802161658513811,0.771592456007568,0.03217506408691406,0.01055908203125,0.01513671875,0.00579833984375,0.03179931640625,0.03546142578125,0.01934814453125,0.0078125,0.0089111328125,0.01080322265625,0.031005859375,0.0078125,0.049072265625,0.04266357421875,0.025634765625,0.0234375,0.02044677734375,0.02587890625,0.04296875,0.03875732421875,0.065673828125,0.0452880859375,0.02691650390625,0.015625,0.0186767578125,0.052001953125,0.041259765625,0.0595703125,0.0596923828125,0.08258056640625,0.0333251953125,0.0,0.016357421875,0.0511474609375,0.0369873046875,0.0194091796875,0.01739501953125,0.06219482421875,0.03082275390625,0.01422119140625,0.00543212890625,0.029052734375,0.03826904296875,0.03985595703125,0.076416015625,0.0811767578125,0.0389404296875,0.03125,0.02734375,0.029296875,0.02423095703125,0.015625,0.0438232421875,0.08935546875,0.03125,0.03314208984375,0.0201416015625,0.01953125,0.015625,0.015625,0.026123046875,0.05291748046875,0.015625,0.0399169921875,0.01678466796875,0.26763022845053847,1.1593872770182752,772.2494459574904,0.41379464285714285,0.14866071428571428,0.11558035714285714,0.07910714285714286,0.054151785714285715,0.04566964285714286,0.031651785714285716,0.02138392857142857,0.0178125,0.013080357142857144,0.009732142857142858,0.0077232142857142855,0.006160714285714286,0.004642857142857143,0.004241071428571428,0.0029464285714285716,0.0029910714285714284,0.0017410714285714286,0.0014732142857142858,0.017455357142857144,2.005413071224276,179.1785705004215,0.47706422018348627,0.0,0.0,0.0,0.0,0.0,0.0,0.0,0.0,0.0,0.0,0.0,0.0,0.0,0.0,0.0,0.0,0.03211009174311927,0.44495412844036697,0.0045871559633027525,0.0,0.0,0.0,0.0,0.0,0.0,0.0,0.0,0.0,0.0,0.0,0.0,0.0,0.0,0.0,0.04128440366972477,0.9800913441425566
019,150.2968397140503,83.63804933471302,132.08980560302734,12.000914903810209,132.15135955810547,20.819398565432508,0.7691068308968885,0.7589043378078468,0.7624280322288457,0.7326598191915358,0.04660987854003906,0.054443359375,0.0279541015625,0.0467529296875,0.03515625,0.071044921875,0.03448486328125,0.04962158203125,0.04449462890625,0.053466796875,0.0322265625,0.02880859375,0.02301025390625,0.0467529296875,0.02337646484375,0.02850341796875,0.0162353515625,0.06365966796875,0.0469970703125,0.04052734375,0.045654296875,0.0455322265625,0.04754638671875,0.03955078125,0.03076171875,0.08538818359375,0.10107421875,0.0491943359375,0.0562744140625,0.0830078125,0.0306396484375,0.07073974609375,0.0523681640625,0.0506591796875,0.06982421875,0.02886962890625,0.0364990234375,0.06805419921875,0.03546142578125,0.04937744140625,0.052001953125,0.01702880859375,0.0665283203125,0.0706787109375,0.066162109375,0.05023193359375,0.077880859375,0.0257568359375,0.04815673828125,0.0123291015625,0.0841064453125,0.06207275390625,0.034912109375,0.05987548828125,0.0643310546875,0.03515625,0.025390625,0.01165771484375,0.05224609375,0.02972412109375,0.0369873046875,0.0440673828125,0.03790283203125,0.0328369140625,0.041015625,0.16365679752405932,0.8175404734142847,364.3637456553831,0.5679392039366642,0.10278185642287392,0.08754315647446327,0.06166911385372435,0.04335489503551728,0.03355291876661772,0.02285804992261598,0.01712369538473749,0.01091313147347117,0.009563871582205643,0.007143140600817493,0.00621056391126632,0.004047779673796579,0.0035120441287352674,0.003313623556490337,0.002162784237469741,0.0011706813762450891,0.00111115520457161,0.001190523433469582,0.012837811024246994,1.6605202974923075,179.4072455648859,0.41823899371069184,0.0,0.0,0.0,0.0,0.0,0.0,0.0,0.0,0.0,0.0,0.0,0.0,0.0,0.0,0.0,0.0,0.0440251572327044,0.4276729559748428,0.0,0.0,0.0,0.0,0.0,0.0,0.0,0.0,0.0,0.0,0.0,0.0,0.0,0.0,0.0,0.0,0.11006289308176101,1.1082102403891723
020,154.32471370697021,84.41515883343781,132.06336402893066,15.194271445172799,132.2422227859497,13.853680188393499,0.8389291342399142,0.8716172636807978,0.8623012955341328,0.9003620685062611,0.018535614013671875,0.0,0.0,0.015625,0.0,0.0,0.0078125,0.00921630859375,0.0107421875,0.0281982421875,0.02996826171875,0.0482177734375,0.0220947265625,0.015625,0.04608154296875,0.02972412109375,0.0220947265625,0.0262451171875,0.0078125,0.015625,0.03814697265625,0.0,0.0234375,0.01971435546875,0.0078125,0.02728271484375,0.01898193359375,0.03515625,0.0289306640625,0.0,0.015625,0.0078125,0.0,0.0234375,0.00872802734375,0.0367431640625,0.02685546875,0.0,0.015625,0.0078125,0.0,0.04925537109375,0.02581787109375,0.0565185546875,0.044921875,0.015625,0.01885986328125,0.01751708984375,0.0078125,0.03338623046875,0.02423095703125,0.03955078125,0.0,0.0,0.015625,0.02435302734375,0.0,0.0,0.0308837890625,0.06427001953125,0.0,0.0,0.01702880859375,0.0234375,0.0,0.2692211068906112,1.296396110891469,540.6590295261356,0.37436507936507935,0.14785714285714285,0.1184920634920635,0.08658730158730159,0.0634126984126984,0.05714285714285714,0.03484126984126984,0.02857142857142857,0.016746031746031745,0.013095238095238096,0.009285714285714286,0.007698412698412698,0.005158730158730159,0.005079365079365079,0.005555555555555556,0.0033333333333333335,0.005079365079365079,0.0014285714285714286,0.001984126984126984,0.014285714285714285,2.089295893882348,42.85508673285384,0.37623762376237624,0.0,0.0,0.0,0.0,0.0,0.0,0.0,0.16831683168316833,0.0,0.0,0.0,0.0,0.0,0.0,0.0,0.0,0.009900990099009901,0.40594059405940597,0.0,0.0,0.0,0.0,0.0,0.0,0.0,0.0,0.0,0.0,0.0,0.0,0.0,0.0,0.0,0.0,0.039603960396039604,1.2072538525054723
021,124.50167942047119,74.19745907251793,142.14415073394775,21.79436091064529,139.94404983520508,27.914392144537736,0.6128621614278948,0.6102599331282466,0.5924950013354551,0.599248971975837,0.08869647979736328,0.0384521484375,0.08575439453125,0.0816650390625,0.04522705078125,0.015625,0.02569580078125,0.06060791015625,0.05548095703125,0.09454345703125,0.121826171875,0.17608642578125,0.11456298828125,0.0570068359375,0.2049560546875,0.21661376953125,0.039794921875,0.09442138671875,0.1871337890625,0.153076171875,0.1541748046875,0.06768798828125,0.215576171875,0.21331787109375,0.02886962890625,0.061767578125,0.08123779296875,0.10198974609375,0.08148193359375,0.04443359375,0.02447509765625,0.0234375,0.03131103515625,0.1092529296875,0.1456298828125,0.12603759765625,0.1318359375,0.08770751953125,0.13592529296875,0.12335205078125,0.131103515625,0.06146240234375,0.08782958984375,0.0992431640625,0.119384765625,0.0645751953125,0.08203125,0.111572265625,0.0692138671875,0.05291748046875,0.13641357421875,0.0882568359375,0.10498046875,0.0078125,0.0885009765625,0.118408203125,0.0191650390625,0.04931640625,0.01544189453125,0.07421875,0.0965576171875,0.01080322265625,0.045166015625,0.0394287109375,0.04473876953125,0.08284304326534003,0.6383891361149855,697.9586171038543,0.2518652917999018,0.18797231104564127,0.15358866573252375,0.10495934083042911,0.07447993389142385,0.05531802776081151,0.03958730044671194,0.029551252110803724,0.01944933472257153,0.014886405825219464,0.012569012802548534,0.009473167343321477,0.007107869555324016,0.006006059952813806,0.00547311943855615,0.003700643121474509,0.002952131163247464,0.0018323572737398053,0.0018563096564030708,0.017371465526533254,2.235628410453198,0.3099715726801773,0.15257879656160458,0.0494269340974212,0.042263610315186245,0.020773638968481375,0.02650429799426934,0.025071633237822348,0.01504297994269341,0.01504297994269341,0.017191977077363897,0.030802292263610316,0.020773638968481375,0.01790830945558739,0.007879656160458453,0.012177650429799427,0.008595988538681949,0.008595988538681949,0.012177650429799427,0.042263610315186245,0.08237822349570201,0.012893982808022923,0.009312320916905445,0.01002865329512894,0.015759312320916905,0.007879656160458453,0.008595988538681949,0.0164756446991404,0.03151862464183381,0.030802292263610316,0.0035816618911174787,0.02650429799426934,0.02650429799426934,0.012177650429799427,0.032234957020057305,0.036532951289398284,0.054441260744985676,0.05730659025787966,3.2551417618906884
022,128.0190134048462,68.26585929084573,148.01823711395264,30.788121547638294,145.90560722351074,36.93812309025886,0.531700460780605,0.5731966970450588,0.4923441646417797,0.5075020514826634,0.1319122314453125,0.1158447265625,0.16351318359375,0.07586669921875,0.01953125,0.0784912109375,0.13525390625,0.153564453125,0.0751953125,0.1759033203125,0.07330322265625,0.14434814453125,0.0743408203125,0.10565185546875,0.18408203125,0.24102783203125,0.12579345703125,0.14166259765625,0.17181396484375,0.1531982421875,0.184326171875,0.22296142578125,0.21484375,0.15435791015625,0.150634765625,0.06402587890625,0.1690673828125,0.21905517578125,0.13983154296875,0.173095703125,0.1893310546875,0.20977783203125,0.08984375,0.0665283203125,0.11956787109375,0.12750244140625,0.13165283203125,0.14337158203125,0.1226806640625,0.203857421875,0.11822509765625,0.09759521484375,0.14886474609375,0.1021728515625,0.1424560546875,0.10205078125,0.21319580078125,0.150390625,0.275390625,0.1165771484375,0.08837890625,0.10791015625,0.09210205078125,0.072998046875,0.12176513671875,0.15179443359375,0.1500244140625,0.12164306640625,0.11724853515625,0.09405517578125,0.0638427734375,0.06768798828125,0.05987548828125,0.09716796875,0.06427001953125,0.06851626384099631,0.6248446714400406,627.4833560932001,0.23143434811811917,0.19987930323187758,0.16191437348489757,0.10736898093059254,0.07734480748183582,0.05672407150431133,0.03904574543892368,0.02836715002199136,0.020013842623688615,0.015322352427743892,0.012840226800819646,0.009031800529838355,0.0064985322045571555,0.0056120587663699255,0.005080174703457587,0.0033890561444542564,0.0028912672137798886,0.0018309086011790096,0.0017149851515699103,0.013696014619992704,2.2301082267491634,104.62003856000804,0.06225831399845321,0.02088167053364269,0.01160092807424594,0.01082753286929621,0.01817478731631864,0.020494972931167827,0.024361948955916472,0.02745552977571539,0.0460170146945089,0.07037896365042537,0.023588553750966745,0.015467904098994586,0.016627996906419182,0.015467904098994586,0.013534416086620264,0.022041763341067284,0.0317092034029389,0.054137664346481054,0.061871616395978345,0.020108275328692964,0.016627996906419182,0.014694508894044857,0.008120649651972157,0.02242846094354215,0.030162412993039442,0.033255993812838364,0.027842227378190254,0.06535189481825213,0.038669760247486466,0.033255993812838364,0.018561484918793503,0.020494972931167827,0.01082753286929621,0.014694508894044857,0.023588553750966745,0.03441608662026296,3.4295225340627393
023,121.67525386810303,73.73117853369564,145.6006155014038,25.510011853543844,142.17175197601318,35.547276881741034,0.5950999514147313,0.5920742008947771,0.5983976699771537,0.5913180727512798,0.10870838165283203,0.01995849609375,0.064453125,0.054443359375,0.1021728515625,0.0245361328125,0.0379638671875,0.05157470703125,0.07611083984375,0.03741455078125,0.1094970703125,0.1767578125,0.186767578125,0.07635498046875,0.08892822265625,0.08306884765625,0.15234375,0.0928955078125,0.06817626953125,0.08978271484375,0.12255859375,0.11517333984375,0.14910888671875,0.14361572265625,0.04833984375,0.11895751953125,0.16522216796875,0.1400146484375,0.1485595703125,0.22344970703125,0.2252197265625,0.10186767578125,0.05670166015625,0.13397216796875,0.14501953125,0.1470947265625,0.11566162109375,0.16680908203125,0.1572265625,0.1605224609375,0.0994873046875,0.06689453125,0.21832275390625,0.1673583984375,0.172607421875,0.1385498046875,0.07965087890625,0.24114990234375,0.07110595703125,0.0357666015625,0.15216064453125,0.1458740234375,0.12628173828125,0.07354736328125,0.06854248046875,0.11474609375,0.06634521484375,0.05267333984375,0.06842041015625,0.0528564453125,0.0772705078125,0.030029296875,0.06866455078125,0.06243896484375,0.1282958984375,0.0754312759274304,0.46177420420719795,780.6544255859786,0.21765961950869314,0.18886045890896372,0.15602536608712458,0.11004703218621432,0.07866156154221392,0.062191092416865316,0.04157884564054892,0.03243472098224558,0.020814733683697042,0.016111515062264724,0.013994606485103407,0.0098298189582969,0.007547239275096871,0.006392143507993631,0.006346123756316211,0.004399488260361347,0.003548122854329078,0.0020110631483032516,0.0023101915342064816,0.01923625620116154,2.295539337582246,160.7433325159988,0.05453563714902808,0.0367170626349892,0.021058315334773217,0.03401727861771058,0.0183585313174946,0.03131749460043196,0.018898488120950324,0.011879049676025918,0.022138228941684664,0.058855291576673865,0.02267818574514039,0.01673866090712743,0.008639308855291577,0.018898488120950324,0.0183585313174946,0.021058315334773217,0.021058315334773217,0.02591792656587473,0.05777537796976242,0.02591792656587473,0.012419006479481642,0.01079913606911447,0.011879049676025918,0.008639308855291577,0.011879049676025918,0.0183585313174946,0.03779697624190065,0.09665226781857451,0.03725701943844492,0.028077753779697623,0.04049676025917927,0.04535637149028078,0.030777537796976243,0.01565874730021598,0.023758099352051837,0.025377969762419007,3.4174673026525957
024,127.40704250335693,66.01581015045696,147.53374862670898,27.67239101458407,143.54842281341553,36.7805693159962,0.524994440312843,0.5245787359882361,0.5079092094152079,0.5070553015927862,0.12007522583007812,0.03839111328125,0.05517578125,0.0078125,0.044189453125,0.09197998046875,0.14678955078125,0.11383056640625,0.03118896484375,0.06201171875,0.18194580078125,0.15277099609375,0.15167236328125,0.14691162109375,0.20379638671875,0.17706298828125,0.0849609375,0.031982421875,0.1583251953125,0.1622314453125,0.126220703125,0.15716552734375,0.18963623046875,0.1578369140625,0.07708740234375,0.07550048828125,0.12127685546875,0.10662841796875,0.17474365234375,0.1845703125,0.20196533203125,0.14019775390625,0.0880126953125,0.05682373046875,0.155029296875,0.15673828125,0.106201171875,0.1756591796875,0.15948486328125,0.12506103515625,0.06646728515625,0.064208984375,0.23699951171875,0.1181640625,0.253173828125,0.1317138671875,0.1318359375,0.121337890625,0.06353759765625,0.045654296875,0.118896484375,0.2276611328125,0.1895751953125,0.1361083984375,0.11358642578125,0.12115478515625,0.05987548828125,0.0,0.00189208984375,0.15020751953125,0.1092529296875,0.13604736328125,0.12115478515625,0.12322998046875,0.064208984375,0.07063100449847085,0.771196678067419,662.5613411794042,0.23651186679749786,0.19914065374708695,0.15620400466086104,0.10629139580522506,0.07751364528394455,0.05755166809763277,0.03901171347970073,0.029571170121427695,0.019754998160186433,0.015350944437630321,0.012284588495032504,0.009084079479946033,0.006849472586777873,0.0054236170734698885,0.005047988470501656,0.003633631791978413,0.002874708696185453,0.0017439899423525084,0.0019126395191953881,0.01424322335336686,2.232186517263939,86.92745508867074,0.06597845601436265,0.02423698384201077,0.018850987432675045,0.0381508078994614,0.02378815080789946,0.017953321364452424,0.013016157989228007,0.01481149012567325,0.019299820466786355,0.06508078994614004,0.0210951526032316,0.018402154398563735,0.01526032315978456,0.017504488330341114,0.03500897666068223,0.04039497307001795,0.05655296229802514,0.03007181328545781,0.07360861759425494,0.02199281867145422,0.025134649910233394,0.02872531418312388,0.037253141831238776,0.04847396768402154,0.036355475763016155,0.018850987432675045,0.012118491921005385,0.042639138240574505,0.026929982046678635,0.017055655296229804,0.010323159784560144,0.00718132854578097,0.013016157989228007,0.00807899461400359,0.009874326750448833,0.026929982046678635,3.4183711423070804
025,117.98131847381592,53.16025743889656,147.269944190979,15.863267525188881,136.98457145690918,27.185579296045834,0.8172201679086704,0.8261548935560027,0.8393762284842881,0.835358585848734,0.03429603576660156,0.0,0.0,0.0,0.0,0.0,0.0096435546875,0.005126953125,0.0,0.0,0.0909423828125,0.05804443359375,0.091552734375,0.0474853515625,0.065185546875,0.04473876953125,0.01666259765625,0.0,0.06109619140625,0.0849609375,0.10345458984375,0.1177978515625,0.08990478515625,0.0078125,0.0078125,0.03070068359375,0.05291748046875,0.0738525390625,0.02783203125,0.074462890625,0.122802734375,0.051513671875,0.02197265625,0.02764892578125,0.02655029296875,0.0260009765625,0.04620361328125,0.04150390625,0.0531005859375,0.0604248046875,0.01202392578125,0.0,0.0250244140625,0.02886962890625,0.0399169921875,0.095458984375,0.036376953125,0.04412841796875,0.0081787109375,0.0,0.0,0.040771484375,0.0335693359375,0.03070068359375,0.050048828125,0.02569580078125,0.00909423828125,0.0,0.0,0.00189208984375,0.02783203125,0.01043701171875,0.025390625,0.00982666015625,0.0,0.09199967362247376,0.503833023953616,789.8230166563302,0.2048458904109589,0.1821404109589041,0.14770547945205478,0.1034931506849315,0.07191780821917808,0.06727739726027397,0.04851027397260274,0.03688356164383562,0.021232876712328767,0.018116438356164385,0.013938356164383561,0.012363013698630137,0.010136986301369864,0.010102739726027397,0.011969178082191782,0.006678082191780822,0.005102739726027397,0.001678082191780822,0.004041095890410959,0.021866438356164385,2.3828229735595214,35.82244410190504,0.08933002481389578,0.009925558312655087,0.007444168734491315,0.0,0.019851116625310174,0.007444168734491315,0.007444168734491315,0.01488833746898263,0.022332506203473945,0.2630272952853598,0.07444168734491315,0.034739454094292806,0.0,0.0024813895781637717,0.009925558312655087,0.0,0.0,0.034739454094292806,0.05955334987593052,0.0,0.0024813895781637717,0.0,0.0024813895781637717,0.0,0.0,0.022332506203473945,0.05707196029776675,0.17121588089330025,0.004962779156327543,0.0024813895781637717,0.01488833746898263,0.017369727047146403,0.019851116625310174,0.01488833746898263,0.004962779156327543,0.007444168734491315,2.560861624539833
026,134.1401424407959,65.33824660729293,136.96345615386963,20.4702430862255,137.03390884399414,37.03832000763407,0.724675506214142,0.7303638575902084,0.731873362922892,0.7320353008721594,0.060097694396972656,0.0,0.00146484375,0.04901123046875,0.02685546875,0.0528564453125,0.0238037109375,0.0201416015625,0.02764892578125,0.0452880859375,0.05810546875,0.0504150390625,0.09918212890625,0.06494140625,0.09063720703125,0.07666015625,0.01739501953125,0.03521728515625,0.10357666015625,0.0972900390625,0.048583984375,0.1492919921875,0.08538818359375,0.08056640625,0.033447265625,0.0498046875,0.052490234375,0.03656005859375,0.09814453125,0.12677001953125,0.10333251953125,0.09722900390625,0.04815673828125,0.046875,0.03253173828125,0.0535888671875,0.06536865234375,0.05621337890625,0.1251220703125,0.02520751953125,0.0399169921875,0.028076171875,0.12139892578125,0.078125,0.04248046875,0.10369873046875,0.07177734375,0.0323486328125,0.019287109375,0.04937744140625,0.07916259765625,0.0863037109375,0.0887451171875,0.0687255859375,0.10052490234375,0.065185546875,0.05596923828125,0.03173828125,0.04705810546875,0.03607177734375,0.048095703125,0.0751953125,0.06097412109375,0.050048828125,0.01080322265625,0.09337120970328225,0.5459198489654321,748.4263314715321,0.20362462760675273,0.18903674280039723,0.1543296921549156,0.10465739821251241,0.07903674280039721,0.0640317775571003,0.047358490566037734,0.0341708043694141,0.021648460774577955,0.017189672293942405,0.01458788480635551,0.010983118172790466,0.008341608738828202,0.00759682224428997,0.008053624627606754,0.005273088381330685,0.0044885799404170805,0.002015888778550149,0.002929493545183714,0.0206454816285998,2.341465896081411,169.06644792011548,0.09795479009687837,0.030139935414424113,0.015069967707212056,0.01829924650161464,0.03552206673842842,0.02583423035522067,0.01829924650161464,0.012917115177610334,0.0032292787944025836,0.07534983853606028,0.01829924650161464,0.011840688912809472,0.0,0.03229278794402583,0.02798708288482239,0.00968783638320775,0.007534983853606028,0.021528525296017224,0.07104413347685684,0.016146393972012917,0.00968783638320775,0.005382131324004306,0.00968783638320775,0.015069967707212056,0.008611410118406888,0.00968783638320775,0.04090419806243272,0.07319698600645856,0.02583423035522067,0.04951560818083961,0.04628632938643703,0.031216361679224973,0.023681377825618945,0.04413347685683531,0.012917115177610334,0.04520990312163617,3.286300244143945
027,157.3003339767456,61.2438108074903,142.29605388641357,24.454047949424602,138.74989223480225,30.326760380554642,0.7581643503984884,0.7382314672241729,0.7718762979022541,0.7687695040370502,0.04746532440185547,0.03033447265625,0.01165771484375,0.05859375,0.02374267578125,0.03729248046875,0.02899169921875,0.05755615234375,0.0360107421875,0.00933837890625,0.066162109375,0.0565185546875,0.1181640625,0.04083251953125,0.10394287109375,0.05291748046875,0.0634765625,0.044189453125,0.06292724609375,0.03558349609375,0.06561279296875,0.03607177734375,0.10498046875,0.05126953125,0.0496826171875,0.0120849609375,0.06195068359375,0.078857421875,0.030517578125,0.0262451171875,0.050048828125,0.05511474609375,0.05023193359375,0.04052734375,0.06103515625,0.007080078125,0.07904052734375,0.03790283203125,0.04913330078125,0.04742431640625,0.04522705078125,0.024658203125,0.0283203125,0.0498046875,0.0,0.04632568359375,0.07257080078125,0.0921630859375,0.01416015625,0.0494384765625,0.0977783203125,0.078125,0.0338134765625,0.0321044921875,0.1005859375,0.13983154296875,0.03857421875,0.01153564453125,0.04656982421875,0.01275634765625,0.0078125,0.0078125,0.0185546875,0.0377197265625,0.01849365234375,0.11264441551667495,0.6339710567659487,798.0347870839385,0.24650887573964497,0.17468934911242603,0.1515828402366864,0.09782544378698226,0.07066568047337278,0.05900887573964497,0.043032544378698225,0.033313609467455624,0.02116863905325444,0.015828402366863906,0.015680473372781067,0.009511834319526628,0.008535502958579883,0.006997041420118344,0.0075,0.005384615384615384,0.003920118343195267,0.002026627218934911,0.003269230769230769,0.023550295857988165,2.3044785598121686,93.74907255330807,0.08888888888888889,0.0017094017094017094,0.005128205128205128,0.0,0.010256410256410256,0.017094017094017096,0.010256410256410256,0.042735042735042736,0.02735042735042735,0.08717948717948718,0.06495726495726496,0.02564102564102564,0.022222222222222223,0.017094017094017096,0.008547008547008548,0.03247863247863248,0.018803418803418803,0.020512820512820513,0.0905982905982906,0.010256410256410256,0.003418803418803419,0.003418803418803419,0.017094017094017096,0.015384615384615385,0.046153846153846156,0.02905982905982906,0.07179487179487179,0.13675213675213677,0.011965811965811967,0.0,0.003418803418803419,0.0017094017094017094,0.006837606837606838,0.023931623931623933,0.005128205128205128,0.022222222222222223,3.055994471337205
028,125.0975751876831,65.65488168847303,140.4251766204834,22.988650870278033,127.78744316101074,32.621295278775,0.7300478089558183,0.7344366465649889,0.7624059223763723,0.760003388652482,0.05179023742675781,0.00543212890625,0.01904296875,0.00897216796875,0.016845703125,0.0469970703125,0.0223388671875,0.0330810546875,0.0,0.03472900390625,0.02435302734375,0.058349609375,0.0361328125,0.07269287109375,0.09814453125,0.103271484375,0.0513916015625,0.03143310546875,0.0574951171875,0.03857421875,0.0709228515625,0.09637451171875,0.1173095703125,0.1131591796875,0.03076171875,0.00927734375,0.0389404296875,0.04547119140625,0.14501953125,0.11260986328125,0.07659912109375,0.081787109375,0.05267333984375,0.01123046875,0.04571533203125,0.09002685546875,0.1043701171875,0.094970703125,0.0789794921875,0.06158447265625,0.0311279296875,0.01434326171875,0.07904052734375,0.06158447265625,0.1103515625,0.0921630859375,0.10650634765625,0.0684814453125,0.0137939453125,0.01416015625,0.05401611328125,0.047607421875,0.062744140625,0.0484619140625,0.0726318359375,0.03070068359375,0.01123046875,0.0098876953125,0.00189208984375,0.0,0.055419921875,0.0574951171875,0.03387451171875,0.0,0.0,0.09788650887202707,0.6284648630111825,850.7591853661919,0.2236732060503238,0.18361251164902387,0.14714808000191162,0.09993070324261033,0.07484049798083586,0.06053908098162441,0.043525532270783054,0.0340151497048914,0.022163014647900787,0.018196372673182155,0.0164161628712753,0.010991899448015484,0.008590408372959928,0.007574852445697627,0.008255872302802935,0.006272551315443619,0.003990537408301274,0.0024373342254295203,0.00293913833066501,0.024887094076322013,2.3429524100675962,132.12467946362054,0.06821480406386067,0.011611030478955007,0.018867924528301886,0.008708272859216255,0.008708272859216255,0.00725689404934688,0.01451378809869376,0.005805515239477504,0.01451378809869376,0.04499274310595065,0.03193033381712627,0.036284470246734396,0.008708272859216255,0.001451378809869376,0.002902757619738752,0.005805515239477504,0.011611030478955007,0.027576197387518143,0.0899854862119013,0.0043541364296081275,0.002902757619738752,0.018867924528301886,0.06095791001451379,0.03918722786647315,0.026124818577648767,0.05079825834542816,0.0420899854862119,0.10449927431059507,0.05805515239477504,0.04644412191582003,0.047895500725689405,0.013062409288824383,0.030478955007256895,0.010159651669085631,0.00725689404934688,0.01741654571843251,3.214156836826414
029,137.92466735839844,67.94431075898389,142.9924430847168,24.197285215341154,137.3544569015503,38.43469652613035,0.6946098086457537,0.6739893054975736,0.7361381147784681,0.7306384039350644,0.058856964111328125,0.0,0.0594482421875,0.01690673828125,0.0299072265625,0.0,0.01495361328125,0.04644775390625,0.00164794921875,0.123779296875,0.156005859375,0.082763671875,0.0513916015625,0.0682373046875,0.03387451171875,0.0611572265625,0.01055908203125,0.07916259765625,0.078125,0.1044921875,0.07769775390625,0.03466796875,0.043701171875,0.03350830078125,0.07666015625,0.0355224609375,0.05126953125,0.06549072265625,0.07342529296875,0.10992431640625,0.07647705078125,0.09197998046875,0.01934814453125,0.06121826171875,0.13885498046875,0.06842041015625,0.01544189453125,0.12127685546875,0.11639404296875,0.08258056640625,0.0384521484375,0.0,0.0843505859375,0.148681640625,0.05340576171875,0.0924072265625,0.14825439453125,0.06365966796875,0.04632568359375,0.04217529296875,0.03875732421875,0.04925537109375,0.1080322265625,0.09478759765625,0.105712890625,0.03326416015625,0.0078125,0.01043701171875,0.0250244140625,0.04541015625,0.04864501953125,0.02484130859375,0.00982666015625,0.0250244140625,0.00958251953125,0.09773764766103375,1.0357474295861973,801.8126898198581,0.22779560549686032,0.18482073369652127,0.1548097527692193,0.1018560965468715,0.07607757012334887,0.05948890713120609,0.04198339001481892,0.03088519067367456,0.021354172219320035,0.016087591552148745,0.014413799720679325,0.009968123327540806,0.007953176473096728,0.00705764453778825,0.007025661254384375,0.0053945138007867885,0.003432872418682502,0.002206846554867323,0.002675934711457478,0.024712416976726832,2.3071631902644287,6.624752229022731,0.09134045077105575,0.020166073546856466,0.017793594306049824,0.02491103202846975,0.05219454329774614,0.04863582443653618,0.03558718861209965,0.01542111506524318,0.017793594306049824,0.05219454329774614,0.02965599051008304,0.03202846975088968,0.02372479240806643,0.017793594306049824,0.010676156583629894,0.013048635824436536,0.010676156583629894,0.017793594306049824,0.07473309608540925,0.0071174377224199285,0.0035587188612099642,0.013048635824436536,0.0166073546856465,0.0071174377224199285,0.0071174377224199285,0.046263345195729534,0.02491103202846975,0.0771055753262159,0.02372479240806643,0.02609727164887307,0.01542111506524318,0.02609727164887307,0.021352313167259787,0.03914590747330961,0.010676156583629894,0.028469750889679714,3.3493461240046067
030,122.9051570892334,65.7398623340156,139.92068099975586,24.590721571717026,133.56397151947021,35.88242766754802,0.7512797457898275,0.7370347309465813,0.7654096792614491,0.754333738989236,0.05393505096435547,0.0,0.015625,0.008544921875,0.0255126953125,0.03594970703125,0.0546875,0.090087890625,0.0380859375,0.0438232421875,0.1142578125,0.10589599609375,0.123046875,0.13592529296875,0.08013916015625,0.057861328125,0.0789794921875,0.05364990234375,0.07763671875,0.00909423828125,0.13568115234375,0.12322998046875,0.12750244140625,0.048583984375,0.0355224609375,0.030029296875,0.04840087890625,0.05108642578125,0.09881591796875,0.03289794921875,0.07763671875,0.0765380859375,0.0338134765625,0.0,0.031005859375,0.04827880859375,0.08447265625,0.07891845703125,0.08319091796875,0.0078125,0.0,0.02056884765625,0.0396728515625,0.05810546875,0.04656982421875,0.072998046875,0.0166015625,0.0184326171875,0.06048583984375,0.05322265625,0.06610107421875,0.11181640625,0.04376220703125,0.03271484375,0.04534912109375,0.0487060546875,0.07470703125,0.017578125,0.06451416015625,0.00921630859375,0.01629638671875,0.015625,0.0220947265625,0.052978515625,0.04150390625,0.08946707770616437,0.4739555598770287,766.8543119655857,0.20640228822125206,0.18806856061420676,0.15283124368265985,0.10449687090044947,0.07423815565926149,0.06375405922708015,0.043581582399621496,0.03463515344416009,0.02248435450224736,0.0180326458633519,0.015591733155551733,0.01215079894191273,0.008924923116626165,0.007688337383599648,0.008537818017591776,0.005967870276780146,0.004871072496182714,0.002408653949547302,0.0032151229058689436,0.022118755242048215,2.354803490804681,136.08511094610623,0.08104738154613467,0.016209476309226933,0.00997506234413965,0.0024937655860349127,0.003740648379052369,0.008728179551122194,0.028678304239401497,0.02119700748129676,0.05610972568578554,0.0885286783042394,0.004987531172069825,0.006234413965087282,0.03117206982543641,0.008728179551122194,0.006234413965087282,0.011221945137157107,0.014962593516209476,0.017456359102244388,0.05860349127182045,0.006234413965087282,0.017456359102244388,0.012468827930174564,0.03117206982543641,0.043640897755610975,0.05236907730673317,0.06733167082294264,0.059850374064837904,0.059850374064837904,0.032418952618453865,0.018703241895261846,0.011221945137157107,0.006234413965087282,0.016209476309226933,0.03117206982543641,0.032418952618453865,0.02493765586034913,3.2636342475882203
031,131.8396120071411,70.9429681299343,141.66274070739746,27.38813367306852,134.03607082366943,40.1417379043777,0.5999386763833697,0.6276374684741041,0.6163033634913604,0.6277839854420132,0.09085941314697266,0.07391357421875,0.0867919921875,0.04193115234375,0.06793212890625,0.0313720703125,0.13134765625,0.10919189453125,0.0799560546875,0.1002197265625,0.123779296875,0.078857421875,0.08636474609375,0.18597412109375,0.12823486328125,0.172607421875,0.09814453125,0.06658935546875,0.09454345703125,0.083740234375,0.20013427734375,0.11102294921875,0.083984375,0.14068603515625,0.12017822265625,0.06536865234375,0.07391357421875,0.12530517578125,0.205078125,0.1351318359375,0.1337890625,0.09527587890625,0.07373046875,0.06915283203125,0.07379150390625,0.1256103515625,0.15362548828125,0.08099365234375,0.0869140625,0.10400390625,0.05908203125,0.06732177734375,0.04730224609375,0.098876953125,0.093505859375,0.0828857421875,0.12689208984375,0.08319091796875,0.0870361328125,0.03668212890625,0.03765869140625,0.0291748046875,0.04962158203125,0.10174560546875,0.09747314453125,0.0986328125,0.110595703125,0.06298828125,0.0811767578125,0.0343017578125,0.02423095703125,0.084716796875,0.0379638671875,0.05126953125,0.031494140625,0.08368530658271293,0.7931012896131041,767.2239591358434,0.2208426733333734,0.1904158077873064,0.15264514810786123,0.10751867499203721,0.07654493115944207,0.06013858256359714,0.041953377123660596,0.03174297922463477,0.021394359341101808,0.016183991490333477,0.014507298721747126,0.009771693339503243,0.008407502448932987,0.006959176437358398,0.006652684210842613,0.004675508867240789,0.003593771597185079,0.0022896772216179184,0.0025480922361312266,0.021214069796092524,2.304288137058303,161.90469225432696,0.06241872561768531,0.00975292587776333,0.0188556566970091,0.021456436931079324,0.014304291287386216,0.01950585175552666,0.016905071521456438,0.04681404421326398,0.02340702210663199,0.06306892067620286,0.031209362808842653,0.029258777633289986,0.01950585175552666,0.011703511053315995,0.00975292587776333,0.013003901170351105,0.011703511053315995,0.027958387516254877,0.08387516254876463,0.013003901170351105,0.01495448634590377,0.011053315994798439,0.007802340702210663,0.011053315994798439,0.0188556566970091,0.02080624187256177,0.029258777633289986,0.09427828348504551,0.02990897269180754,0.045513654096228866,0.035110533159947985,0.032509752925877766,0.02340702210663199,0.018205461638491547,0.032509752925877766,0.027308192457737322,3.3728820574402643
032,121.03768730163574,62.29239538105359,144.0497121810913,27.675561120309556,139.1412754058838,37.03189904968254,0.6282359108801685,0.617019938901985,0.6258768966188597,0.618618587749044,0.09396553039550781,0.07843017578125,0.140380859375,0.13641357421875,0.0555419921875,0.02294921875,0.0416259765625,0.0535888671875,0.022705078125,0.08258056640625,0.15069580078125,0.0784912109375,0.10992431640625,0.05023193359375,0.1124267578125,0.20281982421875,0.04498291015625,0.02825927734375,0.07244873046875,0.08648681640625,0.1220703125,0.13165283203125,0.064697265625,0.1090087890625,0.03594970703125,0.08135986328125,0.1558837890625,0.1036376953125,0.15533447265625,0.1484375,0.1177978515625,0.1923828125,0.04998779296875,0.0283203125,0.07025146484375,0.13885498046875,0.11614990234375,0.19781494140625,0.20098876953125,0.21173095703125,0.08135986328125,0.07928466796875,0.15875244140625,0.18182373046875,0.100830078125,0.14129638671875,0.091064453125,0.0958251953125,0.067138671875,0.06793212890625,0.15570068359375,0.120849609375,0.08697509765625,0.036865234375,0.0694580078125,0.0897216796875,0.06927490234375,0.0250244140625,0.064208984375,0.06231689453125,0.01605224609375,0.0,0.01470947265625,0.0479736328125,0.0860595703125,0.08115439464420376,1.0296317880857815,748.035255646338,0.20848194130925507,0.19332392776523702,0.15788939051918735,0.1079627539503386,0.07762979683972912,0.06142212189616253,0.043086907449209934,0.032516930022573366,0.021884875846501128,0.01644469525959368,0.013989841986455982,0.010417607223476299,0.008639954853273138,0.007104966139954853,0.007042889390519187,0.004779909706546275,0.003544018058690745,0.0020090293453724605,0.002618510158013544,0.019209932279909706,2.312092413353092,121.58193424300228,0.03694581280788178,0.012315270935960592,0.01539408866995074,0.020935960591133004,0.01293103448275862,0.022167487684729065,0.03263546798029557,0.02647783251231527,0.021551724137931036,0.06773399014778325,0.02401477832512315,0.020320197044334975,0.012315270935960592,0.01847290640394089,0.0166256157635468,0.023399014778325122,0.022783251231527094,0.02894088669950739,0.07635467980295567,0.03263546798029557,0.01600985221674877,0.020320197044334975,0.012315270935960592,0.021551724137931036,0.020935960591133004,0.02647783251231527,0.033866995073891626,0.09421182266009852,0.04310344827586207,0.02647783251231527,0.020935960591133004,0.022783251231527094,0.02647783251231527,0.011699507389162561,0.022167487684729065,0.03571428571428571,3.4310627351707685
033,123.49173259735107,67.3786924290246,146.2480058670044,28.140237068756065,144.46951007843018,41.472098717168,0.6016693344374621,0.5865402386701758,0.6113880666533656,0.6032885715545452,0.09237384796142578,0.01568603515625,0.02630615234375,0.02587890625,0.05169677734375,0.0948486328125,0.07794189453125,0.0423583984375,0.025634765625,0.07183837890625,0.10272216796875,0.09039306640625,0.0772705078125,0.147705078125,0.10235595703125,0.018798828125,0.01629638671875,0.062255859375,0.05865478515625,0.00567626953125,0.0867919921875,0.126708984375,0.10308837890625,0.0755615234375,0.029052734375,0.083740234375,0.06707763671875,0.07574462890625,0.13995361328125,0.1790771484375,0.0948486328125,0.070556640625,0.046142578125,0.056884765625,0.14031982421875,0.1378173828125,0.19610595703125,0.2303466796875,0.15179443359375,0.17938232421875,0.05474853515625,0.10784912109375,0.16925048828125,0.1640625,0.130126953125,0.20843505859375,0.1304931640625,0.21044921875,0.07769775390625,0.071533203125,0.1075439453125,0.09295654296875,0.09869384765625,0.2198486328125,0.1552734375,0.20208740234375,0.031494140625,0.0078125,0.02276611328125,0.02423095703125,0.0361328125,0.06378173828125,0.07275390625,0.031494140625,0.03509521484375,0.08074897080893627,0.7950140280212921,725.0492405685221,0.20934066560941939,0.18935184656984108,0.15945418658512933,0.11080559960752547,0.07723990005590481,0.06155803260733152,0.04328628963251149,0.03231639836164702,0.020992823648872207,0.015921459457609328,0.014529543976542802,0.010399434106492944,0.008368606601330306,0.007609898572716174,0.007495807139841869,0.0051569327659186075,0.004004609293888122,0.001985190932012915,0.0024529658067975676,0.01772980866866707,2.312926870025293,37.60908563599502,0.08137931034482758,0.027586206896551724,0.027586206896551724,0.017241379310344827,0.022758620689655173,0.028965517241379312,0.03586206896551724,0.03379310344827586,0.036551724137931035,0.10551724137931034,0.04206896551724138,0.039310344827586205,0.027586206896551724,0.021379310344827585,0.025517241379310347,0.021379310344827585,0.020689655172413793,0.02482758620689655,0.07931034482758621,0.009655172413793104,0.002758620689655172,0.0020689655172413794,0.006896551724137931,0.004137931034482759,0.002758620689655172,0.007586206896551724,0.01793103448275862,0.08827586206896551,0.031724137931034485,0.011724137931034483,0.014482758620689656,0.004137931034482759,0.009655172413793104,0.004137931034482759,0.031724137931034485,0.03103448275862069,3.2445129079830393
034,116.92120742797852,74.15306567478761,140.1513442993164,22.591223067910462,131.8715467453003,33.038421303452594,0.6892856718336486,0.6346056322776402,0.6516073937709697,0.6249208974050721,0.09201717376708984,0.0045166015625,0.0880126953125,0.112548828125,0.20294189453125,0.06707763671875,0.083740234375,0.12884521484375,0.03363037109375,0.07159423828125,0.09759521484375,0.12200927734375,0.1680908203125,0.12841796875,0.128662109375,0.17596435546875,0.06085205078125,0.1014404296875,0.12432861328125,0.1185302734375,0.146240234375,0.112060546875,0.14739990234375,0.0765380859375,0.03369140625,0.0653076171875,0.14459228515625,0.14544677734375,0.044677734375,0.04150390625,0.11248779296875,0.06158447265625,0.0301513671875,0.08074951171875,0.2276611328125,0.15753173828125,0.061279296875,0.06378173828125,0.1868896484375,0.02825927734375,0.01422119140625,0.062744140625,0.10345458984375,0.12738037109375,0.12542724609375,0.12774658203125,0.18121337890625,0.0355224609375,0.0391845703125,0.0433349609375,0.1278076171875,0.1151123046875,0.12054443359375,0.089111328125,0.10589599609375,0.0089111328125,0.015625,0.0223388671875,0.0400390625,0.0953369140625,0.09271240234375,0.1134033203125,0.07196044921875,0.0078125,0.015625,0.07865224493705847,0.6742583215431618,742.942119112756,0.20086820155003524,0.19438509966135595,0.1587763358258142,0.10784336007636537,0.07998477238119048,0.06475715357167208,0.043750994340780475,0.033438259960453645,0.022034591695265802,0.017227664265096934,0.01373326666515148,0.010630923430077956,0.007897906770608422,0.006233096206731971,0.006886520148185186,0.004613741221391395,0.004170549330666606,0.002159139980454101,0.0024830109775222163,0.018125411941180482,2.316880961997178,91.88515523639228,0.06573705179282868,0.027888446215139442,0.020584329349269587,0.008632138114209827,0.013944223107569721,0.011288180610889775,0.013280212483399735,0.013280212483399735,0.010624169986719787,0.0551128818061089,0.014608233731739707,0.027224435590969456,0.025232403718459494,0.025232403718459494,0.0451527224435591,0.03386454183266932,0.04316069057104914,0.045816733067729085,0.07835325365205843,0.04714475431606906,0.0398406374501992,0.033200531208499334,0.03253652058432935,0.0351925630810093,0.012616201859229747,0.01593625498007968,0.021248339973439574,0.0650730411686587,0.005312084993359893,0.016600265604249667,0.014608233731739707,0.01859229747675963,0.010624169986719787,0.010624169986719787,0.025232403718459494,0.016600265604249667,3.3937955817536865
035,189.63711833953857,64.45927995929883,131.7873134613037,15.303682024888618,129.65421676635742,15.823732688597994,0.8451747269420656,0.8483631926749359,0.8156079095699614,0.8092747526812825,0.042588233947753906,0.0,0.01025390625,0.0164794921875,0.01007080078125,0.03399658203125,0.03033447265625,0.0262451171875,0.0,0.0,0.0601806640625,0.04296875,0.06146240234375,0.15753173828125,0.10223388671875,0.14794921875,0.0,0.0,0.049560546875,0.08282470703125,0.103271484375,0.113525390625,0.0762939453125,0.135009765625,0.0,0.0,0.0404052734375,0.0736083984375,0.0745849609375,0.07757568359375,0.11810302734375,0.07318115234375,0.0,0.0,0.0380859375,0.02142333984375,0.07720947265625,0.0618896484375,0.0899658203125,0.10546875,0.0,0.0,0.0423583984375,0.0816650390625,0.03704833984375,0.0567626953125,0.0736083984375,0.031982421875,0.0,0.0,0.0357666015625,0.0377197265625,0.0408935546875,0.04998779296875,0.015625,0.03662109375,0.0,0.0,0.018310546875,0.02471923828125,0.0,0.0103759765625,0.0078125,0.0126953125,0.0,0.09119113438658319,0.5178741802686866,769.2089832426204,0.1992764587746568,0.19072051500729043,0.1583124707694847,0.11019560373050152,0.08169413188808496,0.06293157996093428,0.04412776142397315,0.03222922226196044,0.022311480370849266,0.01691931002228397,0.015433712069107815,0.010399185672233073,0.007469256375691216,0.00625876915458472,0.006960301521362349,0.005103304079892157,0.0033013287848358964,0.0026823296376791658,0.0028611516135244436,0.02081212688106963,2.327035306309427,142.39092880724243,0.08526011560693642,0.01878612716763006,0.028901734104046242,0.015895953757225433,0.02745664739884393,0.02167630057803468,0.015895953757225433,0.014450867052023121,0.01878612716763006,0.049132947976878616,0.01300578034682081,0.0072254335260115606,0.02601156069364162,0.001445086705202312,0.015895953757225433,0.04190751445086705,0.0072254335260115606,0.03901734104046243,0.06502890173410404,0.014450867052023121,0.031791907514450865,0.02745664739884393,0.06069364161849711,0.030346820809248554,0.023121387283236993,0.004335260115606936,0.015895953757225433,0.0476878612716763,0.02023121387283237,0.046242774566473986,0.033236994219653176,0.023121387283236993,0.03468208092485549,0.024566473988439308,0.028901734104046242,0.02023121387283237,3.3971474551728087
036,192.9443998336792,59.18104933340765,131.59533882141113,15.719506701781846,135.59557819366455,16.612455613336117,0.8699024046862073,0.8729572625169539,0.8423098498230549,0.8408009972620544,0.0327911376953125,0.0,0.0,0.0,0.01007080078125,0.0,0.0,0.0,0.0,0.0,0.0072021484375,0.05615234375,0.0787353515625,0.03277587890625,0.05224609375,0.05035400390625,0.0,0.0,0.03656005859375,0.033447265625,0.0882568359375,0.04803466796875,0.0899658203125,0.07421875,0.0,0.0,0.07421875,0.01568603515625,0.0650634765625,0.04876708984375,0.0850830078125,0.0946044921875,0.0,0.0,0.05853271484375,0.05474853515625,0.0758056640625,0.043701171875,0.037841796875,0.04071044921875,0.0,0.0,0.0966796875,0.0872802734375,0.14654541015625,0.07183837890625,0.06939697265625,0.0484619140625,0.0,0.0,0.0,0.03900146484375,0.078125,0.01959228515625,0.05401611328125,0.02008056640625,0.0,0.0,0.0,0.0,0.0,0.01483154296875,0.0,0.0,0.0,0.0963489422314265,0.632806934225791,798.2687947855039,0.2550324405257029,0.180798166324701,0.1452891920368214,0.09600916837649494,0.07240429582801901,0.05774598421412595,0.04190465627830459,0.03183053291188377,0.020314608403112812,0.016081628126213054,0.01375256474241668,0.009630492245697703,0.008151721843287307,0.006284774210244182,0.007745059982624447,0.005231150298526775,0.00351207970572469,0.0022920941237361135,0.002754209874489362,0.023235179947873344,2.2832423151216683,146.71103170532243,0.1431980906921241,0.011933174224343675,0.03579952267303103,0.002386634844868735,0.028639618138424822,0.021479713603818614,0.0,0.014319809069212411,0.02386634844868735,0.021479713603818614,0.016706443914081145,0.03579952267303103,0.00954653937947494,0.03579952267303103,0.026252983293556086,0.00954653937947494,0.02386634844868735,0.0477326968973747,0.06682577565632458,0.00954653937947494,0.02386634844868735,0.021479713603818614,0.02386634844868735,0.011933174224343675,0.00477326968973747,0.06443914081145585,0.06682577565632458,0.02386634844868735,0.00954653937947494,0.031026252983293555,0.050119331742243436,0.01909307875894988,0.00477326968973747,0.00954653937947494,0.028639618138424822,0.021479713603818614,3.249918172104003
037,179.65996170043945,74.96724140199127,131.7967700958252,19.738523149720447,129.2650661468506,18.58972644990968,0.8082376733041179,0.8113445921535546,0.8060786094411847,0.7967146133378088,0.03797721862792969,0.03082275390625,0.02349853515625,0.03436279296875,0.04718017578125,0.015625,0.01129150390625,0.0164794921875,0.0111083984375,0.02557373046875,0.047607421875,0.03839111328125,0.0738525390625,0.03094482421875,0.068603515625,0.03173828125,0.02154541015625,0.03021240234375,0.04718017578125,0.02703857421875,0.028564453125,0.080322265625,0.0089111328125,0.03271484375,0.01861572265625,0.00506591796875,0.0723876953125,0.04302978515625,0.064208984375,0.04730224609375,0.02093505859375,0.03179931640625,0.0220947265625,0.03057861328125,0.06939697265625,0.03125,0.07550048828125,0.0753173828125,0.0413818359375,0.0372314453125,0.0255126953125,0.02191162109375,0.06121826171875,0.0904541015625,0.04229736328125,0.0555419921875,0.0762939453125,0.03143310546875,0.04718017578125,0.02618408203125,0.07623291015625,0.0904541015625,0.06884765625,0.03204345703125,0.02490234375,0.03289794921875,0.03216552734375,0.0078125,0.00982666015625,0.00848388671875,0.02435302734375,0.03338623046875,0.021484375,0.01470947265625,0.0052490234375,0.10442013183659953,0.5456591080951353,826.5730353574917,0.23915659587450636,0.17834200579670842,0.15435854844997374,0.10225597044017695,0.07361141714266344,0.06234003966168918,0.04169562195969423,0.03308530653061916,0.022017322327497077,0.017525720774928387,0.014491771046966898,0.010356107730639502,0.0074408040814251085,0.0070509669655417885,0.006678079289479483,0.005101781386125189,0.0036610790013390055,0.0018305395006695028,0.0023559721351209344,0.016644349904235665,2.291377730340443,64.24587281048883,0.10493827160493827,0.0411522633744856,0.026748971193415638,0.02263374485596708,0.006172839506172839,0.02263374485596708,0.00823045267489712,0.05555555555555555,0.012345679012345678,0.07613168724279835,0.01440329218106996,0.006172839506172839,0.00823045267489712,0.04526748971193416,0.006172839506172839,0.024691358024691357,0.01646090534979424,0.053497942386831275,0.16872427983539096,0.012345679012345678,0.0205761316872428,0.0102880658436214,0.00205761316872428,0.00823045267489712,0.02263374485596708,0.018518518518518517,0.0102880658436214,0.037037037037037035,0.03909465020576132,0.0205761316872428,0.0102880658436214,0.0102880658436214,0.02263374485596708,0.006172839506172839,0.01440329218106996,0.01440329218106996,3.1397672678956714
038,163.86050701141357,73.66531291389569,136.71327686309814,25.90148571646976,132.65046215057373,22.843185009442525,0.7648573601036085,0.7704186514867445,0.8015391896447096,0.7997036672601082,0.037140846252441406,0.0,0.02569580078125,0.02294921875,0.01531982421875,0.0147705078125,0.051025390625,0.01708984375,0.0074462890625,0.02874755859375,0.02130126953125,0.0313720703125,0.05914306640625,0.0294189453125,0.03912353515625,0.02850341796875,0.0078125,0.0491943359375,0.00848388671875,0.05352783203125,0.0535888671875,0.0355224609375,0.050048828125,0.03692626953125,0.01739501953125,0.040283203125,0.0565185546875,0.0594482421875,0.05865478515625,0.0567626953125,0.06939697265625,0.0943603515625,0.02911376953125,0.0528564453125,0.02142333984375,0.0499267578125,0.0604248046875,0.10638427734375,0.051513671875,0.06060791015625,0.0247802734375,0.05810546875,0.03253173828125,0.01092529296875,0.0672607421875,0.1180419921875,0.02264404296875,0.0,0.02862548828125,0.0513916015625,0.031982421875,0.0166015625,0.0576171875,0.068115234375,0.0511474609375,0.025390625,0.01617431640625,0.0081787109375,0.0328369140625,0.0159912109375,0.015625,0.02227783203125,0.0078125,0.0130615234375,0.0078125,0.11500610936387731,0.7585996725018574,693.8536629039703,0.23784644194756555,0.17870786516853931,0.1499812734082397,0.1049812734082397,0.07719101123595505,0.0601310861423221,0.041142322097378274,0.03151685393258427,0.02058052434456929,0.015187265917602995,0.015224719101123595,0.010355805243445693,0.00799625468164794,0.00647940074906367,0.007883895131086142,0.004831460674157303,0.0033707865168539327,0.0021722846441947566,0.0028277153558052435,0.02159176029962547,2.2991718265402437,145.05629789933226,0.14114832535885166,0.019138755980861243,0.01674641148325359,0.0,0.004784688995215311,0.011961722488038277,0.03349282296650718,0.023923444976076555,0.009569377990430622,0.0645933014354067,0.0023923444976076554,0.009569377990430622,0.0,0.004784688995215311,0.014354066985645933,0.004784688995215311,0.0023923444976076554,0.07177033492822966,0.18899521531100477,0.0,0.0023923444976076554,0.0,0.004784688995215311,0.011961722488038277,0.023923444976076555,0.007177033492822967,0.011961722488038277,0.06937799043062201,0.019138755980861243,0.08373205741626795,0.03110047846889952,0.04784688995215311,0.01674641148325359,0.004784688995215311,0.007177033492822967,0.03349282296650718,2.84864627827036
039,128.36454582214355,64.42141602006907,143.68035888671875,27.94153534297968,134.85302925109863,37.45830206757066,0.626529494427358,0.630595306116398,0.6699687917236111,0.6746290369327237,0.06902217864990234,0.00189208984375,0.049072265625,0.0894775390625,0.08209228515625,0.02880859375,0.037841796875,0.0,0.0078125,0.00830078125,0.09796142578125,0.114990234375,0.09918212890625,0.1048583984375,0.059814453125,0.05609130859375,0.04754638671875,0.0189208984375,0.087890625,0.05999755859375,0.07037353515625,0.11273193359375,0.139892578125,0.04638671875,0.06634521484375,0.0322265625,0.079345703125,0.0816650390625,0.0653076171875,0.1024169921875,0.08428955078125,0.06756591796875,0.0787353515625,0.049072265625,0.08026123046875,0.044677734375,0.13494873046875,0.12994384765625,0.07708740234375,0.0828857421875,0.0286865234375,0.0933837890625,0.0955810546875,0.13043212890625,0.11669921875,0.1505126953125,0.086181640625,0.03546142578125,0.02508544921875,0.03448486328125,0.066650390625,0.15142822265625,0.15118408203125,0.1461181640625,0.10345458984375,0.09735107421875,0.0078125,0.0074462890625,0.0323486328125,0.04180908203125,0.0416259765625,0.03192138671875,0.01666259765625,0.025146484375,0.021240234375,0.0962521222833409,0.5459199110547057,698.8931752619634,0.26655879466298843,0.18217989867105228,0.14851852834292686,0.09949866044192153,0.06962165221004978,0.05372379461877857,0.03881623738914383,0.02873639442248689,0.020433786926266833,0.015446917248026031,0.0138642050629106,0.009867635746306268,0.007719037640255709,0.006711053343590016,0.0064900041557247315,0.004509403432451789,0.0028294296046756325,0.002042494495875222,0.0027056420594710733,0.019726429525097924,2.2458731035404256,153.3705530352741,0.10752688172043011,0.03853046594982079,0.02867383512544803,0.03136200716845878,0.022401433691756272,0.013440860215053764,0.022401433691756272,0.017921146953405017,0.0062724014336917565,0.034050179211469536,0.016129032258064516,0.01971326164874552,0.007168458781362007,0.025985663082437275,0.015232974910394265,0.010752688172043012,0.007168458781362007,0.03853046594982079,0.11021505376344086,0.00985663082437276,0.0062724014336917565,0.00985663082437276,0.008064516129032258,0.007168458781362007,0.017025089605734768,0.01881720430107527,0.06541218637992832,0.11290322580645161,0.02060931899641577,0.036738351254480286,0.034050179211469536,0.008960573476702509,0.011648745519713262,0.010752688172043012,0.01971326164874552,0.02867383512544803,3.2178619856490043
040,132.2726821899414,66.66548883569168,141.67124843597412,23.339337432238956,137.29860591888428,33.961048873913654,0.6243185690391374,0.6392285960508218,0.6366452087924123,0.6584562721121421,0.07472705841064453,0.06976318359375,0.10406494140625,0.10577392578125,0.11395263671875,0.078125,0.0482177734375,0.08538818359375,0.052734375,0.016845703125,0.0650634765625,0.10455322265625,0.1507568359375,0.0390625,0.093994140625,0.08135986328125,0.08941650390625,0.0745849609375,0.05401611328125,0.058349609375,0.04425048828125,0.0789794921875,0.113525390625,0.0826416015625,0.05780029296875,0.1412353515625,0.07354736328125,0.060302734375,0.06201171875,0.052001953125,0.09014892578125,0.05340576171875,0.0675048828125,0.04522705078125,0.05889892578125,0.09234619140625,0.080810546875,0.06158447265625,0.0977783203125,0.0487060546875,0.04229736328125,0.08917236328125,0.0609130859375,0.0521240234375,0.04345703125,0.0716552734375,0.06927490234375,0.0496826171875,0.03765869140625,0.13714599609375,0.11627197265625,0.09796142578125,0.117431640625,0.05499267578125,0.05157470703125,0.0562744140625,0.077880859375,0.1116943359375,0.106689453125,0.1177978515625,0.10986328125,0.0430908203125,0.01910400390625,0.0308837890625,0.06890869140625,0.10093185315488713,0.7150876417412889,814.6279808402229,0.2258229662622229,0.18515674328913462,0.14886772811822727,0.10471168449973549,0.07882387071451731,0.0611358555606751,0.043328384443420534,0.03478728305943787,0.02108397754227888,0.016595846345500778,0.013873956893462346,0.009624737623508933,0.007474530282086725,0.006860185327394666,0.00677485963924299,0.004641717435451117,0.003225311012133313,0.0024061844058772333,0.003242376149763648,0.021561801395928257,2.3093873372730616,108.86402402731544,0.0856353591160221,0.019337016574585635,0.02302025782688766,0.019337016574585635,0.017495395948434623,0.020257826887661142,0.008287292817679558,0.01289134438305709,0.011970534069981584,0.056169429097605895,0.02302025782688766,0.03222836095764273,0.02302025782688766,0.026703499079189688,0.011049723756906077,0.0027624309392265192,0.013812154696132596,0.04419889502762431,0.13720073664825047,0.020257826887661142,0.022099447513812154,0.003683241252302026,0.01841620626151013,0.0432780847145488,0.03591160220994475,0.019337016574585635,0.03130755064456722,0.04511970534069982,0.02302025782688766,0.027624309392265192,0.02578268876611418,0.027624309392265192,0.02302025782688766,0.006445672191528545,0.008287292817679558,0.03038674033149171,3.308834011540079
041,136.75738620758057,59.73019491378322,145.87161254882812,25.123335559576205,136.6641492843628,39.88165488519843,0.6233118823827645,0.6312194046816442,0.6596857401654327,0.6656479477745789,0.07118988037109375,0.02728271484375,0.03076171875,0.0234375,0.022216796875,0.084228515625,0.015625,0.015625,0.0,0.0364990234375,0.16552734375,0.167724609375,0.08734130859375,0.08331298828125,0.033935546875,0.015625,0.0,0.03375244140625,0.0594482421875,0.14129638671875,0.104736328125,0.07232666015625,0.14691162109375,0.1011962890625,0.00750732421875,0.0947265625,0.17144775390625,0.11907958984375,0.10986328125,0.11981201171875,0.09954833984375,0.10882568359375,0.00982666015625,0.014892578125,0.05841064453125,0.0472412109375,0.15496826171875,0.0802001953125,0.09149169921875,0.12994384765625,0.05755615234375,0.03125,0.1324462890625,0.0733642578125,0.08795166015625,0.09747314453125,0.07879638671875,0.14508056640625,0.07904052734375,0.0234375,0.076416015625,0.05126953125,0.07940673828125,0.09405517578125,0.09002685546875,0.0899658203125,0.05230712890625,0.0078125,0.0078125,0.06256103515625,0.0728759765625,0.052978515625,0.05975341796875,0.04766845703125,0.01824951171875,0.0893003663638244,1.1702011720064207,672.205657175009,0.2547901821060966,0.18868566904196357,0.15140142517814728,0.10217735550277118,0.07471100554235946,0.05764053840063341,0.03980997624703088,0.029540775930324625,0.019730799683293745,0.014734758511480602,0.012169437846397466,0.009081551860649248,0.006571654790182106,0.005882818685669042,0.0055740300870942205,0.004061757719714965,0.0027157561361836895,0.0020744259699129056,0.0021377672209026127,0.0165083135391924,2.2328279843957093,41.18776860598025,0.11082024432809773,0.02268760907504363,0.028795811518324606,0.0462478184991274,0.011343804537521814,0.04712041884816754,0.049738219895287955,0.03664921465968586,0.02356020942408377,0.06457242582897033,0.031413612565445025,0.027923211169284468,0.02530541012216405,0.02356020942408377,0.03577661431064572,0.011343804537521814,0.013089005235602094,0.04275741710296684,0.12914485165794065,0.012216404886561954,0.010471204188481676,0.006980802792321117,0.007853403141361256,0.008726003490401396,0.01832460732984293,0.006108202443280977,0.0034904013961605585,0.030541012216404886,0.007853403141361256,0.006980802792321117,0.004363001745200698,0.006980802792321117,0.013961605584642234,0.013089005235602094,0.010471204188481676,0.049738219895287955,3.211089586625113
042,129.97759819030762,60.40551411441664,140.8934154510498,29.185152893084844,134.9749517440796,35.03954072259844,0.6188887387174454,0.6238946523184182,0.5761228240684994,0.580139312709639,0.11553001403808594,0.02618408203125,0.06231689453125,0.0677490234375,0.094482421875,0.0816650390625,0.0341796875,0.03753662109375,0.1058349609375,0.07122802734375,0.0616455078125,0.15203857421875,0.14007568359375,0.10198974609375,0.1502685546875,0.1331787109375,0.10845947265625,0.07763671875,0.09124755859375,0.1273193359375,0.1180419921875,0.1444091796875,0.1292724609375,0.1181640625,0.15277099609375,0.0894775390625,0.06268310546875,0.14544677734375,0.160400390625,0.15045166015625,0.2208251953125,0.16827392578125,0.109375,0.0946044921875,0.068359375,0.16180419921875,0.18511962890625,0.205810546875,0.22467041015625,0.1767578125,0.08929443359375,0.0269775390625,0.165771484375,0.1484375,0.13800048828125,0.13311767578125,0.2818603515625,0.1087646484375,0.044189453125,0.136474609375,0.181396484375,0.1629638671875,0.12762451171875,0.1124267578125,0.16217041015625,0.097900390625,0.0545654296875,0.04168701171875,0.09588623046875,0.08978271484375,0.07049560546875,0.01239013671875,0.1156005859375,0.13623046875,0.04815673828125,0.0807095352616243,1.2350269028113807,755.4651094419914,0.18887336466404167,0.18801356144173367,0.1539927112135927,0.10885304204242348,0.08036717505789016,0.06335186469823838,0.04315625946516331,0.034465407576038845,0.023175605037665244,0.01801678570381733,0.01769924474103313,0.012472031969047084,0.009565310848176339,0.00841239289099063,0.009360130533761932,0.006516917605448026,0.004049868586893863,0.002208131002745508,0.0033268522408621483,0.024123342680436546,2.3791696639852806,144.01673589356741,0.021972884525479196,0.013090229079008883,0.006077606358111267,0.008415147265077139,0.0074801309022907905,0.013090229079008883,0.01168770453482936,0.05236091631603553,0.05703599812996728,0.05703599812996728,0.03319308087891538,0.01729780271154745,0.014492753623188406,0.007947639083683964,0.005610098176718092,0.004675081813931743,0.0032725572697522207,0.008882655446470314,0.021037868162692847,0.008882655446470314,0.011220196353436185,0.014492753623188406,0.016830294530154277,0.021037868162692847,0.02758298270219729,0.030855539971949508,0.03225806451612903,0.1584852734922861,0.16082281439925197,0.035530621785881254,0.03412809724170173,0.029453015427769985,0.0182328190743338,0.017765310892940627,0.009350163627863487,0.008415147265077139,3.0903361079216864
043,157.3852252960205,77.60510304120629,137.2754201889038,20.43053123642505,144.4443483352661,28.683309817454933,0.815134223955415,0.7870815947920394,0.8570769923688673,0.8659443920338012,0.02082061767578125,0.02349853515625,0.00750732421875,0.0,0.0,0.0234375,0.0078125,0.0,0.0,0.02130126953125,0.0115966796875,0.0,0.00970458984375,0.03656005859375,0.0350341796875,0.02435302734375,0.00189208984375,0.02288818359375,0.029541015625,0.0,0.0078125,0.04534912109375,0.03656005859375,0.018310546875,0.0078125,0.0147705078125,0.0718994140625,0.0589599609375,0.056640625,0.04107666015625,0.03546142578125,0.05657958984375,0.01531982421875,0.0186767578125,0.07177734375,0.06585693359375,0.01312255859375,0.04876708984375,0.0406494140625,0.03936767578125,0.015625,0.012939453125,0.02410888671875,0.0399169921875,0.0189208984375,0.02685546875,0.00506591796875,0.015625,0.0,0.0,0.0091552734375,0.0078125,0.04730224609375,0.03326416015625,0.0218505859375,0.0169677734375,0.0,0.0,0.0,0.0,0.0078125,0.0093994140625,0.0,0.0,0.0,0.1932784553393266,0.8973750765716129,530.1325532929147,0.3696396543290396,0.15707375400837,0.11641937061796837,0.08272188705907929,0.0669601608783086,0.051687591716941136,0.03206696016087831,0.02945812272406109,0.016250883200173923,0.013370291863688244,0.009348334148595032,0.009402684928528724,0.0065764443719767375,0.006141638132507202,0.005108973313767052,0.004456763954562748,0.003261046796021523,0.002065329637480298,0.002337083537148758,0.01565302462090331,2.101734771914438,55.396027558033445,0.3282442748091603,0.0,0.0,0.0,0.0,0.0,0.0,0.0,0.0,0.15267175572519084,0.007633587786259542,0.007633587786259542,0.007633587786259542,0.0,0.0,0.0,0.0,0.022900763358778626,0.3969465648854962,0.0,0.0,0.0,0.0,0.0,0.0,0.0,0.0,0.022900763358778626,0.0,0.0,0.0,0.0,0.0,0.0,0.0,0.05343511450381679,1.460510540090212
044,151.9943962097168,66.83210690138789,134.49616718292236,19.565109678388204,135.82390117645264,25.1565185878264,0.8128261061534214,0.8277826851269284,0.8652788610519857,0.880156928835731,0.01577472686767578,0.0,0.0078125,0.0,0.03125,0.0234375,0.03778076171875,0.0,0.0,0.0,0.0078125,0.0,0.03125,0.04443359375,0.02618408203125,0.0,0.0,0.0,0.0196533203125,0.01971435546875,0.05267333984375,0.02386474609375,0.0174560546875,0.01617431640625,0.0,0.01214599609375,0.06549072265625,0.0469970703125,0.060791015625,0.03741455078125,0.0078125,0.0150146484375,0.0,0.0291748046875,0.02496337890625,0.0078125,0.0355224609375,0.03265380859375,0.0245361328125,0.00823974609375,0.0,0.01007080078125,0.0078125,0.0189208984375,0.015625,0.0308837890625,0.0223388671875,0.00433349609375,0.0,0.0,0.0,0.015625,0.015625,0.015625,0.015625,0.0,0.0,0.0,0.0,0.015625,0.02099609375,0.015625,0.01678466796875,0.0,0.0,0.36584670863131336,1.488052022002823,490.53450300878933,0.4071951219512195,0.13670731707317074,0.11451219512195122,0.0774390243902439,0.06731707317073171,0.05109756097560975,0.033658536585365856,0.02195121951219512,0.016707317073170733,0.012439024390243903,0.009390243902439024,0.007682926829268293,0.005853658536585366,0.00548780487804878,0.00548780487804878,0.004024390243902439,0.003048780487804878,0.001951219512195122,0.0015853658536585367,0.016463414634146342,2.0370020024616675,90.08375946493057,0.323943661971831,0.0,0.0,0.0,0.0,0.0,0.0,0.0,0.0,0.0,0.0,0.0,0.0,0.0,0.0,0.0,0.0,0.014084507042253521,0.6338028169014085,0.0,0.0,0.0,0.0,0.0,0.0,0.0,0.0,0.0,0.0,0.0,0.0,0.0,0.0,0.0,0.0,0.028169014084507043,0.8147577169405448
045,159.58223247528076,73.1861933964744,140.640287399292,22.951271921183192,137.82613372802734,28.877283478190485,0.7937510425165183,0.8160800850781648,0.8536169833430872,0.8749839816368223,0.017957687377929688,0.0,0.0,0.015625,0.0,0.0,0.040771484375,0.0162353515625,0.0,0.0078125,0.0078125,0.03021240234375,0.00408935546875,0.03411865234375,0.03125,0.015625,0.0,0.025146484375,0.0169677734375,0.04833984375,0.05731201171875,0.051513671875,0.03338623046875,0.0277099609375,0.0078125,0.01019287109375,0.0078125,0.03228759765625,0.0198974609375,0.0078125,0.05084228515625,0.02227783203125,0.0,0.015625,0.0201416015625,0.04364013671875,0.017578125,0.0078125,0.041259765625,0.0296630859375,0.0078125,0.0,0.015625,0.0286865234375,0.0557861328125,0.0406494140625,0.00933837890625,0.0399169921875,0.01910400390625,0.0,0.0135498046875,0.021240234375,0.01727294921875,0.0,0.0,0.01763916015625,0.0,0.0,0.0078125,0.0250244140625,0.015625,0.0,0.0,0.015625,0.0,0.269554889707398,1.4840275786522743,642.0172069948876,0.25379032258064516,0.17459677419354838,0.15991935483870967,0.1067741935483871,0.07588709677419354,0.052096774193548384,0.044596774193548384,0.03806451612903226,0.019838709677419356,0.012258064516129033,0.012338709677419355,0.009919354838709678,0.007741935483870968,0.006048387096774193,0.003870967741935484,0.0022580645161290325,0.0012096774193548388,0.002096774193548387,0.0020161290322580645,0.01467741935483871,2.2284825210700228,84.8867776709644,0.22549019607843138,0.0,0.0,0.0,0.0,0.12745098039215685,0.0,0.0,0.0,0.0,0.0,0.0196078431372549,0.0,0.0,0.0,0.0,0.0,0.00980392156862745,0.4803921568627451,0.0,0.0,0.0,0.0,0.0,0.0,0.0,0.0,0.0,0.0,0.0,0.00980392156862745,0.12745098039215685,0.0,0.0,0.0,0.0,1.380947918883183
046,143.84861183166504,77.09564966391426,142.97274208068848,20.60239403605074,134.55424976348877,33.788066476273904,0.7582284928596957,0.7498605315914139,0.7699904645028651,0.7966715969909792,0.03340435028076172,0.0,0.0057373046875,0.0048828125,0.015625,0.0179443359375,0.05938720703125,0.0396728515625,0.0224609375,0.0484619140625,0.044921875,0.0078125,0.0238037109375,0.04571533203125,0.04638671875,0.0625,0.0615234375,0.0391845703125,0.02288818359375,0.0166015625,0.04608154296875,0.0198974609375,0.03912353515625,0.06842041015625,0.03076171875,0.0198974609375,0.03741455078125,0.029296875,0.0802001953125,0.0269775390625,0.050048828125,0.04205322265625,0.009765625,0.02362060546875,0.03106689453125,0.0435791015625,0.0615234375,0.0078125,0.0234375,0.015625,0.0078125,0.06134033203125,0.03118896484375,0.0213623046875,0.0712890625,0.02398681640625,0.04901123046875,0.029541015625,0.04168701171875,0.043212890625,0.0367431640625,0.0177001953125,0.07275390625,0.014404296875,0.03216552734375,0.04364013671875,0.04010009765625,0.0443115234375,0.02197265625,0.0,0.03973388671875,0.005126953125,0.01654052734375,0.04443359375,0.03570556640625,0.1555690400870517,1.0193913087292752,792.1147719381727,0.2865409744259847,0.1668044481186165,0.1393903837435665,0.09784260913624364,0.07080188805034801,0.05592149123976639,0.0406677511400304,0.028347422597935944,0.019067175124669992,0.014827062054988132,0.013813701698711966,0.009093575828688765,0.007626870049867997,0.006320168537827676,0.006880183471559242,0.0044534520920557884,0.002906744179844796,0.0025334008906904184,0.0027734072908610894,0.023387290327742075,2.2426295841578625,121.41135189843502,0.22083333333333333,0.0,0.004166666666666667,0.0125,0.004166666666666667,0.029166666666666667,0.004166666666666667,0.0,0.0,0.008333333333333333,0.0,0.004166666666666667,0.0,0.0,0.0,0.004166666666666667,0.004166666666666667,0.05,0.3416666666666667,0.004166666666666667,0.0,0.008333333333333333,0.029166666666666667,0.0125,0.004166666666666667,0.008333333333333333,0.029166666666666667,0.08333333333333333,0.020833333333333332,0.0125,0.0,0.004166666666666667,0.041666666666666664,0.0125,0.004166666666666667,0.0375,2.2699540053080645
047,136.59145259857178,63.064726565484044,136.24335765838623,22.151048127343486,144.00485801696777,27.810300611534114,0.7801789713566448,0.8418977436719941,0.8711551250709468,0.8840115082702348,0.01593494415283203,0.0,0.03985595703125,0.03228759765625,0.015625,0.0343017578125,0.0,0.0,0.0,0.035888671875,0.00579833984375,0.0133056640625,0.009765625,0.0322265625,0.010498046875,0.013671875,0.0,0.015625,0.0,0.0078125,0.04718017578125,0.03271484375,0.03692626953125,0.034423828125,0.0,0.0159912109375,0.0177001953125,0.031982421875,0.03021240234375,0.0421142578125,0.00689697265625,0.0369873046875,0.01312255859375,0.00860595703125,0.0107421875,0.0078125,0.0078125,0.024658203125,0.01953125,0.03143310546875,0.0,0.0,0.025146484375,0.02728271484375,0.02392578125,0.02520751953125,0.01220703125,0.01678466796875,0.0,0.0,0.0078125,0.01739501953125,0.0074462890625,0.01806640625,0.0078125,0.01373291015625,0.0,0.0126953125,0.02008056640625,0.0181884765625,0.0225830078125,0.0123291015625,0.00762939453125,0.0,0.0,0.26510817696301575,1.1662663527064367,821.6292151211327,0.31722222222222224,0.15305555555555556,0.13314814814814815,0.0887037037037037,0.06787037037037037,0.05435185185185185,0.0425,0.02925925925925926,0.01990740740740741,0.016481481481481482,0.011851851851851851,0.01175925925925926,0.006851851851851852,0.006111111111111111,0.0062037037037037035,0.004907407407407407,0.0038888888888888888,0.001574074074074074,0.0019444444444444444,0.022407407407407407,2.215631378777029,97.44294513705017,0.27906976744186046,0.0,0.0,0.0,0.0,0.0,0.0,0.0,0.0,0.0,0.011627906976744186,0.046511627906976744,0.0,0.0,0.0,0.0,0.0,0.046511627906976744,0.45348837209302323,0.0,0.0,0.0,0.0,0.011627906976744186,0.011627906976744186,0.0,0.0,0.03488372093023256,0.0,0.046511627906976744,0.0,0.0,0.0,0.011627906976744186,0.0,0.046511627906976744,1.6098270314706067
048,154.96270656585693,77.81841151224002,135.1713161468506,20.7267061750638,136.8231611251831,19.47350756332333,0.7653579193628383,0.7922317400566833,0.8254090966304011,0.8377475249125967,0.022214889526367188,0.0,0.03485107421875,0.0078125,0.0078125,0.0078125,0.0,0.015625,0.0,0.01361083984375,0.044921875,0.0078125,0.0078125,0.0078125,0.01617431640625,0.0269775390625,0.0106201171875,0.01824951171875,0.03961181640625,0.01519775390625,0.01678466796875,0.0093994140625,0.01641845703125,0.02545166015625,0.0108642578125,0.0172119140625,0.05621337890625,0.09100341796875,0.0338134765625,0.018798828125,0.020751953125,0.03472900390625,0.020751953125,0.0078125,0.02423095703125,0.02593994140625,0.01153564453125,0.03350830078125,0.01263427734375,0.03106689453125,0.01934814453125,0.0078125,0.04559326171875,0.03369140625,0.02984619140625,0.0257568359375,0.01861572265625,0.04864501953125,0.01678466796875,0.01080322265625,0.050048828125,0.0341796875,0.03472900390625,0.02685546875,0.05078125,0.06268310546875,0.028564453125,0.0,0.03125,0.0,0.01580810546875,0.0,0.0283203125,0.0,0.0,0.2679740351434846,1.7368722805978933,811.4926521732215,0.3364473684210526,0.15197368421052632,0.1405921052631579,0.0869078947368421,0.06690789473684211,0.05118421052631579,0.035263157894736843,0.025460526315789475,0.01986842105263158,0.015263157894736841,0.013157894736842105,0.008881578947368421,0.0061184210526315785,0.0044736842105263155,0.0044736842105263155,0.003618421052631579,0.004013157894736842,0.0019078947368421052,0.001973684210526316,0.02151315789473684,2.15497965919562,54.73689738838091,0.3691275167785235,0.0,0.0,0.0,0.0,0.0,0.013422818791946308,0.04697986577181208,0.0,0.0,0.020134228187919462,0.040268456375838924,0.0,0.0,0.0,0.0,0.0,0.040268456375838924,0.4161073825503356,0.0,0.0,0.0,0.0,0.0,0.0,0.0,0.0,0.0,0.006711409395973154,0.0,0.0,0.0,0.0,0.0,0.0,0.04697986577181208,1.4488346012124602
049,151.82975959777832,83.1688052544442,132.83242797851562,14.96127908851437,140.78278350830078,22.723343313407813,0.8132063761456526,0.8242559653941485,0.832248803929973,0.824309817266905,0.02831554412841797,0.0072021484375,0.064208984375,0.0133056640625,0.02252197265625,0.02984619140625,0.0,0.0108642578125,0.01837158203125,0.009033203125,0.04742431640625,0.0657958984375,0.03466796875,0.03143310546875,0.0,0.0078125,0.03826904296875,0.014892578125,0.0108642578125,0.0362548828125,0.0289306640625,0.02813720703125,0.0460205078125,0.02178955078125,0.00506591796875,0.00848388671875,0.052734375,0.04583740234375,0.04669189453125,0.040283203125,0.02996826171875,0.020263671875,0.0,0.0078125,0.01556396484375,0.06903076171875,0.0550537109375,0.0416259765625,0.05401611328125,0.01641845703125,0.03057861328125,0.0118408203125,0.0223388671875,0.048828125,0.0601806640625,0.0765380859375,0.041259765625,0.0501708984375,0.03167724609375,0.0078125,0.01177978515625,0.0338134765625,0.0244140625,0.0386962890625,0.05645751953125,0.036865234375,0.0,0.00750732421875,0.0078125,0.013916015625,0.01129150390625,0.0078125,0.0579833984375,0.026123046875,0.0,0.15855974244607896,0.8338341703791193,814.595692487163,0.2609296358432843,0.1670120727655515,0.1447087075232738,0.09720714497187408,0.07631829994407711,0.05697555840652653,0.03990262837593342,0.03062600743445508,0.02148096976874239,0.015724201453995196,0.016053159643409323,0.009638474949833876,0.008454225467943024,0.006217309779926971,0.0070068094345208725,0.00490147702227047,0.0033553735320240798,0.0016447909470706274,0.0029277278857857167,0.028915424849501627,2.2914927434484547,7.836777980638283,0.24537037037037038,0.004629629629629629,0.004629629629629629,0.0,0.013888888888888888,0.004629629629629629,0.004629629629629629,0.004629629629629629,0.009259259259259259,0.09722222222222222,0.027777777777777776,0.013888888888888888,0.013888888888888888,0.0,0.013888888888888888,0.009259259259259259,0.004629629629629629,0.037037037037037035,0.22685185185185186,0.0,0.0,0.0,0.0,0.009259259259259259,0.027777777777777776,0.0787037037037037,0.023148148148148147,0.004629629629629629,0.0,0.0,0.018518518518518517,0.013888888888888888,0.037037037037037035,0.0,0.004629629629629629,0.046296296296296294,2.4805898534507547
050,134.50383949279785,83.7571156484702,137.61517143249512,19.50386246811878,137.78443717956543,18.014038055041908,0.8312480030289727,0.8340747596841641,0.8615204929564604,0.8659422262322702,0.022745132446289062,0.009521484375,0.0115966796875,0.0078125,0.01190185546875,0.015380859375,0.0078125,0.01739501953125,0.00836181640625,0.015625,0.016357421875,0.02294921875,0.02410888671875,0.02734375,0.054443359375,0.015625,0.0078125,0.015625,0.0186767578125,0.0791015625,0.03936767578125,0.03118896484375,0.05352783203125,0.015625,0.0078125,0.015625,0.02294921875,0.030029296875,0.075439453125,0.06243896484375,0.04473876953125,0.019287109375,0.01220703125,0.0137939453125,0.015625,0.02813720703125,0.06658935546875,0.0283203125,0.0208740234375,0.0,0.0078125,0.0078125,0.01275634765625,0.07208251953125,0.07183837890625,0.07147216796875,0.02093505859375,0.0,0.0078125,0.0078125,0.04583740234375,0.01275634765625,0.0078125,0.01715087890625,0.02362060546875,0.0,0.01141357421875,0.0072021484375,0.0078125,0.0103759765625,0.0078125,0.0078125,0.0087890625,0.0078125,0.00811767578125,0.1931841211027276,0.8029726176393763,958.7182351959958,0.28004854368932036,0.16446601941747574,0.1283495145631068,0.08432038834951457,0.06475728155339806,0.05703883495145631,0.03990291262135923,0.03432038834951456,0.019611650485436893,0.018349514563106795,0.014951456310679612,0.011844660194174758,0.011359223300970873,0.010242718446601943,0.011116504854368933,0.006747572815533981,0.004611650485436893,0.0028640776699029127,0.0038349514563106794,0.0312621359223301,2.3288582756476406,132.18047500925238,0.23076923076923078,0.0,0.0,0.0,0.0,0.0,0.0,0.0,0.08461538461538462,0.03076923076923077,0.007692307692307693,0.007692307692307693,0.0,0.0,0.0,0.0,0.0,0.015384615384615385,0.18461538461538463,0.0,0.0,0.0,0.0,0.0,0.0,0.007692307692307693,0.4307692307692308,0.0,0.0,0.0,0.0,0.0,0.0,0.0,0.0,0.0,1.5057096207189269
051,132.9530668258667,64.07889122608005,131.82580089569092,18.280162592896414,134.1917381286621,20.95767953607971,0.7934040530233061,0.819974404702513,0.8331518969892412,0.843960069284561,0.02107715606689453,0.0,0.013671875,0.0133056640625,0.0301513671875,0.0242919921875,0.02020263671875,0.00689697265625,0.0,0.01483154296875,0.02337646484375,0.0291748046875,0.02105712890625,0.0,0.04156494140625,0.01263427734375,0.0,0.0078125,0.01904296875,0.03558349609375,0.03863525390625,0.04656982421875,0.0377197265625,0.02496337890625,0.01007080078125,0.02252197265625,0.0137939453125,0.04150390625,0.0196533203125,0.03173828125,0.0262451171875,0.012939453125,0.03289794921875,0.0367431640625,0.03582763671875,0.03582763671875,0.00994873046875,0.03680419921875,0.04058837890625,0.02911376953125,0.0,0.0086669921875,0.035888671875,0.0491943359375,0.03155517578125,0.04937744140625,0.02685546875,0.02642822265625,0.0,0.0,0.0321044921875,0.028564453125,0.0260009765625,0.048583984375,0.025146484375,0.01141357421875,0.0,0.0,0.0,0.01416015625,0.0078125,0.0234375,0.00604248046875,0.0,0.0,0.25270350603311165,0.6596372885569058,587.945864244595,0.463861289694136,0.13338528475875056,0.10922787193973635,0.07292681342944347,0.05636729657769985,0.03656081563737905,0.027404376907591402,0.02071563088512241,0.012663159945451004,0.010844860055847783,0.01026040651990389,0.006818624586012079,0.006039353204753555,0.004480810442236509,0.004740567569322683,0.0018832391713747645,0.0024676927073186573,0.0020780570166893954,0.0015585427625170465,0.015715306188713554,1.9004616304444628,89.89965334532653,0.40875912408759124,0.0,0.0,0.0,0.0,0.0,0.0,0.0,0.0,0.0,0.0,0.0,0.0,0.0,0.0,0.0,0.0,0.043795620437956206,0.5182481751824818,0.0,0.0,0.0,0.0,0.0,0.0,0.0,0.0,0.0,0.0,0.0,0.0,0.0,0.0,0.0,0.0,0.029197080291970802,0.9465086615146239
052,156.15556716918945,75.70606577456348,130.40450286865234,13.39961243037852,139.38475513458252,14.054844496362017,0.8124548385773543,0.821179164305399,0.8224978597047109,0.8066043598389812,0.021871566772460938,0.009521484375,0.01556396484375,0.02166748046875,0.015625,0.0198974609375,0.02056884765625,0.0238037109375,0.0,0.010498046875,0.0465087890625,0.0504150390625,0.02337646484375,0.025390625,0.03253173828125,0.032470703125,0.00946044921875,0.0078125,0.03375244140625,0.0408935546875,0.01434326171875,0.02838134765625,0.03179931640625,0.04803466796875,0.00872802734375,0.009521484375,0.05633544921875,0.04608154296875,0.03570556640625,0.01971435546875,0.02276611328125,0.031982421875,0.0,0.00994873046875,0.02197265625,0.05047607421875,0.03265380859375,0.01483154296875,0.037353515625,0.0106201171875,0.01214599609375,0.01300048828125,0.0350341796875,0.015625,0.022705078125,0.02630615234375,0.047607421875,0.01788330078125,0.00860595703125,0.0184326171875,0.0377197265625,0.015625,0.02789306640625,0.04425048828125,0.0234375,0.03076171875,0.0,0.0045166015625,0.0079345703125,0.0,0.0,0.019287109375,0.0,0.0,0.0,0.2723865928174928,0.9707207916070433,666.0713300163316,0.4464964330955397,0.1268751250083339,0.11054070271351424,0.07793852923528236,0.04980332022134809,0.039735982398826586,0.02840189345956397,0.02326821788119208,0.016734448963264217,0.013334222281485432,0.011067404493632908,0.01060070671378092,0.00633375558370558,0.004333622241482766,0.005267017801186746,0.002866857790519368,0.002466831122074805,0.002066804453630242,0.0018001200080005333,0.020068004533635577,1.9720374064088018,179.8625379084698,0.5144927536231884,0.0,0.0,0.0,0.0,0.0,0.0,0.0,0.0,0.0,0.0,0.0,0.0,0.0,0.0,0.0,0.0,0.021739130434782608,0.4420289855072464,0.0,0.0,0.0,0.0,0.0,0.0,0.0,0.0,0.0,0.0,0.0,0.0,0.0,0.0,0.0,0.0,0.021739130434782608,0.8692446219940595
053,123.1832103729248,54.66466973803336,137.60131740570068,21.440983128197242,139.44024467468262,24.318066189790017,0.8027749712605371,0.7967189762827195,0.8251698740893323,0.8446122550189255,0.0229034423828125,0.0,0.0078125,0.0078125,0.00445556640625,0.0078125,0.0,0.0,0.0,0.03192138671875,0.040771484375,0.02313232421875,0.025390625,0.02197265625,0.00958251953125,0.03289794921875,0.03729248046875,0.0078125,0.04681396484375,0.02978515625,0.0230712890625,0.02850341796875,0.02008056640625,0.05328369140625,0.01190185546875,0.0218505859375,0.017578125,0.0220947265625,0.015625,0.016357421875,0.0513916015625,0.07794189453125,0.0372314453125,0.01739501953125,0.0076904296875,0.0478515625,0.039306640625,0.0447998046875,0.0308837890625,0.04693603515625,0.0078125,0.015625,0.0,0.0269775390625,0.011474609375,0.02685546875,0.015625,0.05682373046875,0.01751708984375,0.003173828125,0.03253173828125,0.0433349609375,0.02081298828125,0.05438232421875,0.03240966796875,0.03533935546875,0.037109375,0.0,0.0,0.01031494140625,0.0,0.01629638671875,0.0078125,0.015625,0.01092529296875,0.21451285403262652,1.3189698691746066,617.8128030167966,0.37916280028868954,0.16171770285596454,0.13460150530982576,0.08670997010001032,0.059645324260233015,0.040364986081039285,0.029899989689658728,0.02376533663264254,0.015826373852974533,0.011289823693164244,0.010825858335910918,0.008969996906897619,0.006959480358799877,0.005155170636148057,0.00366017115166512,0.0027837921435199505,0.002216723373543664,0.0014949994844829363,0.0014949994844829363,0.013454995360346427,2.0329701330412373,89.66516231506549,0.4,0.0,0.0,0.0,0.0,0.0,0.0,0.0,0.0,0.0,0.0,0.0,0.0,0.0,0.0,0.0,0.0,0.03333333333333333,0.5133333333333333,0.0,0.0,0.0,0.0,0.0,0.0,0.0,0.0,0.0,0.0,0.0,0.0,0.0,0.0,0.0,0.0,0.05333333333333334,0.9785258733517965
054,136.00064373016357,73.79126034399088,132.50432300567627,21.59831576853741,139.74097728729248,23.47720459195217,0.7519251245731627,0.7682617875485418,0.8213664643116597,0.8198387862149484,0.022747039794921875,0.0,0.0,0.0,0.01666259765625,0.0,0.0087890625,0.0177001953125,0.03192138671875,0.0,0.033447265625,0.00634765625,0.02899169921875,0.0125732421875,0.01788330078125,0.00958251953125,0.005615234375,0.0257568359375,0.02593994140625,0.0078125,0.02410888671875,0.03851318359375,0.060791015625,0.0552978515625,0.0078125,0.03424072265625,0.01776123046875,0.0078125,0.0322265625,0.05084228515625,0.03668212890625,0.0159912109375,0.01812744140625,0.0089111328125,0.02301025390625,0.0247802734375,0.04193115234375,0.03131103515625,0.0509033203125,0.0078125,0.03265380859375,0.0078125,0.03125,0.03619384765625,0.01141357421875,0.036376953125,0.041259765625,0.0419921875,0.01812744140625,0.01092529296875,0.01544189453125,0.03314208984375,0.017822265625,0.04876708984375,0.05126953125,0.046630859375,0.0,0.007080078125,0.01373291015625,0.015625,0.0137939453125,0.03076171875,0.01910400390625,0.015625,0.0211181640625,0.23451544201800173,1.3088489560815533,543.5261279514928,0.4242458100558659,0.1471508379888268,0.11452513966480447,0.08374301675977654,0.059497206703910614,0.037318435754189944,0.02804469273743017,0.022849162011173183,0.01759776536312849,0.01111731843575419,0.009664804469273742,0.009162011173184357,0.005754189944134078,0.004301675977653631,0.0037430167597765364,0.0023463687150837987,0.0011731843575418994,0.0013966480446927375,0.0013966480446927375,0.014972067039106146,1.9651547899042558,89.89956310234044,0.34265734265734266,0.0,0.0,0.0,0.0,0.0,0.0,0.0,0.0,0.0,0.0,0.0,0.0,0.0,0.0,0.0,0.0,0.06293706293706294,0.5384615384615384,0.0,0.0,0.0,0.0,0.0,0.0,0.0,0.0,0.0,0.0,0.0,0.0,0.0,0.0,0.0,0.0,0.055944055944055944,1.0356924231297044
055,167.28028869628906,68.9186752087219,131.38328647613525,10.423149259699208,133.81619834899902,11.361246530778153,0.8791194033597286,0.8550182579106109,0.8808870957164268,0.8679311502519118,0.023084640502929688,0.00347900390625,0.0,0.0,0.0,0.0111083984375,0.0,0.0,0.0,0.0587158203125,0.0267333984375,0.01788330078125,0.02801513671875,0.0472412109375,0.0,0.00701904296875,0.0,0.0,0.05963134765625,0.0478515625,0.08636474609375,0.0882568359375,0.05419921875,0.04339599609375,0.0050048828125,0.0,0.0,0.038330078125,0.0794677734375,0.05828857421875,0.0220947265625,0.0,0.0,0.0,0.02703857421875,0.0540771484375,0.0521240234375,0.0732421875,0.0855712890625,0.01287841796875,0.0,0.0,0.01123046875,0.068603515625,0.0810546875,0.06036376953125,0.03350830078125,0.0078125,0.0,0.009765625,0.0155029296875,0.01708984375,0.021240234375,0.01800537109375,0.01617431640625,0.01507568359375,0.0,0.00518798828125,0.0087890625,0.0,0.0,0.0,0.0,0.0,0.0,0.15215452413762962,0.782782670789028,1160.11119142731,0.3025220128291964,0.16191880154587832,0.129925495039643,0.0996454041993705,0.06972389338220646,0.061357026176341686,0.038049324674289814,0.02462249492011634,0.01880553010080083,0.012271405235268337,0.01179329853779035,0.010598031794095382,0.008247340531495279,0.008167656081915614,0.007689549384437627,0.004820909199569704,0.003107693533606917,0.001035897844535639,0.0020319534642814453,0.023666281525160364,2.2214895640540697,62.201900600762826,0.10759493670886076,0.0,0.012658227848101266,0.012658227848101266,0.0,0.0,0.0,0.0,0.04430379746835443,0.3037974683544304,0.0,0.0,0.0,0.0189873417721519,0.0,0.0,0.0,0.012658227848101266,0.22151898734177214,0.0,0.0,0.0,0.0,0.0,0.0,0.0,0.056962025316455694,0.18354430379746836,0.0,0.0,0.0,0.0,0.0,0.0,0.0,0.02531645569620253,1.882422082219825
056,175.82669830322266,72.47023798719427,131.89278602600098,13.13196280179749,133.64513301849365,11.741194457918946,0.854184761694027,0.8647150067767583,0.8620988961169911,0.85297125325999,0.020334243774414062,0.0,0.0,0.01580810546875,0.0,0.0078125,0.0,0.0,0.0,0.0,0.0,0.02935791015625,0.05218505859375,0.04241943359375,0.022216796875,0.015625,0.008544921875,0.0,0.0,0.02606201171875,0.05206298828125,0.05389404296875,0.0450439453125,0.0260009765625,0.0,0.00762939453125,0.0306396484375,0.02703857421875,0.05804443359375,0.06561279296875,0.03057861328125,0.02386474609375,0.0078125,0.01092529296875,0.01348876953125,0.0174560546875,0.03179931640625,0.0341796875,0.00927734375,0.0078125,0.0,0.0386962890625,0.0487060546875,0.07183837890625,0.027587890625,0.0670166015625,0.02093505859375,0.01275634765625,0.00433349609375,0.025146484375,0.03125,0.02752685546875,0.04791259765625,0.0364990234375,0.01885986328125,0.0,0.0272216796875,0.0,0.0,0.0,0.0,0.0078125,0.0078125,0.0,0.00628662109375,0.2169529725130299,1.1910219646082814,586.1788099374696,0.31148020352067374,0.1729340897128487,0.14129481256213813,0.09626293935317855,0.07117375285104392,0.04766360605883385,0.03503128837943739,0.028832095444178023,0.019825720802386104,0.016258260717000993,0.012456868822738172,0.00830457921515878,0.005497397508626235,0.005731329317503948,0.004854085034212527,0.0036259430376045384,0.003450494180946254,0.0018129715188022692,0.001286624948827417,0.01222293701386046,2.158370473480587,57.665879930889275,0.3333333333333333,0.0,0.0,0.0,0.007575757575757576,0.0,0.06060606060606061,0.0,0.015151515151515152,0.0,0.0,0.0,0.0,0.0,0.015151515151515152,0.06818181818181818,0.0,0.05303030303030303,0.3712121212121212,0.0,0.0,0.0,0.0,0.0,0.0,0.0,0.0,0.0,0.0,0.0,0.0,0.0,0.0,0.0,0.0,0.07575757575757576,1.6022420534586717
057,179.6099214553833,74.7931804670881,130.53280925750732,11.212624549093764,137.51405906677246,11.012982542190807,0.8711446128658968,0.8945608033695693,0.8946573803566261,0.9208401842112824,0.013646125793457031,0.0,0.0,0.007568359375,0.00775146484375,0.00634765625,0.00799560546875,0.0,0.0,0.0,0.0,0.02081298828125,0.02032470703125,0.015380859375,0.0274658203125,0.0,0.0,0.0069580078125,0.0078125,0.0526123046875,0.022705078125,0.015625,0.04473876953125,0.01116943359375,0.0,0.00970458984375,0.01141357421875,0.015625,0.01727294921875,0.015625,0.0390625,0.0078125,0.0,0.0,0.02154541015625,0.0093994140625,0.0140380859375,0.034423828125,0.0390625,0.0078125,0.0,0.0101318359375,0.02130126953125,0.03094482421875,0.02069091796875,0.06927490234375,0.05780029296875,0.01727294921875,0.01031494140625,0.0,0.0,0.01263427734375,0.01678466796875,0.0335693359375,0.02423095703125,0.0,0.0,0.0,0.0,0.007568359375,0.0074462890625,0.010498046875,0.00482177734375,0.0,0.0,0.3811152400570546,1.0106380769513115,818.1765309141152,0.42051052395879984,0.12315270935960591,0.1064337960889685,0.06732348111658457,0.049410359755187344,0.050156739811912224,0.03970741901776385,0.03045230631437528,0.015823257202567546,0.014778325123152709,0.012240632930288103,0.008956560680698611,0.009255112703388566,0.0056724884311091205,0.007015972533213913,0.004627556351694283,0.006418868487834005,0.0014927601134497686,0.0037319002836244215,0.02283922973578146,2.081103758631559,63.7938048113669,0.31746031746031744,0.0,0.0,0.0,0.0,0.0,0.0,0.0,0.0,0.15873015873015872,0.015873015873015872,0.0,0.0,0.0,0.0,0.0,0.0,0.047619047619047616,0.42857142857142855,0.0,0.0,0.0,0.0,0.0,0.0,0.0,0.0,0.0,0.0,0.0,0.0,0.0,0.0,0.0,0.0,0.031746031746031744,1.3397978532127808
058,143.47390460968018,67.3974020377434,128.48445892333984,9.101182488892729,130.89776229858398,7.610362509156087,0.8568638575055273,0.8751301451024537,0.8531726379462666,0.8680505100930941,0.020929336547851562,0.0,0.0,0.0,0.0,0.0,0.0,0.0,0.0,0.0,0.03277587890625,0.02996826171875,0.0592041015625,0.0670166015625,0.06048583984375,0.0355224609375,0.0,0.0,0.02105712890625,0.0162353515625,0.009033203125,0.07452392578125,0.0440673828125,0.03936767578125,0.0,0.0,0.02685546875,0.02294921875,0.0279541015625,0.0562744140625,0.0416259765625,0.0445556640625,0.0,0.0018310546875,0.0433349609375,0.04296875,0.03375244140625,0.063232421875,0.0203857421875,0.01129150390625,0.0145263671875,0.0,0.01898193359375,0.072509765625,0.0089111328125,0.0670166015625,0.0302734375,0.03936767578125,0.0169677734375,0.0,0.00958251953125,0.01287841796875,0.01495361328125,0.02484130859375,0.03131103515625,0.0357666015625,0.01531982421875,0.0,0.0,0.0,0.0,0.0,0.0,0.0,0.0,0.19210404947113532,0.7257034836779791,623.3408460785189,0.33507692307692305,0.1718974358974359,0.134,0.08794871794871795,0.06866666666666667,0.05035897435897436,0.03420512820512821,0.027641025641025642,0.016615384615384615,0.013179487179487179,0.011641025641025642,0.008564102564102564,0.005589743589743589,0.004615384615384616,0.005538461538461538,0.002717948717948718,0.0020512820512820513,0.0015384615384615385,0.0015897435897435897,0.016564102564102564,2.118479476736916,93.74551168357706,0.3238095238095238,0.0,0.0,0.0,0.0,0.0,0.0,0.02857142857142857,0.0,0.0,0.0,0.0,0.0,0.0,0.0,0.0,0.0,0.09523809523809523,0.45714285714285713,0.009523809523809525,0.0,0.0,0.0,0.02857142857142857,0.009523809523809525,0.009523809523809525,0.0,0.0,0.0,0.0,0.009523809523809525,0.009523809523809525,0.0,0.0,0.0,0.01904761904761905,1.4471248703137398
059,175.02372455596924,80.13410168878022,133.16480827331543,17.70926787481978,137.5868272781372,13.566045370153931,0.7958082431621669,0.8246020528289811,0.7975269209914078,0.8006382752227436,0.036339759826660156,0.01031494140625,0.0,0.0,0.0140380859375,0.0130615234375,0.0,0.0308837890625,0.0,0.015625,0.00848388671875,0.02960205078125,0.0462646484375,0.073486328125,0.0650634765625,0.13543701171875,0.0238037109375,0.0233154296875,0.08447265625,0.028076171875,0.0469970703125,0.06341552734375,0.05255126953125,0.02398681640625,0.03155517578125,0.015625,0.02874755859375,0.06500244140625,0.050048828125,0.06103515625,0.04632568359375,0.03106689453125,0.03277587890625,0.0205078125,0.02227783203125,0.06878662109375,0.10565185546875,0.079345703125,0.07269287109375,0.0294189453125,0.0091552734375,0.02215576171875,0.0,0.05047607421875,0.06689453125,0.04486083984375,0.02313232421875,0.04534912109375,0.02325439453125,0.027587890625,0.05474853515625,0.07135009765625,0.07489013671875,0.0377197265625,0.0364990234375,0.0867919921875,0.02752685546875,0.0145263671875,0.016357421875,0.01800537109375,0.0093994140625,0.0078125,0.00750732421875,0.0,0.0,0.12603578007489458,0.5773166019231165,804.1003495715232,0.28928010579386726,0.1631746425324407,0.14734688817257624,0.10312835771551368,0.07066699727250186,0.05539714025952558,0.03940408298206463,0.029899165220266137,0.01880320687660137,0.014815273989585917,0.012914290437226217,0.00954624349119762,0.006880733944954129,0.005723613521778659,0.0058269278452764695,0.004235887263410199,0.0033060583519299116,0.0014877262583684603,0.0019009835523596992,0.01626167451855525,2.2130825627361803,26.83149301351621,0.19218241042345277,0.02280130293159609,0.003257328990228013,0.08469055374592833,0.06188925081433225,0.006514657980456026,0.006514657980456026,0.006514657980456026,0.04234527687296417,0.02280130293159609,0.0,0.0,0.013029315960912053,0.003257328990228013,0.0,0.0,0.003257328990228013,0.06188925081433225,0.26384364820846906,0.009771986970684038,0.0,0.0,0.003257328990228013,0.0,0.003257328990228013,0.05211726384364821,0.03908794788273615,0.013029315960912053,0.006514657980456026,0.0,0.013029315960912053,0.009771986970684038,0.009771986970684038,0.009771986970684038,0.003257328990228013,0.03257328990228013,2.5142041867574543
060,175.3275318145752,67.3817382430965,132.80249404907227,14.700806146612697,137.20507144927979,16.953333639692367,0.8527904613311996,0.8529511814483897,0.8630063084853237,0.848344159156189,0.023509979248046875,0.0,0.00482177734375,0.00701904296875,0.0,0.0,0.00958251953125,0.0101318359375,0.0,0.0,0.017578125,0.0345458984375,0.02471923828125,0.04449462890625,0.07196044921875,0.0330810546875,0.0,0.0,0.013671875,0.0518798828125,0.001708984375,0.0333251953125,0.03814697265625,0.03125,0.0,0.0,0.01910400390625,0.0343017578125,0.05401611328125,0.0733642578125,0.0380859375,0.05377197265625,0.0,0.0,0.0,0.053466796875,0.0386962890625,0.05035400390625,0.0408935546875,0.0858154296875,0.0,0.0,0.04327392578125,0.07861328125,0.04693603515625,0.06158447265625,0.03399658203125,0.02716064453125,0.0,0.0,0.0257568359375,0.0677490234375,0.02789306640625,0.04034423828125,0.01165771484375,0.015625,0.0,0.0,0.0101318359375,0.009765625,0.0078125,0.0091552734375,0.0078125,0.00958251953125,0.0,0.19252717602981007,1.1320133015782516,665.3727595397554,0.34092880953468196,0.15699347002146216,0.13133019772592355,0.09594045390200466,0.06753733047171104,0.0465774692908352,0.038357915886570164,0.027398511347550118,0.01685008447874332,0.013470934745878807,0.010776747796703045,0.008082560847527284,0.006484314352253527,0.005023060413717521,0.005479702269510023,0.003698799031919266,0.0019635599799077584,0.0018265674231700078,0.001872231608749258,0.019407278871181332,2.1326502970031083,97.47602965575783,0.3063583815028902,0.0,0.0,0.05202312138728324,0.005780346820809248,0.03468208092485549,0.0,0.0,0.0,0.0,0.011560693641618497,0.0,0.0,0.0,0.0,0.0,0.0,0.046242774566473986,0.43352601156069365,0.0,0.0,0.0,0.0,0.0,0.0,0.0,0.0,0.04046242774566474,0.046242774566473986,0.0,0.011560693641618497,0.0,0.0,0.0,0.0,0.011560693641618497,1.5936732318474651
061,172.76783180236816,76.83020877913637,132.1157512664795,15.538383973273275,135.48034000396729,13.595613784500681,0.8107014209963749,0.8058040046269824,0.815769937394135,0.8102135616105793,0.031891822814941406,0.0048828125,0.0113525390625,0.00897216796875,0.005859375,0.00860595703125,0.0078125,0.0078125,0.004638671875,0.0048828125,0.01849365234375,0.04730224609375,0.048583984375,0.08251953125,0.04559326171875,0.0140380859375,0.0078125,0.0,0.05718994140625,0.0570068359375,0.0892333984375,0.05328369140625,0.03741455078125,0.0078125,0.0078125,0.005615234375,0.0689697265625,0.06353759765625,0.044921875,0.036376953125,0.0289306640625,0.03106689453125,0.00909423828125,0.011474609375,0.05419921875,0.102783203125,0.0616455078125,0.09271240234375,0.0792236328125,0.03759765625,0.0078125,0.00189208984375,0.0535888671875,0.03143310546875,0.03216552734375,0.076416015625,0.01617431640625,0.01776123046875,0.0078125,0.0098876953125,0.0528564453125,0.07489013671875,0.046630859375,0.05181884765625,0.07366943359375,0.04254150390625,0.00360107421875,0.0,0.0,0.0,0.00830078125,0.03857421875,0.0078125,0.01837158203125,0.0,0.1374511607192837,0.6507849616200863,731.5627513917315,0.2974418604651163,0.1644186046511628,0.12645994832041343,0.0965891472868217,0.07121447028423773,0.058087855297157626,0.0396640826873385,0.030387596899224805,0.018578811369509046,0.014857881136950904,0.014056847545219638,0.01020671834625323,0.0071834625322997414,0.0069767441860465115,0.006718346253229974,0.0053746770025839795,0.004160206718346254,0.002739018087855297,0.003126614987080103,0.021757105943152454,2.2477921471713245,22.331589468474746,0.21374045801526717,0.007633587786259542,0.0,0.0,0.015267175572519083,0.030534351145038167,0.04961832061068702,0.20229007633587787,0.0,0.04198473282442748,0.0,0.0,0.007633587786259542,0.0,0.0,0.0,0.011450381679389313,0.015267175572519083,0.1984732824427481,0.0,0.0,0.0,0.0,0.0,0.0,0.0,0.003816793893129771,0.061068702290076333,0.04580152671755725,0.003816793893129771,0.007633587786259542,0.011450381679389313,0.007633587786259542,0.007633587786259542,0.015267175572519083,0.04198473282442748,2.3302437912725207
062,182.33402347564697,72.47535421891958,131.52736473083496,10.88442316546426,136.05152988433838,15.853974143330424,0.8374248954066452,0.8459675523805138,0.8277539729335305,0.8494419915429609,0.02256011962890625,0.0,0.0,0.0,0.0,0.00970458984375,0.0,0.015625,0.0,0.015625,0.015625,0.0257568359375,0.0450439453125,0.0665283203125,0.0390625,0.036865234375,0.0,0.0,0.028564453125,0.0382080078125,0.01971435546875,0.05926513671875,0.015625,0.05816650390625,0.0,0.0,0.03173828125,0.04229736328125,0.04248046875,0.08758544921875,0.052978515625,0.030029296875,0.0,0.0,0.015625,0.015625,0.015625,0.0306396484375,0.04473876953125,0.02838134765625,0.0,0.0,0.03424072265625,0.037109375,0.03497314453125,0.05975341796875,0.0516357421875,0.0302734375,0.0,0.00396728515625,0.04046630859375,0.0499267578125,0.015625,0.04302978515625,0.0389404296875,0.02288818359375,0.0,0.0,0.02484130859375,0.00872802734375,0.0,0.0,0.02032470703125,0.0,0.0,0.25072948555532615,1.290566937007473,477.7903242797238,0.4849384811200679,0.13418995090611552,0.08927813806897388,0.06339778168373841,0.05351839505424571,0.03745681556457967,0.030123037759864236,0.022849869689072065,0.017879871507364083,0.011455239711497667,0.009879386629492696,0.007939875143948118,0.005454876053094127,0.005636705254863931,0.00442451057639857,0.0027880477604703313,0.002363779623007455,0.0018789017516213104,0.0016970725498515061,0.012849263591732833,1.8806464660575228,132.82636321795377,0.44776119402985076,0.0,0.0,0.0,0.0,0.0,0.0,0.0,0.0,0.0,0.0,0.0,0.0,0.0,0.0,0.0,0.0,0.04477611940298507,0.4552238805970149,0.0,0.0,0.0,0.0,0.0,0.0,0.0,0.0,0.0,0.0,0.0,0.0,0.0,0.0,0.0,0.0,0.05223880597014925,1.011303178259467
063,132.13196182250977,56.11555634448836,129.57187366485596,5.819789560161671,138.63547325134277,14.60684614626648,0.8619779064117772,0.8356056200035873,0.7047018066273202,0.6716167718344098,0.05342292785644531,0.073486328125,0.06591796875,0.06561279296875,0.0574951171875,0.05694580078125,0.0494384765625,0.04791259765625,0.0745849609375,0.05950927734375,0.0518798828125,0.046875,0.0494384765625,0.048828125,0.0501708984375,0.06207275390625,0.0648193359375,0.0379638671875,0.03619384765625,0.034423828125,0.035888671875,0.0386962890625,0.05029296875,0.0511474609375,0.07373046875,0.04302978515625,0.04345703125,0.042724609375,0.0556640625,0.05584716796875,0.05126953125,0.046875,0.0704345703125,0.04620361328125,0.05206298828125,0.0390625,0.05926513671875,0.04925537109375,0.0234375,0.0509033203125,0.08154296875,0.06207275390625,0.0537109375,0.02398681640625,0.02490234375,0.0260009765625,0.02410888671875,0.046875,0.07159423828125,0.0625,0.03656005859375,0.0234375,0.0234375,0.0234375,0.0234375,0.0318603515625,0.09735107421875,0.0679931640625,0.0777587890625,0.087890625,0.1002197265625,0.078125,0.08465576171875,0.074462890625,0.09832763671875,0.4120437482776934,1.147835477787759,589.3808676631895,0.38735294117647057,0.15176470588235294,0.11445378151260505,0.08058823529411764,0.06050420168067227,0.04315126050420168,0.03235294117647059,0.025,0.01684873949579832,0.013697478991596639,0.010840336134453782,0.010168067226890756,0.007941176470588234,0.006218487394957983,0.0053361344537815126,0.0036974789915966387,0.00226890756302521,0.0024369747899159666,0.002352941176470588,0.023025210084033614,2.0845730111545535,90.6188333192129,0.3979591836734694,0.0,0.0,0.0,0.0,0.0,0.0,0.0,0.0,0.0,0.0,0.0,0.0,0.0,0.0,0.0,0.0,0.015306122448979591,0.576530612244898,0.0,0.0,0.0,0.0,0.00510204081632653,0.0,0.0,0.0,0.0,0.0,0.0,0.0,0.0,0.0,0.0,0.0,0.00510204081632653,0.8020230834025224
064,139.74463653564453,67.4011533706124,132.3439826965332,13.12985852346232,136.53282070159912,18.81069969296399,0.9176629083859975,0.8600514004447771,0.8691339142154509,0.833633599319045,0.030546188354492188,0.0,0.0,0.01373291015625,0.0078125,0.01141357421875,0.020263671875,0.0,0.00469970703125,0.009765625,0.0521240234375,0.0369873046875,0.02569580078125,0.0234375,0.0234375,0.02850341796875,0.01287841796875,0.0078125,0.046875,0.05767822265625,0.0467529296875,0.037841796875,0.05029296875,0.08172607421875,0.0078125,0.0078125,0.046875,0.0390625,0.0543212890625,0.0765380859375,0.0350341796875,0.05975341796875,0.0078125,0.00909423828125,0.0513916015625,0.0390625,0.06561279296875,0.0860595703125,0.03125,0.05950927734375,0.0078125,0.0078125,0.046875,0.055908203125,0.03125,0.03125,0.04974365234375,0.0546875,0.0078125,0.0078125,0.0494384765625,0.033447265625,0.03125,0.03125,0.03302001953125,0.0540771484375,0.0078125,0.00384521484375,0.01776123046875,0.0242919921875,0.015625,0.015625,0.02435302734375,0.03192138671875,0.0035400390625,0.5272357851046393,1.7788819301494718,982.2612654171986,0.3988495575221239,0.14221238938053096,0.12097345132743363,0.0931858407079646,0.06557522123893805,0.03884955752212389,0.031061946902654868,0.018938053097345132,0.015221238938053097,0.013628318584070797,0.012123893805309734,0.007964601769911504,0.005575221238938053,0.004424778761061947,0.0052212389380530974,0.0038938053097345134,0.0020353982300884955,0.0022123893805309734,0.0022123893805309734,0.01584070796460177,2.0299770056787305,94.85387219453551,0.42857142857142855,0.0,0.0,0.0,0.0,0.0,0.0,0.0,0.0,0.0,0.0,0.0,0.0,0.0,0.0,0.0,0.0,0.02197802197802198,0.4835164835164835,0.0,0.0,0.0,0.0,0.0,0.0,0.0,0.0,0.0,0.0,0.0,0.0,0.0,0.0,0.0,0.0,0.06593406593406594,0.9776716024734663
065,140.87515830993652,58.109504598825126,130.09889316558838,10.119802392464967,140.81821537017822,15.511481128304094,0.9476636793897842,0.9424910056899704,0.9405201176233244,0.9177863487780805,0.016937255859375,0.0,0.01336669921875,0.013916015625,0.0340576171875,0.0078125,0.0078125,0.00335693359375,0.0,0.01123046875,0.0440673828125,0.0,0.0,0.0,0.0,0.0,0.0,0.00909423828125,0.0,0.04571533203125,0.037109375,0.03717041015625,0.0465087890625,0.0,0.0,0.009033203125,0.0,0.06439208984375,0.02679443359375,0.02978515625,0.0482177734375,0.0,0.0,0.0078125,0.0,0.06640625,0.01806640625,0.0225830078125,0.07891845703125,0.0,0.0155029296875,0.0118408203125,0.0,0.0531005859375,0.034912109375,0.03125,0.05389404296875,0.0,0.0107421875,0.00946044921875,0.04443359375,0.0,0.0,0.0,0.0,0.0440673828125,0.01287841796875,0.0,0.0118408203125,0.0078125,0.03076171875,0.009033203125,0.0078125,0.01141357421875,0.0,0.24444184133881208,0.9363980659751125,663.1633762089339,0.26375,0.168046875,0.143359375,0.092421875,0.063828125,0.056015625,0.045625,0.038671875,0.0221875,0.0171875,0.012578125,0.011875,0.007421875,0.007734375,0.01015625,0.00515625,0.00390625,0.002265625,0.003828125,0.023984375,2.309523988047478,107.01080466187852,0.2413793103448276,0.0,0.0,0.0,0.0,0.0,0.0,0.0,0.022988505747126436,0.08045977011494253,0.0,0.0,0.0,0.0,0.0,0.0,0.0,0.0,0.42528735632183906,0.0,0.0,0.0,0.0,0.0,0.0,0.0,0.011494252873563218,0.20689655172413793,0.0,0.0,0.0,0.0,0.0,0.0,0.0,0.011494252873563218,1.424835808233133
066,124.77340984344482,57.06015743413879,123.84097003936768,7.445270099269526,132.9782419204712,7.160314253020118,0.9740997725017047,0.9551927154136091,0.9207559449195473,0.8750867803188326,0.020661354064941406,0.0025634765625,0.0078125,0.0078125,0.00885009765625,0.0078125,0.00897216796875,0.0078125,0.00262451171875,0.0078125,0.0203857421875,0.02874755859375,0.0234375,0.0234375,0.0234375,0.02349853515625,0.0078125,0.0089111328125,0.0303955078125,0.04449462890625,0.0380859375,0.03125,0.040283203125,0.0234375,0.0078125,0.0078125,0.026611328125,0.04168701171875,0.03857421875,0.0400390625,0.0390625,0.0234375,0.00872802734375,0.0078125,0.027099609375,0.0360107421875,0.0382080078125,0.04052734375,0.0384521484375,0.0234375,0.00897216796875,0.0078125,0.024658203125,0.0345458984375,0.03125,0.04833984375,0.0355224609375,0.03302001953125,0.0078125,0.0078125,0.02197265625,0.02935791015625,0.0234375,0.0234375,0.02813720703125,0.02093505859375,0.0078125,0.00262451171875,0.0078125,0.0078125,0.0078125,0.0078125,0.0078125,0.0078125,0.00299072265625,0.6204060588551399,0.9742810983800375,416.8632097440689,0.45953846153846156,0.12953846153846155,0.10107692307692308,0.07353846153846154,0.06353846153846154,0.049076923076923074,0.031846153846153843,0.019384615384615386,0.016153846153846154,0.009230769230769232,0.007846153846153846,0.008461538461538461,0.005692307692307693,0.0036923076923076922,0.0032307692307692306,0.0021538461538461538,0.0013846153846153845,0.0007692307692307692,0.00046153846153846153,0.013384615384615385,1.9009812423685455,90.0,0.3835616438356164,0.0,0.0,0.0,0.0,0.0,0.0,0.0,0.0,0.0,0.0,0.0,0.0,0.0,0.0,0.0,0.0,0.0,0.6164383561643836,0.0,0.0,0.0,0.0,0.0,0.0,0.0,0.0,0.0,0.0,0.0,0.0,0.0,0.0,0.0,0.0,0.0,0.6657808339624993
067,138.62918090820312,76.74214701081443,132.7607021331787,16.91366580631956,133.27221012115479,26.79717129910626,0.7861197721765475,0.8738281067087948,0.8499210723159742,0.8646416931735534,0.022237777709960938,0.00836181640625,0.0078125,0.0078125,0.0078125,0.02142333984375,0.0078125,0.0078125,0.0125732421875,0.0078125,0.042236328125,0.03125,0.03125,0.02801513671875,0.023193359375,0.02227783203125,0.01641845703125,0.0078125,0.042236328125,0.02093505859375,0.03399658203125,0.02752685546875,0.04034423828125,0.02587890625,0.0078125,0.0108642578125,0.0450439453125,0.018798828125,0.0496826171875,0.02691650390625,0.04302978515625,0.02288818359375,0.01446533203125,0.0107421875,0.03125,0.03472900390625,0.02276611328125,0.04425048828125,0.04010009765625,0.015625,0.01025390625,0.016357421875,0.03253173828125,0.0245361328125,0.0234375,0.04150390625,0.037841796875,0.02423095703125,0.0078125,0.0108642578125,0.02618408203125,0.0234375,0.0234375,0.0361328125,0.0234375,0.0208740234375,0.0078125,0.01336669921875,0.01971435546875,0.01593017578125,0.0211181640625,0.0164794921875,0.0078125,0.0078125,0.00872802734375,0.5075145331446991,1.378352890690897,695.7388751448977,0.3936904761904762,0.14607142857142857,0.11761904761904762,0.07797619047619048,0.06761904761904762,0.045,0.03428571428571429,0.023809523809523808,0.017380952380952382,0.012976190476190476,0.012619047619047618,0.008690476190476191,0.005357142857142857,0.004761904761904762,0.006071428571428571,0.002380952380952381,0.0015476190476190477,0.0020238095238095236,0.0013095238095238095,0.01880952380952381,2.053091354314145,90.73538843743066,0.4387755102040816,0.0,0.0,0.0,0.0,0.0,0.0,0.0,0.0,0.0,0.0,0.0,0.0,0.0,0.0,0.0,0.0,0.04081632653061224,0.46938775510204084,0.0,0.0,0.0,0.0,0.0,0.0,0.0,0.0,0.0,0.0,0.0,0.0,0.0,0.0,0.0,0.0,0.05102040816326531,0.9988299662218819
068,162.2872667312622,65.72884378252276,129.16330814361572,14.293453151426979,131.5125274658203,19.534871379096142,0.8918303076904891,0.8522558100594247,0.7812082333349262,0.7265627971096572,0.057483673095703125,0.05987548828125,0.0762939453125,0.0767822265625,0.059326171875,0.06341552734375,0.05828857421875,0.0582275390625,0.052490234375,0.048095703125,0.05499267578125,0.0560302734375,0.0709228515625,0.0687255859375,0.05914306640625,0.0384521484375,0.04931640625,0.04815673828125,0.05950927734375,0.0931396484375,0.0570068359375,0.0760498046875,0.107666015625,0.04486083984375,0.046875,0.05743408203125,0.0699462890625,0.064208984375,0.015380859375,0.00164794921875,0.0797119140625,0.043212890625,0.0521240234375,0.0570068359375,0.05694580078125,0.0732421875,0.01019287109375,0.00921630859375,0.08184814453125,0.03228759765625,0.0556640625,0.05078125,0.04815673828125,0.1011962890625,0.08465576171875,0.0648193359375,0.099853515625,0.0325927734375,0.056640625,0.046875,0.06982421875,0.07421875,0.0701904296875,0.0531005859375,0.0540771484375,0.05126953125,0.05352783203125,0.0523681640625,0.05535888671875,0.0557861328125,0.06158447265625,0.05572509765625,0.046875,0.0494384765625,0.04632568359375,0.3547728723898291,0.8264102847199165,415.21610045684173,0.4554391891891892,0.13567567567567568,0.10976351351351352,0.07929054054054054,0.054425675675675675,0.036554054054054055,0.02847972972972973,0.022837837837837837,0.014797297297297297,0.011283783783783783,0.00902027027027027,0.008445945945945946,0.005337837837837838,0.004628378378378379,0.0037837837837837837,0.002668918918918919,0.001722972972972973,0.0018243243243243243,0.0012837837837837837,0.012736486486486486,1.9118000851857238,0.056372159745863744,0.5151515151515151,0.0,0.0,0.0,0.0,0.0,0.0,0.0,0.0,0.0,0.0,0.0,0.0,0.0,0.0,0.0,0.0,0.012121212121212121,0.46060606060606063,0.0,0.0,0.0,0.0,0.0,0.0,0.0,0.0,0.0,0.0,0.0,0.0,0.0,0.0,0.0,0.0,0.012121212121212121,0.8057413564116239
069,153.36934566497803,77.17436740509363,128.3499755859375,5.368328066300652,130.4749517440796,10.741631204858907,0.8683705210035004,0.8667097020825943,0.7582438046653717,0.7745215057964233,0.042797088623046875,0.0198974609375,0.02655029296875,0.0234375,0.0234375,0.0245361328125,0.027099609375,0.03009033203125,0.0157470703125,0.0528564453125,0.054931640625,0.04345703125,0.04693603515625,0.05029296875,0.04986572265625,0.07147216796875,0.015625,0.0390625,0.06756591796875,0.0465087890625,0.03125,0.03692626953125,0.052490234375,0.05072021484375,0.015625,0.0418701171875,0.06524658203125,0.0526123046875,0.0125732421875,0.0390625,0.06573486328125,0.04925537109375,0.0228271484375,0.03594970703125,0.07269287109375,0.0423583984375,0.03131103515625,0.05572509765625,0.06573486328125,0.06317138671875,0.02764892578125,0.040283203125,0.0582275390625,0.05010986328125,0.0479736328125,0.0399169921875,0.05712890625,0.0625,0.0286865234375,0.038330078125,0.06085205078125,0.05511474609375,0.04913330078125,0.0478515625,0.0479736328125,0.06640625,0.03265380859375,0.04510498046875,0.0516357421875,0.028076171875,0.03448486328125,0.0372314453125,0.0291748046875,0.0284423828125,0.04156494140625,0.45806393057757744,1.136811609812755,571.4219576772595,0.38943502824858756,0.15033898305084745,0.11350282485875707,0.08259887005649717,0.06937853107344633,0.046723163841807906,0.03604519774011299,0.02169491525423729,0.016101694915254237,0.012146892655367232,0.008926553672316383,0.007740112994350282,0.00519774011299435,0.004971751412429379,0.004406779661016949,0.0035028248587570623,0.0034463276836158192,0.002542372881355932,0.0015819209039548022,0.019717514124293786,2.055797217941655,89.02370958796406,0.45054945054945056,0.0,0.0,0.0,0.0,0.0,0.0,0.0,0.0,0.0,0.0,0.0,0.0,0.0,0.005494505494505495,0.0,0.0,0.0,0.5384615384615384,0.0,0.0,0.0,0.0,0.0,0.0,0.0,0.0,0.0,0.0,0.0,0.0,0.0,0.0,0.0,0.0,0.005494505494505495,0.7497331091351207
070,140.57247734069824,72.7464504481556,130.85075569152832,15.39521509373958,130.67259120941162,24.41916542970842,0.8687887574836726,0.8332406450713616,0.8298761671138566,0.7820485114387175,0.03333473205566406,0.00537109375,0.017333984375,0.02423095703125,0.015625,0.015625,0.0225830078125,0.0194091796875,0.00848388671875,0.01220703125,0.04962158203125,0.043212890625,0.04022216796875,0.0538330078125,0.0521240234375,0.06732177734375,0.03125,0.0078125,0.0419921875,0.04754638671875,0.0234375,0.05047607421875,0.0718994140625,0.06597900390625,0.03125,0.01141357421875,0.052978515625,0.0445556640625,0.02532958984375,0.0394287109375,0.044921875,0.05316162109375,0.02252197265625,0.0,0.046875,0.0584716796875,0.02777099609375,0.036376953125,0.05126953125,0.046875,0.0078125,0.01397705078125,0.06268310546875,0.05743408203125,0.03521728515625,0.032958984375,0.06011962890625,0.05615234375,0.027587890625,0.0078125,0.05010986328125,0.03680419921875,0.03399658203125,0.03125,0.03729248046875,0.04949951171875,0.02178955078125,0.00469970703125,0.017578125,0.02313232421875,0.015625,0.015625,0.0289306640625,0.015625,0.0089111328125,0.4607044198201038,1.1961749791688687,842.9345647740604,0.4092028985507246,0.1327536231884058,0.11652173913043479,0.07789855072463768,0.06210144927536232,0.03702898550724638,0.026159420289855073,0.02036231884057971,0.016956521739130436,0.013478260869565217,0.011884057971014493,0.007753623188405797,0.00818840579710145,0.006376811594202898,0.005797101449275362,0.004420289855072463,0.003188405797101449,0.0026086956521739132,0.003188405797101449,0.034130434782608694,2.0626387075343025,95.10665970773994,0.3458646616541353,0.0,0.0,0.0,0.0,0.0,0.0,0.0,0.0,0.0,0.0,0.0,0.0,0.0,0.0,0.0,0.0,0.007518796992481203,0.5939849624060151,0.0,0.0,0.0,0.0,0.0,0.0,0.0,0.03759398496240601,0.007518796992481203,0.0,0.0,0.0,0.0,0.0,0.0,0.0,0.007518796992481203,0.9102658639693961
071,140.22780227661133,84.35402565303575,129.6327419281006,17.673768705864358,135.10307121276855,21.18074680313645,0.7432802093973697,0.7336302869137183,0.7883002782876358,0.7916749507653903,0.029013633728027344,0.0130615234375,0.011962890625,0.02154541015625,0.012939453125,0.02996826171875,0.01226806640625,0.0091552734375,0.02691650390625,0.036865234375,0.03240966796875,0.03900146484375,0.03411865234375,0.0416259765625,0.0426025390625,0.031982421875,0.0380859375,0.03045654296875,0.0194091796875,0.01708984375,0.0235595703125,0.0196533203125,0.03985595703125,0.019775390625,0.0240478515625,0.035400390625,0.03997802734375,0.0267333984375,0.0389404296875,0.0396728515625,0.04644775390625,0.02276611328125,0.02899169921875,0.02447509765625,0.03204345703125,0.040771484375,0.0316162109375,0.03289794921875,0.02105712890625,0.02947998046875,0.03564453125,0.02923583984375,0.02349853515625,0.03387451171875,0.0269775390625,0.03790283203125,0.02752685546875,0.01971435546875,0.02166748046875,0.029052734375,0.0347900390625,0.01324462890625,0.04913330078125,0.0333251953125,0.037109375,0.01318359375,0.0233154296875,0.03973388671875,0.03582763671875,0.0228271484375,0.0172119140625,0.038818359375,0.0230712890625,0.03546142578125,0.03509521484375,0.25722671083820275,1.402973230903512,656.4914409167666,0.45129964247753407,0.12899797081843656,0.09706251811769254,0.0686539762295874,0.05710696685670113,0.039085902019518795,0.030824234225529035,0.02454343414822688,0.017876123296936903,0.012513286307855831,0.01203014784037105,0.008889747801719973,0.006425741617547589,0.00613585853705672,0.005217895448835636,0.0043965600541115086,0.0021741231036815152,0.002077495410184559,0.002125809256933037,0.02256256643153928,1.9836630165592224,87.37036275207895,0.4396551724137931,0.0,0.0,0.0,0.0,0.0,0.0,0.0,0.0,0.0,0.0,0.0,0.0,0.0,0.0,0.0,0.0,0.09482758620689655,0.41379310344827586,0.0,0.0,0.0,0.0,0.0,0.0,0.0,0.0,0.0,0.0,0.0,0.0,0.0,0.0,0.0,0.0,0.05172413793103448,1.1030025996523147
072,123.7520580291748,73.98313048178657,138.80645847320557,25.416668079808403,129.32916641235352,32.193773095206915,0.6780872312786407,0.6812736199844788,0.6898147505480737,0.7017321294708082,0.039855003356933594,0.02093505859375,0.017333984375,0.0150146484375,0.01348876953125,0.03265380859375,0.03125,0.0,0.0,0.0390625,0.0328369140625,0.015625,0.04345703125,0.02581787109375,0.05279541015625,0.020751953125,0.015625,0.04852294921875,0.03125,0.0208740234375,0.0537109375,0.0438232421875,0.04486083984375,0.08111572265625,0.02667236328125,0.0384521484375,0.034423828125,0.06121826171875,0.0587158203125,0.05621337890625,0.067626953125,0.0596923828125,0.03521728515625,0.050048828125,0.0340576171875,0.0458984375,0.05645751953125,0.04498291015625,0.056640625,0.0601806640625,0.03759765625,0.0513916015625,0.03924560546875,0.05908203125,0.046142578125,0.051513671875,0.0501708984375,0.06292724609375,0.0372314453125,0.0662841796875,0.03961181640625,0.0311279296875,0.0523681640625,0.0572509765625,0.03521728515625,0.04351806640625,0.040771484375,0.03106689453125,0.0362548828125,0.01837158203125,0.0382080078125,0.039794921875,0.041015625,0.03753662109375,0.01971435546875,0.26484428973809043,0.4108372959825312,621.4114165980498,0.5795390070921986,0.10177304964539007,0.08113475177304964,0.0575177304964539,0.04808510638297872,0.028581560283687944,0.022624113475177305,0.015354609929078014,0.012304964539007092,0.008581560283687943,0.006382978723404255,0.005567375886524823,0.004326241134751773,0.0028368794326241137,0.0026595744680851063,0.002340425531914894,0.0015957446808510637,0.0013120567375886525,0.0012411347517730497,0.01624113475177305,1.6345608448915203,90.00189514391616,0.3535714285714286,0.0,0.0,0.0,0.0,0.0,0.0,0.0,0.0,0.0,0.0,0.0,0.0,0.0,0.0,0.0,0.0,0.06785714285714285,0.5464285714285714,0.0,0.0,0.0,0.0,0.0,0.0,0.0,0.0,0.0,0.0,0.0,0.0,0.0,0.0,0.0,0.0,0.03214285714285714,0.9908852141101234
073,119.91822624206543,69.06559580929967,132.57625102996826,26.504312620464418,141.7464075088501,38.220756371636305,0.698281124176528,0.6760821083059455,0.7421084923513666,0.7306429979652734,0.055515289306640625,0.0118408203125,0.03900146484375,0.02593994140625,0.015625,0.00714111328125,0.02423095703125,0.0189208984375,0.01025390625,0.05133056640625,0.091796875,0.08148193359375,0.04473876953125,0.05615234375,0.05926513671875,0.10089111328125,0.0517578125,0.07598876953125,0.10516357421875,0.08673095703125,0.05572509765625,0.06365966796875,0.07965087890625,0.09906005859375,0.0721435546875,0.0225830078125,0.05950927734375,0.111572265625,0.10614013671875,0.11724853515625,0.101806640625,0.0885009765625,0.0386962890625,0.019287109375,0.06494140625,0.127197265625,0.05926513671875,0.10467529296875,0.13275146484375,0.06781005859375,0.0335693359375,0.0587158203125,0.09698486328125,0.04541015625,0.08245849609375,0.0570068359375,0.05731201171875,0.08978271484375,0.0394287109375,0.03326416015625,0.03302001953125,0.02935791015625,0.0496826171875,0.02874755859375,0.03955078125,0.03564453125,0.04315185546875,0.01812744140625,0.03289794921875,0.00927734375,0.0093994140625,0.01080322265625,0.0223388671875,0.0250244140625,0.02154541015625,0.12566360015675282,0.8338608643913,731.7623870757982,0.27544071346343224,0.16088988751577693,0.1402932079501796,0.10014008516068185,0.07436996352237896,0.05940443001983384,0.03926545444458314,0.03310725530173789,0.020957294830718873,0.015450977128670301,0.013717249892508911,0.010069487787625349,0.008418979458799707,0.007129086395095632,0.0071152165772063415,0.005007004258034092,0.0036338922869942718,0.0021359519549508316,0.002552046491629565,0.020901815559161707,2.273393140229063,170.55550659183675,0.12186379928315412,0.0,0.0,0.0,0.005376344086021506,0.005376344086021506,0.10752688172043011,0.15949820788530467,0.0,0.0035842293906810036,0.0,0.0,0.0,0.0,0.0,0.0,0.0,0.044802867383512544,0.21505376344086022,0.0,0.0,0.0,0.0,0.0,0.0,0.0,0.0,0.0,0.18458781362007168,0.12544802867383512,0.0017921146953405018,0.0,0.0,0.0,0.0017921146953405018,0.023297491039426525,2.0176550164704716
074,123.36025905609131,65.2815990732609,131.71038150787354,27.352832364896525,144.81611251831055,36.57531280091499,0.7098568098398785,0.7304569234999926,0.7615146489091953,0.7727446434653605,0.03066253662109375,0.02545166015625,0.02801513671875,0.0174560546875,0.0284423828125,0.02947998046875,0.03265380859375,0.037353515625,0.01678466796875,0.0325927734375,0.05072021484375,0.0426025390625,0.031005859375,0.030517578125,0.0357666015625,0.02490234375,0.0152587890625,0.013427734375,0.01739501953125,0.01470947265625,0.02972412109375,0.03765869140625,0.0296630859375,0.03936767578125,0.00555419921875,0.02691650390625,0.04034423828125,0.03277587890625,0.055908203125,0.04827880859375,0.01776123046875,0.0537109375,0.0201416015625,0.0360107421875,0.03509521484375,0.05743408203125,0.0325927734375,0.02801513671875,0.01678466796875,0.05194091796875,0.00689697265625,0.021240234375,0.026123046875,0.0313720703125,0.03460693359375,0.03375244140625,0.0166015625,0.051513671875,0.03125,0.03668212890625,0.02630615234375,0.02081298828125,0.03857421875,0.04681396484375,0.05438232421875,0.04730224609375,0.0,0.04754638671875,0.0311279296875,0.03753662109375,0.0284423828125,0.0264892578125,0.03118896484375,0.015625,0.0,0.2120180098045239,1.2167483701434574,466.4131588471377,0.48761622001718885,0.13270568013126025,0.09805453551058677,0.06492694741776701,0.04902726775529338,0.037854519884365966,0.02539260879756231,0.019103054926166107,0.012579107742792405,0.010039846863036175,0.009571060239081178,0.009844519103054927,0.005391046175482459,0.004844128447534964,0.004609735135557466,0.0033205719196812253,0.0021876709117899834,0.001992343151808735,0.0015626220798499882,0.019376513790139854,1.865387980137129,87.53263777139637,0.4600760456273764,0.0,0.0,0.0,0.0,0.0,0.0,0.0,0.0,0.0,0.0,0.0,0.0,0.0,0.0,0.0,0.0,0.06844106463878327,0.4372623574144487,0.0038022813688212928,0.0,0.0,0.0,0.0,0.0,0.0,0.0,0.0,0.0,0.0,0.0,0.0,0.0,0.0,0.0,0.030418250950570342,1.0298723791186426
075,128.15562438964844,87.75952723039768,126.19931221008301,1.9581022869113682,127.0544376373291,3.12650973522434,0.9668950304831244,0.9635120800054296,0.9604369023725757,0.9343663724046601,0.017701148986816406,0.02996826171875,0.015625,0.03106689453125,0.0167236328125,0.01934814453125,0.01702880859375,0.01519775390625,0.00714111328125,0.0274658203125,0.02069091796875,0.0184326171875,0.0078125,0.01141357421875,0.0147705078125,0.020263671875,0.0078125,0.015625,0.026123046875,0.0213623046875,0.018310546875,0.017333984375,0.02154541015625,0.02691650390625,0.02301025390625,0.015625,0.0234375,0.0078125,0.0078125,0.009033203125,0.0078125,0.0234375,0.015625,0.015625,0.0234375,0.0078125,0.0078125,0.01531982421875,0.0078125,0.0234375,0.015625,0.019287109375,0.0286865234375,0.02496337890625,0.01806640625,0.02252197265625,0.02313232421875,0.02813720703125,0.03900146484375,0.0078125,0.02069091796875,0.0150146484375,0.0078125,0.0078125,0.0150146484375,0.02069091796875,0.0185546875,0.00726318359375,0.0152587890625,0.01416015625,0.01666259765625,0.01751708984375,0.02874755859375,0.015625,0.02197265625,0.4266613953921478,1.0205372973822573,786.1373555469064,0.363625,0.14975,0.11725,0.074625,0.060625,0.054875,0.037125,0.0295,0.021125,0.0125,0.0105,0.008375,0.006375,0.006,0.006,0.004875,0.004375,0.001875,0.002625,0.028,2.1476011542309243,90.03003205431715,0.4,0.0,0.0,0.0,0.0,0.0,0.0,0.0,0.0,0.0,0.0,0.0,0.0,0.0,0.0,0.0,0.0,0.013333333333333334,0.5866666666666667,0.0,0.0,0.0,0.0,0.0,0.0,0.0,0.0,0.0,0.0,0.0,0.0,0.0,0.0,0.0,0.0,0.0,0.7369512423060685
076,171.01877880096436,70.01227043253587,129.2539234161377,9.061236950382556,136.72813892364502,17.03260353739296,0.9502857300261022,0.942261257824942,0.9046781231628688,0.8885377116518953,0.03660011291503906,0.03204345703125,0.0496826171875,0.05816650390625,0.015625,0.015625,0.06182861328125,0.046142578125,0.05523681640625,0.04217529296875,0.00567626953125,0.01318359375,0.062744140625,0.0623779296875,0.01123046875,0.0057373046875,0.07769775390625,0.0408935546875,0.0272216796875,0.063720703125,0.00885009765625,0.0078125,0.0577392578125,0.026611328125,0.065185546875,0.0,0.0574951171875,0.0234375,0.0316162109375,0.031982421875,0.017822265625,0.0634765625,0.03228759765625,0.0,0.06878662109375,0.02447509765625,0.03125,0.03021240234375,0.015625,0.06585693359375,0.02667236328125,0.04107666015625,0.02764892578125,0.06500244140625,0.0091552734375,0.0078125,0.0611572265625,0.0137939453125,0.0791015625,0.0343017578125,0.017333984375,0.0208740234375,0.0645751953125,0.0537109375,0.0052490234375,0.0,0.06201171875,0.04302978515625,0.0562744140625,0.05828857421875,0.0194091796875,0.02313232421875,0.062255859375,0.0472412109375,0.0357666015625,0.1280325123231518,0.880415364967374,813.789458874738,0.19535031847133758,0.1905732484076433,0.15409766454352442,0.10498938428874735,0.08210191082802548,0.0632484076433121,0.0448619957537155,0.03335456475583864,0.020254777070063693,0.016645435244161358,0.016072186836518048,0.01129511677282378,0.00929936305732484,0.00821656050955414,0.00791932059447983,0.005498938428874734,0.003970276008492569,0.002356687898089172,0.0031422505307855627,0.0267515923566879,2.357526512090209,74.24222651141393,0.12594458438287154,0.010075566750629723,0.0025188916876574307,0.0,0.0025188916876574307,0.10327455919395466,0.030226700251889168,0.007556675062972292,0.005037783375314861,0.05037783375314862,0.0,0.017632241813602016,0.0982367758186398,0.005037783375314861,0.0025188916876574307,0.010075566750629723,0.0,0.015113350125944584,0.15113350125944586,0.0,0.0025188916876574307,0.017632241813602016,0.005037783375314861,0.10327455919395466,0.017632241813602016,0.005037783375314861,0.007556675062972292,0.03526448362720403,0.012594458438287154,0.027707808564231738,0.07808564231738035,0.0,0.010075566750629723,0.010075566750629723,0.005037783375314861,0.02518891687657431,2.7936189440381205
077,143.57683277130127,70.22535757981967,135.55782794952393,16.524162041736027,123.88698387145996,15.523274541441543,0.9127606260256808,0.8794443343141284,0.926804505590549,0.8999922127946988,0.014197349548339844,0.01763916015625,0.0,0.02105712890625,0.015625,0.015625,0.02740478515625,0.0078125,0.0078125,0.0078125,0.0,0.016845703125,0.0078125,0.0078125,0.03277587890625,0.0078125,0.001708984375,0.01470947265625,0.01068115234375,0.0184326171875,0.0078125,0.0113525390625,0.036865234375,0.01568603515625,0.02337646484375,0.0078125,0.0078125,0.011474609375,0.013916015625,0.01715087890625,0.02593994140625,0.0078125,0.016845703125,0.0078125,0.0078125,0.0234375,0.01751708984375,0.01287841796875,0.01904296875,0.0078125,0.015625,0.01922607421875,0.01776123046875,0.03326416015625,0.01092529296875,0.0078125,0.033935546875,0.010009765625,0.0235595703125,0.0,0.0,0.032958984375,0.0244140625,0.0194091796875,0.015869140625,0.0,0.015625,0.0078125,0.0078125,0.01666259765625,0.0078125,0.0078125,0.01873779296875,0.0,0.02203369140625,0.6695154312680044,2.4741563868246645,502.0038143117379,0.5134146341463415,0.1248780487804878,0.10926829268292683,0.055609756097560976,0.041463414634146344,0.02926829268292683,0.02024390243902439,0.016097560975609757,0.014634146341463415,0.013414634146341463,0.01024390243902439,0.006829268292682927,0.006585365853658536,0.004146341463414634,0.004634146341463414,0.0012195121951219512,0.0012195121951219512,0.0014634146341463415,0.000975609756097561,0.024390243902439025,1.7900382109937767,87.69159196496442,0.4745762711864407,0.0,0.0,0.0,0.0,0.0,0.0,0.0,0.0,0.0,0.0,0.0,0.0,0.0,0.0,0.0,0.0,0.03389830508474576,0.4745762711864407,0.0,0.0,0.0,0.0,0.0,0.0,0.0,0.0,0.0,0.0,0.0,0.0,0.0,0.0,0.0,0.0,0.01694915254237288,0.8912705467712905
078,158.66293334960938,53.778188164230386,133.09850215911865,11.921594659251143,136.0990285873413,16.127784073790803,0.913170855116742,0.9000542735616689,0.9334380498150927,0.9207703532255346,0.012681007385253906,0.0123291015625,0.0078125,0.0078125,0.0142822265625,0.0145263671875,0.0234375,0.0234375,0.0340576171875,0.0078125,0.0242919921875,0.0078125,0.02020263671875,0.00927734375,0.016357421875,0.022216796875,0.0234375,0.01611328125,0.01812744140625,0.0,0.01568603515625,0.0,0.00384521484375,0.02557373046875,0.029052734375,0.0,0.02447509765625,0.0177001953125,0.01531982421875,0.009033203125,0.0078125,0.02398681640625,0.00701904296875,0.00872802734375,0.012939453125,0.0078125,0.00927734375,0.0,0.0,0.01641845703125,0.00933837890625,0.0078125,0.01031494140625,0.01678466796875,0.01446533203125,0.0,0.0,0.015625,0.0078125,0.0078125,0.0,0.0120849609375,0.010986328125,0.0103759765625,0.0078125,0.02294921875,0.0078125,0.01507568359375,0.0089111328125,0.0103759765625,0.01580810546875,0.01123046875,0.01654052734375,0.01556396484375,0.01806640625,0.5547922060165243,1.4358573447348624,569.8214234381705,0.43761904761904763,0.12476190476190477,0.1019047619047619,0.06928571428571428,0.048095238095238094,0.04428571428571428,0.033095238095238094,0.02642857142857143,0.017380952380952382,0.012380952380952381,0.012380952380952381,0.011666666666666667,0.005952380952380952,0.006904761904761905,0.004285714285714286,0.004761904761904762,0.002857142857142857,0.002142857142857143,0.002619047619047619,0.031190476190476192,2.030245750053015,179.91699256540434,0.5405405405405406,0.0,0.0,0.0,0.0,0.0,0.0,0.0,0.0,0.0,0.0,0.0,0.0,0.0,0.0,0.0,0.0,0.0,0.4189189189189189,0.0,0.0,0.0,0.0,0.0,0.0,0.0,0.0,0.0,0.0,0.0,0.0,0.0,0.0,0.0,0.0,0.04054054054054054,0.8269756557771251
079,126.03182601928711,65.5228991185303,136.65147304534912,23.54334667245626,135.74874019622803,27.339838950831123,0.7563884210540582,0.7618376508783639,0.8238025537534859,0.8050142257004992,0.040215492248535156,0.027099609375,0.078369140625,0.0167236328125,0.01788330078125,0.03851318359375,0.02923583984375,0.04296875,0.0528564453125,0.09051513671875,0.007568359375,0.0078125,0.0078125,0.0,0.05267333984375,0.09454345703125,0.0,0.06591796875,0.05621337890625,0.01263427734375,0.025146484375,0.0078125,0.02447509765625,0.06158447265625,0.0,0.04876708984375,0.07269287109375,0.00897216796875,0.02734375,0.0587158203125,0.06292724609375,0.06597900390625,0.01318359375,0.0289306640625,0.04986572265625,0.04632568359375,0.014892578125,0.119140625,0.130126953125,0.071044921875,0.072998046875,0.05224609375,0.0194091796875,0.06353759765625,0.05364990234375,0.01324462890625,0.02197265625,0.0078125,0.0748291015625,0.00909423828125,0.10687255859375,0.00555419921875,0.01629638671875,0.05828857421875,0.0443115234375,0.0078125,0.03900146484375,0.04364013671875,0.052734375,0.0,0.0078125,0.0828857421875,0.04443359375,0.0035400390625,0.0345458984375,0.09453340293168287,0.957590500106491,831.756020375736,0.18896813353566008,0.18437025796661607,0.1596661608497724,0.1063277693474962,0.0754628224582701,0.06676783004552352,0.0475113808801214,0.03644916540212443,0.023444613050075874,0.018239757207890745,0.01584218512898331,0.012306525037936267,0.009468892261001517,0.00817905918057663,0.008482549317147193,0.005918057663125948,0.004461305007587253,0.0021092564491654022,0.0032169954476479515,0.022807283763277692,2.3759078672774847,20.080079311132963,0.059063136456211814,0.008146639511201629,0.004073319755600814,0.06313645621181263,0.026476578411405296,0.02240325865580448,0.008146639511201629,0.04073319755600815,0.05702647657841141,0.06109979633401222,0.024439918533604887,0.03054989816700611,0.04276985743380855,0.07331975560081466,0.006109979633401222,0.006109979633401222,0.006109979633401222,0.0,0.03054989816700611,0.0,0.0,0.008146639511201629,0.024439918533604887,0.048879837067209775,0.05295315682281059,0.024439918533604887,0.028513238289205704,0.0855397148676171,0.024439918533604887,0.024439918533604887,0.012219959266802444,0.018329938900203666,0.024439918533604887,0.010183299389002037,0.026476578411405296,0.016293279022403257,3.2564241473409714
080,143.12832641601562,72.13083758867997,132.3556547164917,15.385910267242197,137.49481296539307,21.630328448878018,0.8067832037179544,0.834563640241753,0.8518607417055253,0.8557110691114252,0.0243682861328125,0.0078125,0.0159912109375,0.02581787109375,0.0078125,0.0079345703125,0.0,0.01007080078125,0.0,0.00885009765625,0.01336669921875,0.03973388671875,0.02569580078125,0.0147705078125,0.0,0.0205078125,0.0078125,0.0,0.0089111328125,0.0,0.0616455078125,0.03594970703125,0.0078125,0.0130615234375,0.0115966796875,0.015625,0.0228271484375,0.0078125,0.061279296875,0.0506591796875,0.0101318359375,0.00946044921875,0.01080322265625,0.0078125,0.048095703125,0.03509521484375,0.0396728515625,0.0677490234375,0.02020263671875,0.01959228515625,0.0455322265625,0.0,0.02154541015625,0.0166015625,0.02630615234375,0.03045654296875,0.03143310546875,0.055908203125,0.0078125,0.01324462890625,0.04791259765625,0.0335693359375,0.03057861328125,0.05120849609375,0.06304931640625,0.02685546875,0.0098876953125,0.06634521484375,0.0430908203125,0.0,0.0,0.05596923828125,0.08831787109375,0.01165771484375,0.01031494140625,0.1327878444982857,1.047091794963664,802.5112887765835,0.2123202614379085,0.17836601307189542,0.15931372549019607,0.09225490196078431,0.06754901960784314,0.05758169934640523,0.04771241830065359,0.036960784313725493,0.023627450980392158,0.017745098039215687,0.01656862745098039,0.010718954248366013,0.009934640522875817,0.009444444444444445,0.010816993464052288,0.006437908496732026,0.004052287581699347,0.0020915032679738564,0.005032679738562092,0.03147058823529412,2.381073934989923,128.27294642438954,0.16489361702127658,0.0,0.0,0.0,0.0,0.0,0.010638297872340425,0.0,0.015957446808510637,0.14361702127659576,0.0,0.0,0.0,0.0,0.0,0.0,0.0,0.0425531914893617,0.19148936170212766,0.0,0.0,0.0,0.0,0.0,0.0,0.0,0.0851063829787234,0.3351063829787234,0.0,0.0,0.0,0.0,0.0,0.0,0.0,0.010638297872340425,1.7655337407780225
081,141.45531940460205,67.81102605998232,132.63454246520996,18.923615178399395,137.77759456634521,22.833060878931096,0.7523567911374758,0.7690825848882042,0.7075826099072257,0.753188534647792,0.05474662780761719,0.07415771484375,0.09344482421875,0.012939453125,0.015625,0.08770751953125,0.0670166015625,0.0301513671875,0.0078125,0.04437255859375,0.049072265625,0.0830078125,0.10931396484375,0.03900146484375,0.036865234375,0.0528564453125,0.05694580078125,0.03009033203125,0.0369873046875,0.04974365234375,0.07342529296875,0.024169921875,0.11700439453125,0.04022216796875,0.06195068359375,0.1051025390625,0.07867431640625,0.04095458984375,0.06243896484375,0.08734130859375,0.0885009765625,0.0401611328125,0.0738525390625,0.022216796875,0.0382080078125,0.06146240234375,0.06500244140625,0.119384765625,0.0743408203125,0.06134033203125,0.1036376953125,0.04266357421875,0.066162109375,0.03131103515625,0.09271240234375,0.0389404296875,0.05633544921875,0.04217529296875,0.02679443359375,0.024169921875,0.03790283203125,0.04571533203125,0.0147705078125,0.02972412109375,0.07598876953125,0.07049560546875,0.02691650390625,0.03509521484375,0.08367919921875,0.0037841796875,0.094482421875,0.0328369140625,0.032958984375,0.03497314453125,0.04669189453125,0.09440172945147186,0.6500156045004755,628.2068133802079,0.3056512141280353,0.16407284768211922,0.13375275938189846,0.09984547461368654,0.07566225165562913,0.05763796909492274,0.03740618101545254,0.02836644591611479,0.018962472406181017,0.01433774834437086,0.012350993377483443,0.010022075055187638,0.007273730684326711,0.005684326710816777,0.004856512141280353,0.0034547461368653423,0.002891832229580574,0.0019426048565121413,0.0021412803532008832,0.013686534216335542,2.1897839830315347,7.137901993568869,0.17659137577002054,0.059548254620123205,0.004106776180698152,0.008213552361396304,0.10677618069815195,0.043121149897330596,0.06570841889117043,0.028747433264887063,0.0,0.002053388090349076,0.0,0.0,0.0,0.0,0.0,0.0,0.0,0.049281314168377825,0.2299794661190965,0.0,0.0,0.0,0.0,0.0,0.0,0.0,0.028747433264887063,0.012320328542094456,0.028747433264887063,0.07597535934291581,0.012320328542094456,0.022587268993839837,0.0,0.02053388090349076,0.0,0.024640657084188913,2.4554667097663274
082,128.86168003082275,75.23842405844061,134.3234987258911,21.39068746234018,138.0753870010376,26.477742037695727,0.8665156204962355,0.7385034179803288,0.8506812988542627,0.7396566593717679,0.05777168273925781,0.01141357421875,0.0078125,0.015625,0.01116943359375,0.0072021484375,0.0264892578125,0.023193359375,0.0155029296875,0.02972412109375,0.04791259765625,0.054443359375,0.05126953125,0.0501708984375,0.07818603515625,0.03424072265625,0.00518798828125,0.025634765625,0.04132080078125,0.12396240234375,0.16168212890625,0.16632080078125,0.12457275390625,0.065185546875,0.03948974609375,0.0267333984375,0.03143310546875,0.165283203125,0.1243896484375,0.12408447265625,0.15960693359375,0.03363037109375,0.02880859375,0.016845703125,0.03369140625,0.15447998046875,0.1290283203125,0.12860107421875,0.14605712890625,0.03399658203125,0.01666259765625,0.01776123046875,0.0618896484375,0.1002197265625,0.15618896484375,0.157958984375,0.10650634765625,0.02294921875,0.01007080078125,0.0057373046875,0.03997802734375,0.08160400390625,0.0401611328125,0.0419921875,0.06549072265625,0.06005859375,0.01678466796875,0.00885009765625,0.02532958984375,0.03729248046875,0.01617431640625,0.00897216796875,0.015625,0.015625,0.01312255859375,0.10824726571978811,0.7425259908813531,804.6371062960151,0.22512384421731615,0.1855168973398146,0.1477081568964117,0.10124482290566957,0.07613954081928605,0.06145225471884172,0.042971333109040916,0.032947782405420144,0.02266900240147569,0.01697274847152453,0.015383366010417995,0.01095165725025233,0.007958513637365569,0.007378447045720849,0.007100015081731382,0.005383017970463009,0.00407206747334594,0.002563894335069666,0.002842326299059132,0.023620311611773033,2.327222660586124,152.2101545030743,0.1646746347941567,0.00796812749003984,0.021248339973439574,0.0199203187250996,0.013280212483399735,0.00796812749003984,0.00398406374501992,0.010624169986719787,0.02656042496679947,0.027888446215139442,0.014608233731739707,0.006640106241699867,0.04780876494023904,0.017264276228419653,0.014608233731739707,0.0026560424966799467,0.006640106241699867,0.021248339973439574,0.11288180610889774,0.01593625498007968,0.04249667994687915,0.025232403718459494,0.017264276228419653,0.04249667994687915,0.013280212483399735,0.0199203187250996,0.01859229747675963,0.043824701195219126,0.02656042496679947,0.027888446215139442,0.00398406374501992,0.0199203187250996,0.029216467463479414,0.029216467463479414,0.02257636122177955,0.05312084993359894,3.1951649597638854
083,125.37672424316406,77.98151267185516,141.46188831329346,21.590472555185,135.99051761627197,24.138546489956973,0.7418615106082593,0.7144497660204859,0.5893748717251146,0.5615913341738374,0.14142799377441406,0.17706298828125,0.1505126953125,0.22442626953125,0.17333984375,0.168212890625,0.21392822265625,0.15875244140625,0.14373779296875,0.14593505859375,0.21240234375,0.16314697265625,0.14654541015625,0.13970947265625,0.16595458984375,0.21453857421875,0.1109619140625,0.119873046875,0.1241455078125,0.1007080078125,0.11370849609375,0.14501953125,0.08477783203125,0.10479736328125,0.10748291015625,0.16839599609375,0.09320068359375,0.10052490234375,0.11065673828125,0.119140625,0.0743408203125,0.0487060546875,0.16436767578125,0.143310546875,0.10015869140625,0.10382080078125,0.12811279296875,0.08953857421875,0.10028076171875,0.0782470703125,0.149658203125,0.154541015625,0.1080322265625,0.08880615234375,0.13250732421875,0.10992431640625,0.11962890625,0.10589599609375,0.169921875,0.1717529296875,0.2225341796875,0.150390625,0.16748046875,0.10467529296875,0.149658203125,0.22119140625,0.1126708984375,0.16680908203125,0.16375732421875,0.20855712890625,0.1610107421875,0.1632080078125,0.20758056640625,0.1602783203125,0.1484375,0.07776430681940648,1.1402767939519534,815.9583719231965,0.20227155012948575,0.18775804661487236,0.1527524972253052,0.09753237143914169,0.07054384017758046,0.06427672955974843,0.045353311135775065,0.037695153533111356,0.021461339252682204,0.01902330743618202,0.015112837587865335,0.011235664076951535,0.010466148723640399,0.009359970403255641,0.011161672216056235,0.006196818349981502,0.004298927118017018,0.0021827598964113946,0.004972253052164262,0.026344802071772106,2.3823551040492617,150.40640628255045,0.07919847328244274,0.016698473282442748,0.008587786259541985,0.0028625954198473282,0.0014312977099236641,0.0019083969465648854,0.008110687022900763,0.01049618320610687,0.06202290076335878,0.17557251908396945,0.025763358778625955,0.0057251908396946565,0.009541984732824428,0.00715648854961832,0.005248091603053435,0.006679389312977099,0.008110687022900763,0.02767175572519084,0.04580152671755725,0.006202290076335878,0.0057251908396946565,0.00715648854961832,0.019561068702290078,0.011450381679389313,0.014790076335877863,0.02767175572519084,0.11307251908396947,0.15076335877862596,0.022900763358778626,0.015744274809160304,0.003816793893129771,0.007633587786259542,0.0057251908396946565,0.006679389312977099,0.022900763358778626,0.04961832061068702,2.883704490060654
084,105.2273530960083,79.05713573670434,137.8145875930786,22.667049034828203,136.45286560058594,26.271769813960347,0.5890001868737191,0.5890286278794221,0.44573808965798173,0.46522658759637686,0.15946578979492188,0.10406494140625,0.1695556640625,0.20806884765625,0.13323974609375,0.12554931640625,0.0806884765625,0.19219970703125,0.14337158203125,0.17193603515625,0.173828125,0.18511962890625,0.22705078125,0.193359375,0.12103271484375,0.20684814453125,0.19427490234375,0.15948486328125,0.08154296875,0.23333740234375,0.09796142578125,0.1661376953125,0.193115234375,0.19683837890625,0.15673828125,0.05499267578125,0.146728515625,0.07904052734375,0.04864501953125,0.14447021484375,0.17608642578125,0.14404296875,0.1580810546875,0.1512451171875,0.1531982421875,0.19189453125,0.19952392578125,0.190185546875,0.15277099609375,0.14361572265625,0.12139892578125,0.19775390625,0.205322265625,0.2052001953125,0.19183349609375,0.15704345703125,0.20477294921875,0.12762451171875,0.13177490234375,0.18414306640625,0.2099609375,0.13848876953125,0.21527099609375,0.19622802734375,0.15972900390625,0.18499755859375,0.11871337890625,0.1207275390625,0.1875,0.086669921875,0.1429443359375,0.147705078125,0.20440673828125,0.16845703125,0.14727783203125,0.07439386558602924,0.7614756537641385,719.1086542959729,0.1863008863804532,0.1879541422728863,0.15796952931742822,0.10434707228195753,0.07279898699376779,0.06501568116309958,0.04704658528354577,0.037916526057356216,0.020594491004616113,0.017839064517227606,0.013873107966278534,0.011792606169059347,0.01147371973287843,0.010548020272508583,0.012517066616305314,0.006786398719500679,0.004130043746265469,0.0021764773265551905,0.005507756989959721,0.023411837188350427,2.3949369775933844,44.140392373215036,0.02088061733999092,0.008170676350431231,0.016795279164775308,0.024965955515206535,0.020426690876078075,0.008170676350431231,0.011348161597821153,0.009078529278256923,0.058102587380844305,0.26781661370857923,0.017703132092601,0.014525646845211076,0.016795279164775308,0.024058102587380843,0.006354970494779845,0.006354970494779845,0.0018157058556513845,0.01044030866999546,0.03177485247389923,0.003631411711302769,0.003631411711302769,0.004539264639128461,0.006354970494779845,0.0040853381752156154,0.008170676350431231,0.011348161597821153,0.11257376305038584,0.23104857013163868,0.006808896958692692,0.006354970494779845,0.0031774852473899226,0.0027235587834770767,0.005901044030866999,0.0031774852473899226,0.004539264639128461,0.006354970494779845,2.535523622385207
085,120.5210132598877,71.52111042593475,134.74936962127686,18.95245164103263,131.78346920013428,25.07026152443598,0.7331259190249216,0.6482775952551838,0.6646812443314327,0.6269016586516488,0.09325408935546875,0.0166015625,0.06414794921875,0.02252197265625,0.1181640625,0.11944580078125,0.06658935546875,0.05242919921875,0.061767578125,0.06024169921875,0.0325927734375,0.06781005859375,0.16864013671875,0.1700439453125,0.0703125,0.0806884765625,0.13873291015625,0.0794677734375,0.1546630859375,0.05426025390625,0.144775390625,0.138427734375,0.060546875,0.146728515625,0.0997314453125,0.0758056640625,0.2041015625,0.08819580078125,0.15789794921875,0.138671875,0.09033203125,0.1922607421875,0.0389404296875,0.02947998046875,0.18133544921875,0.0938720703125,0.095458984375,0.12286376953125,0.09295654296875,0.15350341796875,0.07464599609375,0.09912109375,0.14825439453125,0.06524658203125,0.08697509765625,0.08612060546875,0.06219482421875,0.18096923828125,0.06793212890625,0.12908935546875,0.08837890625,0.0714111328125,0.1182861328125,0.12628173828125,0.07275390625,0.0347900390625,0.08880615234375,0.05224609375,0.0631103515625,0.055908203125,0.07403564453125,0.0904541015625,0.01776123046875,0.057861328125,0.0106201171875,0.09681642107328002,0.7605636745630998,691.6434289961388,0.25216420719282534,0.18331191838959623,0.1495412010538748,0.0997287440459967,0.06779452037015406,0.059870991187426184,0.04214201352386144,0.03044166699113551,0.018449298498358187,0.01483471557061091,0.01273215745824086,0.009831405988396994,0.009059170138483303,0.008014380459188309,0.00884502070111228,0.0053472465573855595,0.0034977741437267193,0.0015314929460473205,0.0038027748575581773,0.019059299926021102,2.27783024863444,99.63460297058477,0.0961416824794434,0.0031625553447185324,0.0018975332068311196,0.003795066413662239,0.008855154965211892,0.01265022137887413,0.0056925996204933585,0.02340290955091714,0.036053130929791274,0.06957621758380772,0.015180265654648957,0.003795066413662239,0.0031625553447185324,0.006325110689437065,0.02719797596457938,0.026565464895635674,0.027830487033523088,0.09740670461733081,0.16065781151170144,0.01454775458570525,0.01454775458570525,0.010120177103099304,0.003795066413662239,0.01454775458570525,0.02340290955091714,0.043010752688172046,0.03984819734345351,0.08159392789373814,0.0196078431372549,0.0290955091714105,0.01644528779253637,0.008222643896268185,0.009487666034155597,0.0006325110689437065,0.0056925996204933585,0.036053130929791274,3.0392096169447607
086,106.64300727844238,67.66659642622979,142.0135202407837,23.1807021656349,136.43261909484863,31.84636864298687,0.6653211604210924,0.6540738631352644,0.6614838486590592,0.6070880645103608,0.08094978332519531,0.15887451171875,0.09259033203125,0.03497314453125,0.04559326171875,0.04302978515625,0.028564453125,0.07904052734375,0.17315673828125,0.0965576171875,0.03887939453125,0.0538330078125,0.043701171875,0.04998779296875,0.0413818359375,0.01025390625,0.07110595703125,0.05426025390625,0.068603515625,0.1177978515625,0.20623779296875,0.21337890625,0.11444091796875,0.039794921875,0.033447265625,0.0423583984375,0.05621337890625,0.190185546875,0.0631103515625,0.07470703125,0.19866943359375,0.046875,0.05743408203125,0.04107666015625,0.05108642578125,0.17584228515625,0.0640869140625,0.0848388671875,0.17901611328125,0.051025390625,0.04412841796875,0.024169921875,0.04522705078125,0.10064697265625,0.16656494140625,0.20428466796875,0.09478759765625,0.0552978515625,0.07281494140625,0.06610107421875,0.0093994140625,0.0574951171875,0.0677490234375,0.05322265625,0.0478515625,0.03521728515625,0.09283447265625,0.200439453125,0.07513427734375,0.0260009765625,0.03118896484375,0.041015625,0.02862548828125,0.08447265625,0.17010498046875,0.1159904582754596,0.9440153226892233,731.2124371284747,0.2592423241714508,0.19355958610645396,0.1541516367762367,0.10728378126640586,0.07444664600585954,0.05360802045758607,0.038400311605615675,0.027968297515622617,0.01977171501634236,0.013835966739487544,0.011956171992751782,0.008679232501820521,0.006452268455011939,0.005131331605954377,0.004547071076563532,0.00294670527866687,0.0018713272028315466,0.001651171061321953,0.0015495605344713712,0.012946874629544955,2.1918578769890167,68.01090856109727,0.1728515625,0.037109375,0.05859375,0.0498046875,0.0166015625,0.0029296875,0.0068359375,0.00390625,0.015625,0.0419921875,0.01171875,0.015625,0.015625,0.0087890625,0.0146484375,0.00390625,0.0107421875,0.056640625,0.2119140625,0.048828125,0.01171875,0.0185546875,0.0048828125,0.00390625,0.01953125,0.0146484375,0.01171875,0.041015625,0.005859375,0.0146484375,0.01953125,0.00390625,0.00390625,0.0009765625,0.0029296875,0.017578125,2.8776578290363988
087,118.93346500396729,97.17007355335042,133.80723571777344,19.926405757320477,128.93402862548828,21.310880904108416,0.6673301933190766,0.6798063633396314,0.5325381222200424,0.5856351843443358,0.12319374084472656,0.0518798828125,0.07470703125,0.126220703125,0.1610107421875,0.1357421875,0.1285400390625,0.0802001953125,0.0494384765625,0.070556640625,0.06866455078125,0.15887451171875,0.19384765625,0.16314697265625,0.15509033203125,0.057373046875,0.0914306640625,0.10345458984375,0.13360595703125,0.13458251953125,0.14190673828125,0.16131591796875,0.19488525390625,0.1087646484375,0.1083984375,0.12213134765625,0.1282958984375,0.1187744140625,0.1414794921875,0.11383056640625,0.18890380859375,0.15350341796875,0.110107421875,0.1131591796875,0.1162109375,0.1353759765625,0.1697998046875,0.1373291015625,0.184814453125,0.147705078125,0.13909912109375,0.10272216796875,0.06805419921875,0.12835693359375,0.1810302734375,0.17578125,0.18804931640625,0.1248779296875,0.11309814453125,0.07696533203125,0.0697021484375,0.1534423828125,0.184326171875,0.15228271484375,0.13482666015625,0.066650390625,0.086181640625,0.05584716796875,0.082275390625,0.11407470703125,0.16448974609375,0.1370849609375,0.11761474609375,0.0819091796875,0.05059814453125,0.09266990704475736,0.9031509381746128,500.91053423432896,0.41607533256753254,0.17059602771704896,0.10827435431874606,0.0716317115648275,0.0532895468188387,0.04176084781561493,0.02997739652425242,0.023803127431726388,0.01651258013117427,0.012668136510171565,0.01005576759180346,0.009013599140326824,0.005664764516248564,0.00464112350390929,0.004752288138733464,0.003297884166450513,0.002320561751954645,0.0016767332419313002,0.0018990625115796495,0.012089154037128989,1.9794505198706898,87.80832238915328,0.24849578820697954,0.007821901323706379,0.0012033694344163659,0.0,0.0006016847172081829,0.0012033694344163659,0.00842358604091456,0.009025270758122744,0.0210589651022864,0.031889290012033694,0.006618531889290012,0.0018050541516245488,0.0018050541516245488,0.0024067388688327317,0.0018050541516245488,0.0048134777376654635,0.012033694344163659,0.1197352587244284,0.3417569193742479,0.007821901323706379,0.0024067388688327317,0.0036101083032490976,0.0012033694344163659,0.0,0.0048134777376654635,0.011432009626955475,0.0036101083032490976,0.03790613718411552,0.0018050541516245488,0.0030084235860409147,0.0048134777376654635,0.0024067388688327317,0.0030084235860409147,0.00842358604091456,0.013237063778580024,0.06799037304452467,2.1291505560892054
088,123.5975570678711,86.2182754791253,131.88790607452393,16.399890345465415,128.12403106689453,10.409437041637512,0.946098552093891,0.893275566838375,0.8409512418455384,0.780589082542943,0.08083057403564453,0.0894775390625,0.06640625,0.0604248046875,0.062255859375,0.0667724609375,0.063232421875,0.0645751953125,0.09588623046875,0.02593994140625,0.05865478515625,0.05377197265625,0.0673828125,0.069091796875,0.06585693359375,0.055419921875,0.02886962890625,0.07952880859375,0.0750732421875,0.12884521484375,0.1376953125,0.1348876953125,0.12506103515625,0.07537841796875,0.074462890625,0.0615234375,0.06427001953125,0.1126708984375,0.11474609375,0.12158203125,0.10247802734375,0.05322265625,0.07879638671875,0.060546875,0.0523681640625,0.110107421875,0.11614990234375,0.133056640625,0.109130859375,0.04949951171875,0.08056640625,0.0712890625,0.070556640625,0.1231689453125,0.13751220703125,0.14453125,0.12994384765625,0.07000732421875,0.08203125,0.03216552734375,0.05401611328125,0.048828125,0.07415771484375,0.06793212890625,0.07122802734375,0.0584716796875,0.02557373046875,0.101806640625,0.07562255859375,0.07379150390625,0.0794677734375,0.08349609375,0.07550048828125,0.07318115234375,0.10321044921875,0.10946913535872488,0.4942418612139832,515.2995027968444,0.4042593336997629,0.154351624732356,0.1171891022748714,0.07958358286093997,0.057729066342896054,0.04464424883303116,0.030763677531030296,0.024356628957234387,0.016390887388532942,0.013158650335939359,0.010500668597258341,0.00849897864590597,0.005906626085957817,0.005242130651287562,0.005225723356604347,0.0036916413037236355,0.0027810364488051386,0.00187863524122825,0.0016817477050296561,0.012166009007604782,2.0194979675954357,82.92027746349913,0.24387646432374868,0.002129925452609159,0.0,0.0010649627263045794,0.0,0.002129925452609159,0.010649627263045794,0.009584664536741214,0.039403620873269436,0.0777422790202343,0.006389776357827476,0.006389776357827476,0.0010649627263045794,0.0,0.0,0.0010649627263045794,0.003194888178913738,0.08306709265175719,0.3184238551650692,0.0010649627263045794,0.0,0.0,0.0,0.0010649627263045794,0.004259850905218318,0.005324813631522897,0.027689030883919063,0.08093716719914804,0.004259850905218318,0.002129925452609159,0.0010649627263045794,0.0010649627263045794,0.005324813631522897,0.002129925452609159,0.002129925452609159,0.055378061767838126,2.098904187015128
089,102.63462924957275,80.71650060294307,132.09642887115479,10.559867250317534,131.2842493057251,12.106661998596948,0.7510686140315443,0.6679920195037945,0.4146715213859855,0.36581798778407026,0.2946586608886719,0.052978515625,0.1834716796875,0.21942138671875,0.1173095703125,0.1453857421875,0.23699951171875,0.16656494140625,0.04498291015625,0.2862548828125,0.17803955078125,0.304443359375,0.2305908203125,0.24908447265625,0.35955810546875,0.17333984375,0.27374267578125,0.46221923828125,0.42333984375,0.26019287109375,0.37750244140625,0.3751220703125,0.264404296875,0.40814208984375,0.473388671875,0.35943603515625,0.37103271484375,0.5150146484375,0.46533203125,0.47247314453125,0.50250244140625,0.3516845703125,0.36578369140625,0.284912109375,0.33489990234375,0.49560546875,0.475830078125,0.48260498046875,0.49615478515625,0.3355712890625,0.2943115234375,0.45404052734375,0.393310546875,0.2685546875,0.3421630859375,0.39959716796875,0.264892578125,0.38214111328125,0.4573974609375,0.25140380859375,0.17596435546875,0.34136962890625,0.23309326171875,0.218994140625,0.3023681640625,0.17608642578125,0.26837158203125,0.05242919921875,0.156982421875,0.230224609375,0.14398193359375,0.09814453125,0.15386962890625,0.16729736328125,0.05584716796875,0.03268894817557377,0.31574392422877745,506.2507894793342,0.20166747027394408,0.21317625331599202,0.16861875032248078,0.1175288987259118,0.08499525842052917,0.058577632911009536,0.04035591202902238,0.029349754202925366,0.0209972795966188,0.015566258457892461,0.012102147677515662,0.009320361747819141,0.005901620677200742,0.00482431247097673,0.003932931114546952,0.002629663961683056,0.002038078530519581,0.0016253031319333367,0.0011956252924567076,0.005596487139021686,2.209504664929359,29.765074587516132,0.06357423897287223,0.05177055290950507,0.06585214330089045,0.054876786084075375,0.05881134810519777,0.06233174570304411,0.06792296541727065,0.06999378753365086,0.09401532408366121,0.19320770345827293,0.01490991923793746,0.006005384137502588,0.0076620418306067506,0.010768275005177056,0.01387450817974736,0.009732863946986954,0.00745495961896873,0.010561192793539035,0.019051563470697867,0.0033133153862083247,0.0031062331745703043,0.0010354110581901014,0.0006212466349140609,0.001449575481466142,0.0024849865396562435,0.0012424932698281218,0.0018637399047421825,0.008490370677158831,0.007247877407330711,0.0051770552909505075,0.003934562021122386,0.005798301925864568,0.004348726444398426,0.01511700144957548,0.023814454338372332,0.0285773452060468,2.884946257815683
090,109.77729797363281,84.51619260937814,137.15470600128174,21.54178821999166,133.77117538452148,23.32909986237126,0.9247240990089199,0.8428362235668972,0.8486557227449046,0.725419066872823,0.0876455307006836,0.0919189453125,0.06103515625,0.07958984375,0.08892822265625,0.072509765625,0.1019287109375,0.0518798828125,0.10015869140625,0.060791015625,0.0928955078125,0.060302734375,0.083984375,0.08343505859375,0.067138671875,0.11639404296875,0.0810546875,0.0604248046875,0.120361328125,0.06268310546875,0.08941650390625,0.06591796875,0.0638427734375,0.1190185546875,0.07098388671875,0.09295654296875,0.12347412109375,0.13018798828125,0.1043701171875,0.07647705078125,0.1297607421875,0.111083984375,0.08221435546875,0.0709228515625,0.13104248046875,0.16015625,0.07159423828125,0.09649658203125,0.14697265625,0.1280517578125,0.09130859375,0.04833984375,0.11199951171875,0.0667724609375,0.06658935546875,0.0947265625,0.06683349609375,0.11077880859375,0.062255859375,0.08062744140625,0.0955810546875,0.066650390625,0.08587646484375,0.0894775390625,0.06488037109375,0.114501953125,0.06182861328125,0.091796875,0.06268310546875,0.08929443359375,0.07403564453125,0.07916259765625,0.07525634765625,0.06005859375,0.09564208984375,0.10462710624488843,0.3662819900114225,522.138075943175,0.42457482932152163,0.14883306891031392,0.11478352010452486,0.07450986022670984,0.05458121854742026,0.0405608160979777,0.030531885108796314,0.024300595131266287,0.016375083454776486,0.01292202990732033,0.010229940343295262,0.008779801431473758,0.006008743906903953,0.005542115049139608,0.004759614349196322,0.0036181683740496924,0.002354681005333927,0.0020316302576509184,0.0019813779191224508,0.012721020553206458,1.9867726416457758,152.62382578128197,0.3239845261121857,0.005802707930367505,0.0019342359767891683,0.0019342359767891683,0.0009671179883945841,0.0019342359767891683,0.015473887814313346,0.008704061895551257,0.0038684719535783366,0.04061895551257253,0.0029013539651837525,0.0009671179883945841,0.0,0.007736943907156673,0.0009671179883945841,0.0,0.012572533849129593,0.041586073500967116,0.29980657640232106,0.005802707930367505,0.0,0.0,0.01644100580270793,0.010638297872340425,0.0019342359767891683,0.004835589941972921,0.0183752417794971,0.06286266924564797,0.027079303675048357,0.0038684719535783366,0.0,0.0,0.0,0.0029013539651837525,0.0019342359767891683,0.07156673114119923,2.0797911006645275
091,119.81422901153564,72.59182031058013,139.94776344299316,25.584072398826027,136.8749761581421,36.83123614344008,0.5580531729511934,0.5652941846428365,0.5686186734568922,0.5804075162317487,0.08764934539794922,0.05657958984375,0.07232666015625,0.12579345703125,0.056640625,0.0433349609375,0.04266357421875,0.03289794921875,0.0711669921875,0.07098388671875,0.162109375,0.15203857421875,0.08380126953125,0.0948486328125,0.11029052734375,0.08526611328125,0.05242919921875,0.1263427734375,0.18682861328125,0.21337890625,0.165283203125,0.1961669921875,0.17425537109375,0.0650634765625,0.0413818359375,0.10760498046875,0.13623046875,0.07049560546875,0.14471435546875,0.09393310546875,0.15020751953125,0.0823974609375,0.0440673828125,0.08154296875,0.125,0.1060791015625,0.09588623046875,0.0999755859375,0.16033935546875,0.107177734375,0.0909423828125,0.13446044921875,0.0849609375,0.07781982421875,0.06475830078125,0.12432861328125,0.08441162109375,0.0594482421875,0.0467529296875,0.01788330078125,0.0860595703125,0.04278564453125,0.092041015625,0.0562744140625,0.01910400390625,0.02099609375,0.0255126953125,0.070068359375,0.025390625,0.058349609375,0.0562744140625,0.07513427734375,0.04681396484375,0.0426025390625,0.01885986328125,0.09923641090782505,0.47985406127912683,642.7720064647062,0.2678027603187974,0.18471241279509276,0.13825352599408194,0.09206102363621964,0.06941834596859543,0.05665349143610013,0.04160637018798102,0.03254929912093134,0.019950034917960793,0.016055062384356753,0.013384018373326997,0.010374594123703175,0.007645953476316983,0.007408367351346682,0.008711491248911064,0.005068503999366437,0.003311806590495115,0.001807094465683204,0.0036429872495446266,0.019582856361188505,2.2686127005336725,122.41953232171204,0.08356940509915015,0.0113314447592068,0.006373937677053824,0.002124645892351275,0.007082152974504249,0.012747875354107648,0.03895184135977337,0.04603399433427762,0.04603399433427762,0.09135977337110482,0.015580736543909348,0.007082152974504249,0.0028328611898017,0.002124645892351275,0.00141643059490085,0.00141643059490085,0.009206798866855524,0.031161473087818695,0.14518413597733712,0.009206798866855524,0.012747875354107648,0.0056657223796034,0.012039660056657223,0.012747875354107648,0.030453257790368272,0.03186968838526912,0.05594900849858357,0.1621813031161473,0.042492917847025496,0.0084985835694051,0.002124645892351275,0.010623229461756374,0.000708215297450425,0.0028328611898017,0.007790368271954674,0.030453257790368272,2.9135903290776564
092,113.93255710601807,76.24980260795921,134.90108394622803,21.768641656807773,137.3596897125244,27.761720926356166,0.650230081152762,0.6521850171464555,0.5925017471540331,0.599252309775361,0.10845088958740234,0.05133056640625,0.08447265625,0.05303955078125,0.17120361328125,0.07708740234375,0.09478759765625,0.08123779296875,0.02935791015625,0.077392578125,0.045654296875,0.14862060546875,0.08221435546875,0.0684814453125,0.09454345703125,0.11004638671875,0.09375,0.08740234375,0.1043701171875,0.12359619140625,0.14825439453125,0.15576171875,0.05694580078125,0.06494140625,0.048095703125,0.16534423828125,0.14678955078125,0.141845703125,0.133056640625,0.1378173828125,0.08843994140625,0.07733154296875,0.0218505859375,0.0997314453125,0.1776123046875,0.18096923828125,0.06646728515625,0.1177978515625,0.205322265625,0.068115234375,0.060546875,0.14208984375,0.157470703125,0.177001953125,0.1785888671875,0.21392822265625,0.1094970703125,0.08453369140625,0.07928466796875,0.200927734375,0.11846923828125,0.1715087890625,0.1854248046875,0.0948486328125,0.07666015625,0.15948486328125,0.0960693359375,0.05322265625,0.1209716796875,0.0772705078125,0.1456298828125,0.074462890625,0.06988525390625,0.05963134765625,0.0523681640625,0.07531316680493022,1.0008798348460337,684.4206810534652,0.17020195901173357,0.18828693650453407,0.16618980605597442,0.10568598029804564,0.07365399491141576,0.06468839411364505,0.04891005507973047,0.038923941509240535,0.02212974957828125,0.01926858591412781,0.01482306452063859,0.01132349788907632,0.01121632074856243,0.010834210943252034,0.011878023094343843,0.006845357365865478,0.003900315939570732,0.0020736446751600667,0.005671068695887194,0.023495093150914734,2.4064107999963182,138.21461727668898,0.033856317093311314,0.0033030553261767133,0.0016515276630883566,0.0,0.0033030553261767133,0.002477291494632535,0.0033030553261767133,0.018166804293971925,0.05615194054500413,0.27332782824112306,0.0016515276630883566,0.005780346820809248,0.0033030553261767133,0.0,0.002477291494632535,0.0,0.005780346820809248,0.004128819157720892,0.03633360858794385,0.007431874483897605,0.002477291494632535,0.002477291494632535,0.002477291494632535,0.004128819157720892,0.0,0.002477291494632535,0.06523534269199009,0.41370767960363336,0.009083402146985962,0.0033030553261767133,0.0033030553261767133,0.004128819157720892,0.004128819157720892,0.002477291494632535,0.0016515276630883566,0.016515276630883566,1.9134905159668247
093,120.13458156585693,74.59564561346767,139.38863945007324,24.599767323079472,136.45137691497803,24.61185024738697,0.6032810921042503,0.603573958421225,0.5447867781882594,0.5547825441209382,0.11629772186279297,0.07037353515625,0.12530517578125,0.03173828125,0.08782958984375,0.1134033203125,0.07354736328125,0.05999755859375,0.05450439453125,0.1259765625,0.15576171875,0.1600341796875,0.13525390625,0.14154052734375,0.1334228515625,0.09661865234375,0.08514404296875,0.05322265625,0.13116455078125,0.088134765625,0.119140625,0.19281005859375,0.16180419921875,0.09619140625,0.146240234375,0.10113525390625,0.11151123046875,0.09417724609375,0.1175537109375,0.205810546875,0.0870361328125,0.1173095703125,0.0794677734375,0.0712890625,0.0631103515625,0.18115234375,0.10687255859375,0.2110595703125,0.10186767578125,0.08587646484375,0.07257080078125,0.1259765625,0.141845703125,0.15679931640625,0.142333984375,0.236328125,0.21868896484375,0.11834716796875,0.12554931640625,0.05816650390625,0.13128662109375,0.07855224609375,0.1444091796875,0.2032470703125,0.17791748046875,0.0799560546875,0.064697265625,0.10101318359375,0.1258544921875,0.124267578125,0.14727783203125,0.0869140625,0.052490234375,0.11956787109375,0.03460693359375,0.08269711593696104,1.2955922046671557,689.6437614611752,0.19168253038512229,0.1889569624797472,0.15676502959390456,0.10263156651661084,0.07229131927878733,0.06399652336572209,0.04469081100997171,0.03751080543602001,0.021147950628014302,0.01789332968034804,0.015177209150728156,0.01152579842134351,0.010925890060888337,0.009815823409652384,0.011247100836565124,0.006759597352845314,0.0036325159778742458,0.0023523965630447004,0.005517267441036566,0.02547957241177332,2.3878833297727002,113.1433907163372,0.03048780487804878,0.006097560975609756,0.006097560975609756,0.005589430894308943,0.012703252032520325,0.01016260162601626,0.020833333333333332,0.04065040650406504,0.09349593495934959,0.13617886178861788,0.03201219512195122,0.031504065040650404,0.011686991869918699,0.020833333333333332,0.018292682926829267,0.014227642276422764,0.003048780487804878,0.011686991869918699,0.03709349593495935,0.0005081300813008131,0.001524390243902439,0.001524390243902439,0.003556910569105691,0.008130081300813009,0.009146341463414634,0.020833333333333332,0.0782520325203252,0.25863821138211385,0.037601626016260166,0.011178861788617886,0.003048780487804878,0.001524390243902439,0.003048780487804878,0.0020325203252032522,0.008130081300813009,0.008638211382113821,2.7480348217075643
094,118.70821380615234,78.98298717209151,139.50905799865723,23.930711784041616,135.3338384628296,32.551620557569926,0.5987474920205892,0.6119286495238413,0.6041300254629535,0.6247204251621068,0.08922100067138672,0.060791015625,0.09417724609375,0.06341552734375,0.1744384765625,0.140380859375,0.0289306640625,0.00360107421875,0.07379150390625,0.05224609375,0.14776611328125,0.1026611328125,0.102783203125,0.04205322265625,0.056640625,0.089111328125,0.0408935546875,0.05694580078125,0.06158447265625,0.05340576171875,0.0904541015625,0.06866455078125,0.10504150390625,0.08990478515625,0.04315185546875,0.0927734375,0.09832763671875,0.08843994140625,0.10418701171875,0.17852783203125,0.11138916015625,0.0999755859375,0.09197998046875,0.09588623046875,0.1221923828125,0.08673095703125,0.08074951171875,0.230712890625,0.142822265625,0.189208984375,0.10699462890625,0.08209228515625,0.067138671875,0.07073974609375,0.10693359375,0.14093017578125,0.10455322265625,0.10498046875,0.05908203125,0.11907958984375,0.0745849609375,0.0911865234375,0.05096435546875,0.03515625,0.08465576171875,0.0869140625,0.04876708984375,0.08380126953125,0.0523681640625,0.07867431640625,0.153076171875,0.13629150390625,0.045166015625,0.0157470703125,0.05352783203125,0.10310425775751143,1.166994875814077,681.8835500320303,0.2413938877105518,0.1787986792906654,0.14745005430068733,0.09655318187450346,0.07156757702315615,0.06236925925116072,0.04420586155875772,0.03430054154913666,0.020233383625245082,0.01612985517387153,0.013338289637679576,0.01025517678700282,0.008877615726062143,0.008090437976953184,0.008979657286131823,0.00539362531796879,0.004190992645718992,0.0020189651528072362,0.004416941814444712,0.021436016297494878,2.317443411653214,149.52171331140292,0.07265625,0.01484375,0.0171875,0.02265625,0.0140625,0.0125,0.0109375,0.01640625,0.0453125,0.15,0.01953125,0.00234375,0.00078125,0.0015625,0.009375,0.0109375,0.0046875,0.01640625,0.10546875,0.00859375,0.0109375,0.00703125,0.00390625,0.0109375,0.01015625,0.0234375,0.065625,0.15234375,0.0375,0.02578125,0.0375,0.00703125,0.009375,0.01328125,0.0109375,0.01796875,2.9890678365846273
095,127.93483448028564,81.90788170296356,132.1912784576416,21.010656724598302,140.38636207580566,25.843995009089653,0.8951517660168067,0.8104309772871418,0.8320415414040172,0.7311005165955925,0.0720987319946289,0.03021240234375,0.055419921875,0.0078125,0.03033447265625,0.037353515625,0.0078125,0.04412841796875,0.03131103515625,0.07562255859375,0.06829833984375,0.0621337890625,0.03411865234375,0.10089111328125,0.06695556640625,0.055419921875,0.07232666015625,0.0379638671875,0.0728759765625,0.0799560546875,0.07916259765625,0.09979248046875,0.08642578125,0.06549072265625,0.04913330078125,0.05010986328125,0.0994873046875,0.0885009765625,0.227294921875,0.2293701171875,0.08587646484375,0.0946044921875,0.05694580078125,0.0570068359375,0.101318359375,0.10003662109375,0.1903076171875,0.226318359375,0.08465576171875,0.0999755859375,0.05767822265625,0.0452880859375,0.07049560546875,0.08929443359375,0.1092529296875,0.08319091796875,0.08502197265625,0.0634765625,0.04205322265625,0.0631103515625,0.06268310546875,0.0687255859375,0.1158447265625,0.0421142578125,0.05621337890625,0.0838623046875,0.068603515625,0.03106689453125,0.05694580078125,0.0108642578125,0.042724609375,0.03179931640625,0.0078125,0.0538330078125,0.02960205078125,0.09490657377269812,0.8056840067733915,558.767869951864,0.3229661778637884,0.1719932954922712,0.13165288787763463,0.0936282884881659,0.0701949003635657,0.051555073320431744,0.03688288973999789,0.0278463793229095,0.01702847796338432,0.013943432740346077,0.011732888525413161,0.0093523024477931,0.0065182714030073115,0.005546603616223614,0.005368464521979935,0.0036680458951084626,0.0030202673705859964,0.0017570992477671883,0.0018461687948890275,0.013498085004736881,2.1506794115516072,165.31615175710894,0.2497387669801463,0.014629049111807733,0.0020898641588296763,0.0020898641588296763,0.012539184952978056,0.006269592476489028,0.00522466039707419,0.050156739811912224,0.017763845350052248,0.04806687565308255,0.0020898641588296763,0.0020898641588296763,0.0,0.0020898641588296763,0.0,0.0,0.003134796238244514,0.0522466039707419,0.180773249738767,0.0020898641588296763,0.0020898641588296763,0.0,0.0,0.0010449320794148381,0.0010449320794148381,0.014629049111807733,0.08672936259143156,0.04179728317659352,0.04806687565308255,0.02821316614420063,0.00522466039707419,0.0219435736677116,0.0010449320794148381,0.0041797283176593526,0.012539184952978056,0.07836990595611286,2.5250498196827724
096,134.08168506622314,68.27323373089706,131.58183002471924,18.6886094845157,135.33034706115723,9.69618385992167,0.7468527453543432,0.7441737112868014,0.6955268243008023,0.6974843461530377,0.0777730941772461,0.04296875,0.0462646484375,0.0078125,0.03985595703125,0.068115234375,0.0233154296875,0.04608154296875,0.07635498046875,0.0479736328125,0.0377197265625,0.0540771484375,0.1522216796875,0.11480712890625,0.02923583984375,0.0269775390625,0.08453369140625,0.0506591796875,0.0489501953125,0.0828857421875,0.18017578125,0.16204833984375,0.0250244140625,0.02801513671875,0.0726318359375,0.0595703125,0.1202392578125,0.1468505859375,0.25250244140625,0.22216796875,0.0853271484375,0.02838134765625,0.00982666015625,0.0078125,0.0841064453125,0.0731201171875,0.2301025390625,0.281494140625,0.1260986328125,0.1055908203125,0.06439208984375,0.0643310546875,0.030517578125,0.0206298828125,0.15069580078125,0.1622314453125,0.099609375,0.05914306640625,0.038330078125,0.068115234375,0.0350341796875,0.03271484375,0.10357666015625,0.15594482421875,0.05474853515625,0.042724609375,0.05535888671875,0.07171630859375,0.04486083984375,0.02716064453125,0.067138671875,0.044677734375,0.015625,0.04266357421875,0.04364013671875,0.08074910565517436,0.8703561150550255,625.6963553190728,0.2075065445026178,0.19427356020942407,0.17032068062827224,0.11469895287958115,0.07953534031413613,0.058776178010471206,0.04454842931937173,0.03155104712041885,0.0206282722513089,0.01568717277486911,0.01181282722513089,0.008979057591623037,0.0063612565445026175,0.005543193717277487,0.0057329842931937176,0.0037827225130890054,0.0031348167539267014,0.0017212041884816754,0.0018390052356020942,0.01356675392670157,2.2606525384655,61.38358525028309,0.10387469084913438,0.06100577081615829,0.01731244847485573,0.010717230008244023,0.005770816158285243,0.023907666941467436,0.00494641384995878,0.020610057708161583,0.038746908491343775,0.038746908491343775,0.01483924154987634,0.01731244847485573,0.033800494641384994,0.043693322341302555,0.12283594394064304,0.06760098928276999,0.051112943116240726,0.023083264633140973,0.060181368507831824,0.008244023083264633,0.0016488046166529267,0.0,0.0,0.02967848309975268,0.015663643858202802,0.00989282769991756,0.04286892003297609,0.04204451772464963,0.018136850783182192,0.00247320692497939,0.00989282769991756,0.0016488046166529267,0.01731244847485573,0.01978565539983512,0.004122011541632316,0.016488046166529265,3.1491825251039285
097,144.08979988098145,82.59031265538404,135.7613401412964,19.96526251662544,137.1370611190796,11.92796275095825,0.7695757662939201,0.7612725449288745,0.733403426722365,0.709693314152174,0.04720592498779297,0.01934814453125,0.03192138671875,0.025390625,0.07220458984375,0.074462890625,0.01007080078125,0.0078125,0.0078125,0.009033203125,0.0474853515625,0.054443359375,0.025634765625,0.01641845703125,0.05645751953125,0.030517578125,0.0794677734375,0.02203369140625,0.075439453125,0.11199951171875,0.0465087890625,0.08648681640625,0.07574462890625,0.06536865234375,0.031982421875,0.0440673828125,0.0167236328125,0.0640869140625,0.06463623046875,0.0782470703125,0.0548095703125,0.05584716796875,0.0653076171875,0.05902099609375,0.04669189453125,0.0550537109375,0.0675048828125,0.06256103515625,0.05462646484375,0.0185546875,0.0406494140625,0.03619384765625,0.0528564453125,0.0809326171875,0.11895751953125,0.02679443359375,0.11181640625,0.07794189453125,0.0325927734375,0.07073974609375,0.0482177734375,0.05206298828125,0.01763916015625,0.01959228515625,0.0689697265625,0.0460205078125,0.0106201171875,0.0,0.00909423828125,0.0108642578125,0.074951171875,0.07403564453125,0.01275634765625,0.02008056640625,0.0150146484375,0.197213968593955,1.4665873564159995,605.4315529922412,0.3717336068439824,0.1528940068533066,0.12743886803888202,0.08666868691577892,0.06277535606890604,0.04529243105899904,0.035362129653371877,0.02522203314762582,0.01690016084291009,0.012680948273852537,0.011725215039977623,0.00899787873843213,0.006223921303526889,0.0054546726030909815,0.005361430336371477,0.004079349168978298,0.001888155901069955,0.0014685657008321872,0.0016317396675913191,0.01620084384251381,2.082502213683363,107.28773750405608,0.3287671232876712,0.0,0.0,0.0,0.00228310502283105,0.0045662100456621,0.0228310502283105,0.03424657534246575,0.0,0.01141552511415525,0.0,0.0,0.0,0.0,0.00228310502283105,0.0045662100456621,0.0091324200913242,0.06621004566210045,0.3561643835616438,0.0,0.0,0.0,0.00228310502283105,0.0,0.0,0.0273972602739726,0.02511415525114155,0.0319634703196347,0.00684931506849315,0.0,0.00684931506849315,0.0,0.0,0.0,0.00228310502283105,0.0547945205479452,1.8422616339197018
098,125.21494102478027,77.22467348148867,138.97587871551514,21.992760180110253,140.80690479278564,21.719477712345913,0.8934384669208142,0.8018773829960223,0.7180191834652405,0.624585184788426,0.1786823272705078,0.1162109375,0.045654296875,0.15460205078125,0.10955810546875,0.114013671875,0.16070556640625,0.05029296875,0.11676025390625,0.04986572265625,0.10235595703125,0.08209228515625,0.10333251953125,0.10693359375,0.0860595703125,0.11260986328125,0.048095703125,0.1519775390625,0.1241455078125,0.32794189453125,0.19415283203125,0.13665771484375,0.334228515625,0.124755859375,0.1492919921875,0.2652587890625,0.2786865234375,0.34686279296875,0.4403076171875,0.43414306640625,0.34210205078125,0.290771484375,0.25933837890625,0.2662353515625,0.28277587890625,0.3623046875,0.435302734375,0.45001220703125,0.36444091796875,0.29193115234375,0.25537109375,0.134521484375,0.1036376953125,0.32220458984375,0.1258544921875,0.193359375,0.33648681640625,0.107666015625,0.134521484375,0.057373046875,0.10247802734375,0.07635498046875,0.09576416015625,0.10211181640625,0.0869140625,0.0994873046875,0.0498046875,0.10736083984375,0.0413818359375,0.15972900390625,0.11114501953125,0.112060546875,0.16058349609375,0.04083251953125,0.10589599609375,0.047962641176408506,0.8584434586768772,534.4214499888647,0.21270602418483878,0.20869711377770736,0.16787964381555534,0.11296626526042462,0.0802593523532787,0.05709847622764429,0.03969304304313974,0.029949941750048784,0.020896566247485978,0.015371031903198822,0.012842037337928928,0.009725713247951592,0.006543700987447764,0.005228005571902465,0.004202110908679919,0.0028303873476855546,0.0022623778731329586,0.0016595923083016324,0.0013659275459479093,0.007822688307698847,2.2185644945443284,121.28920237235374,0.06497005988023952,0.03622754491017964,0.020059880239520957,0.011976047904191617,0.013772455089820359,0.01586826347305389,0.018562874251497007,0.032335329341317366,0.04251497005988024,0.08173652694610778,0.02065868263473054,0.01526946107784431,0.009580838323353293,0.014970059880239521,0.015568862275449102,0.026047904191616768,0.02035928143712575,0.038922155688622756,0.07904191616766468,0.025449101796407185,0.02155688622754491,0.014970059880239521,0.012574850299401197,0.009880239520958085,0.010778443113772455,0.020958083832335328,0.03473053892215569,0.09880239520958084,0.0344311377245509,0.025748502994011976,0.018562874251497007,0.011377245508982036,0.016766467065868262,0.008682634730538923,0.023652694610778444,0.03263473053892216,3.355450320147816
099,110.99575328826904,68.65116508651998,142.1021671295166,25.741038621108856,140.52117824554443,25.65499889180293,0.6070210716877127,0.6053128772899825,0.5568010078985246,0.5655344367421495,0.0931406021118164,0.05291748046875,0.04144287109375,0.101806640625,0.150390625,0.08917236328125,0.07061767578125,0.09808349609375,0.06927490234375,0.0789794921875,0.07000732421875,0.13714599609375,0.1715087890625,0.0777587890625,0.103759765625,0.11370849609375,0.10040283203125,0.0841064453125,0.1131591796875,0.06134033203125,0.06671142578125,0.1226806640625,0.11419677734375,0.12701416015625,0.076904296875,0.12744140625,0.037841796875,0.1065673828125,0.1527099609375,0.16094970703125,0.07965087890625,0.06298828125,0.1142578125,0.115478515625,0.01739501953125,0.10626220703125,0.18463134765625,0.26318359375,0.17364501953125,0.09466552734375,0.0738525390625,0.072509765625,0.07745361328125,0.0078125,0.08746337890625,0.20782470703125,0.1199951171875,0.091552734375,0.03582763671875,0.06353759765625,0.08062744140625,0.09869384765625,0.05224609375,0.0576171875,0.09136962890625,0.07318115234375,0.06353759765625,0.07440185546875,0.05035400390625,0.033935546875,0.08746337890625,0.0423583984375,0.1026611328125,0.060302734375,0.06365966796875,0.09144410626450843,0.6860575413493379,835.9877450773124,0.276313991478155,0.18232524627635127,0.14123156809401358,0.09374650616777848,0.07103193828494764,0.05596342811711947,0.03983900421123244,0.031534553224263656,0.02065243046497472,0.01530453794457074,0.012950471434427758,0.009608815016335606,0.007031143244015454,0.006155355967154871,0.00601870830693549,0.003993838432775562,0.003285755102547858,0.0019068559857886433,0.002335432738294886,0.018770419508316875,2.234209292663298,21.12501358279859,0.1516300227445034,0.03184230477634572,0.006823351023502654,0.01288855193328279,0.012130401819560273,0.009855951478392721,0.01592115238817286,0.022744503411675512,0.014404852160727824,0.060652009097801364,0.014404852160727824,0.029567854435178165,0.02047005307050796,0.039423805913570885,0.034874905231235785,0.03184230477634572,0.0075815011372251705,0.03639120545868082,0.11751326762699014,0.006823351023502654,0.006065200909780136,0.006065200909780136,0.002274450341167551,0.0075815011372251705,0.025018953752843062,0.01592115238817286,0.039423805913570885,0.04927975739196361,0.01819560272934041,0.024260803639120546,0.030326004548900682,0.03639120545868082,0.008339651250947688,0.006065200909780136,0.006823351023502654,0.0401819560272934,3.180862825482364
100,117.20256328582764,81.04292369188231,140.47383499145508,26.639336359834054,140.4156618118286,23.66038200044906,0.576160778757324,0.6275599261358312,0.4724208947704344,0.4841247546143498,0.10491561889648438,0.06378173828125,0.09234619140625,0.103515625,0.08978271484375,0.0867919921875,0.0777587890625,0.0889892578125,0.0418701171875,0.06939697265625,0.09735107421875,0.1077880859375,0.10498046875,0.11798095703125,0.10833740234375,0.1038818359375,0.07464599609375,0.10614013671875,0.14532470703125,0.13201904296875,0.09906005859375,0.09600830078125,0.110595703125,0.14007568359375,0.05938720703125,0.0789794921875,0.1783447265625,0.09466552734375,0.12213134765625,0.11370849609375,0.145263671875,0.16949462890625,0.1058349609375,0.10772705078125,0.1658935546875,0.1102294921875,0.11737060546875,0.1029052734375,0.103759765625,0.1331787109375,0.0992431640625,0.09576416015625,0.14788818359375,0.14447021484375,0.08746337890625,0.0689697265625,0.14813232421875,0.1597900390625,0.06195068359375,0.10101318359375,0.1370849609375,0.08709716796875,0.10589599609375,0.10955810546875,0.09539794921875,0.1163330078125,0.104248046875,0.05828857421875,0.073974609375,0.0986328125,0.09429931640625,0.07940673828125,0.10064697265625,0.105224609375,0.0665283203125,0.10529198768057105,0.6640366896447663,532.3171717810907,0.42886047165543967,0.15128305439074782,0.10968617430957125,0.07340122498380136,0.05260584129002286,0.040411017518979915,0.029848282944362262,0.023436067337432913,0.015611819504382802,0.012341528417912638,0.01116177854933555,0.00918126581659474,0.0067973153049622845,0.0056053400491460565,0.004987957993569447,0.0034597845886768465,0.002090541217893077,0.0017054415198601415,0.00198662542636038,0.015538467180947957,1.9825846112330558,7.341045013818482,0.3511627906976744,0.011627906976744186,0.0007751937984496124,0.006201550387596899,0.0015503875968992248,0.0007751937984496124,0.004651162790697674,0.015503875968992248,0.008527131782945736,0.020155038759689922,0.002325581395348837,0.0,0.0015503875968992248,0.002325581395348837,0.0,0.02558139534883721,0.013953488372093023,0.07364341085271318,0.30077519379844964,0.003875968992248062,0.002325581395348837,0.0031007751937984496,0.0031007751937984496,0.0007751937984496124,0.017829457364341085,0.004651162790697674,0.011627906976744186,0.021705426356589147,0.003875968992248062,0.0,0.0007751937984496124,0.002325581395348837,0.0007751937984496124,0.0069767441860465115,0.004651162790697674,0.07054263565891473,2.0280163636323505
101,116.93592643737793,82.31817560551536,143.6817445755005,21.603013882510876,128.70464324951172,28.221288840700538,0.7055405816700931,0.7040003049414252,0.6427053910428081,0.6580562823269944,0.08069515228271484,0.04541015625,0.054931640625,0.063232421875,0.05279541015625,0.039306640625,0.06280517578125,0.11865234375,0.06610107421875,0.0277099609375,0.0213623046875,0.09796142578125,0.0916748046875,0.08746337890625,0.09423828125,0.0604248046875,0.06097412109375,0.0606689453125,0.0697021484375,0.1580810546875,0.1097412109375,0.08319091796875,0.1151123046875,0.0260009765625,0.028564453125,0.02880859375,0.0771484375,0.08868408203125,0.13983154296875,0.2626953125,0.12408447265625,0.0579833984375,0.05084228515625,0.0484619140625,0.07830810546875,0.11737060546875,0.2501220703125,0.15899658203125,0.17572021484375,0.060302734375,0.0203857421875,0.0521240234375,0.05010986328125,0.10760498046875,0.094482421875,0.1195068359375,0.1710205078125,0.07305908203125,0.0623779296875,0.05426025390625,0.05755615234375,0.09735107421875,0.08929443359375,0.08380126953125,0.08746337890625,0.0238037109375,0.03045654296875,0.05010986328125,0.1162109375,0.0621337890625,0.05596923828125,0.0360107421875,0.05950927734375,0.04791259765625,0.0465087890625,0.09685177885220339,1.0276781543268143,665.3456525313184,0.22462631412238496,0.1878158041599421,0.1614881069096065,0.11023544849846906,0.0795260863663102,0.05837192114511531,0.04148629692755547,0.03208947344605499,0.021644368693343793,0.015135974901582225,0.013605031750101812,0.009887026953649377,0.007089096366461033,0.00564111072565197,0.005256489539812064,0.0038009623071237875,0.0026546403414832802,0.0017722740916152582,0.002058854583025385,0.015814718170711475,2.2654569546746637,65.36053915867818,0.10579150579150579,0.018532818532818532,0.029343629343629343,0.010038610038610039,0.025482625482625483,0.026254826254826256,0.039382239382239385,0.02084942084942085,0.027799227799227798,0.06486486486486487,0.03861003861003861,0.007722007722007722,0.018532818532818532,0.023938223938223938,0.023166023166023165,0.016216216216216217,0.021621621621621623,0.03861003861003861,0.13436293436293437,0.03397683397683398,0.02702702702702703,0.0015444015444015444,0.006177606177606178,0.027799227799227798,0.011583011583011582,0.047104247104247106,0.014671814671814672,0.044787644787644784,0.016216216216216217,0.010810810810810811,0.010810810810810811,0.013127413127413128,0.0023166023166023165,0.0069498069498069494,0.011583011583011582,0.022393822393822392,3.2512743857116164
102,111.46078872680664,84.4994644045886,136.08592319488525,16.465839616058776,131.06617832183838,23.86541193400003,0.795247094947681,0.7216736112722678,0.7018382364491025,0.581232724523628,0.15741825103759766,0.13031005859375,0.11676025390625,0.12445068359375,0.08197021484375,0.08123779296875,0.14471435546875,0.07916259765625,0.0284423828125,0.18841552734375,0.13824462890625,0.136962890625,0.11138916015625,0.10650634765625,0.1304931640625,0.09136962890625,0.14642333984375,0.177978515625,0.14862060546875,0.16778564453125,0.32513427734375,0.31170654296875,0.175537109375,0.14532470703125,0.18389892578125,0.16082763671875,0.097412109375,0.31329345703125,0.207275390625,0.21221923828125,0.304443359375,0.0745849609375,0.14471435546875,0.13079833984375,0.10052490234375,0.24749755859375,0.201171875,0.17041015625,0.324951171875,0.0726318359375,0.15234375,0.15179443359375,0.1658935546875,0.18951416015625,0.3275146484375,0.30438232421875,0.19439697265625,0.13958740234375,0.16650390625,0.19219970703125,0.12652587890625,0.114990234375,0.1209716796875,0.12548828125,0.1187744140625,0.13818359375,0.198974609375,0.11810302734375,0.0849609375,0.1341552734375,0.09674072265625,0.0933837890625,0.1358642578125,0.11639404296875,0.13153076171875,0.05762687597652284,0.544932217740979,614.6386323484011,0.2062599224342045,0.20503755307492974,0.16722609112614503,0.11262692641187387,0.08051488582523597,0.05924267758517455,0.04151583738512337,0.029818855792713983,0.019639897937127483,0.015093280198361727,0.012971525253604375,0.00911062691150493,0.00715036385364363,0.005706874833849693,0.0054186739280044326,0.0035105851720633944,0.0027577845300710314,0.001642248265204461,0.0017863487181270915,0.012969040763036743,2.2496220729723087,51.65726163852413,0.04357034795763994,0.02632375189107413,0.016944024205748864,0.016036308623298034,0.014826021180030256,0.022995461422087745,0.02995461422087746,0.03691376701966717,0.04447806354009077,0.09833585476550681,0.03207261724659607,0.03177004538577912,0.022087745839636914,0.025416036308623297,0.026626323751891074,0.0226928895612708,0.014826021180030256,0.022995461422087745,0.04508320726172466,0.02632375189107413,0.020877458396369137,0.02178517397881997,0.026626323751891074,0.019969742813918306,0.02178517397881997,0.026021180030257187,0.020574886535552193,0.053555219364599095,0.023600605143721635,0.025113464447806353,0.024508320726172466,0.016036308623298034,0.013918305597579426,0.014826021180030256,0.02027231467473525,0.030257186081694403,3.4735172626338713
103,156.68900394439697,63.49853853551345,160.88068008422852,32.83394872428334,151.59391117095947,27.75929112077004,0.8673073299171747,0.85858410200962,0.9004731954898395,0.9233304055125746,0.015307426452636719,0.0484619140625,0.019287109375,0.0262451171875,0.01226806640625,0.0078125,0.0137939453125,0.0078125,0.029541015625,0.0364990234375,0.013916015625,0.00897216796875,0.0,0.0,0.0,0.0,0.0133056640625,0.04803466796875,0.03546142578125,0.01275634765625,0.0,0.0,0.0,0.0,0.0177001953125,0.0191650390625,0.0078125,0.01287841796875,0.0,0.0,0.0,0.0,0.00909423828125,0.015625,0.0078125,0.01947021484375,0.0,0.0,0.0,0.0,0.0201416015625,0.040771484375,0.0230712890625,0.03076171875,0.0289306640625,0.02752685546875,0.0445556640625,0.0341796875,0.056396484375,0.031005859375,0.0164794921875,0.0078125,0.0,0.0,0.0,0.00994873046875,0.03289794921875,0.03961181640625,0.029541015625,0.010986328125,0.0,0.0,0.0,0.01324462890625,0.0380859375,0.2220550075891112,1.8895840969518045,798.4057659534174,0.20472766344325977,0.19985122737416317,0.1660467807256798,0.10124803702785354,0.08190759566906355,0.053971402595255805,0.0390941400115712,0.03297793206050087,0.02206793949913216,0.014711959666088107,0.015207868418877593,0.013720142160509133,0.007686585668237045,0.006529465245061575,0.005537647739482602,0.0036366641871229026,0.0013224233407719646,0.002314240846350938,0.0017356806347632037,0.025704603686255063,2.2944352027947454,90.96401719453293,0.39490445859872614,0.0,0.0,0.0,0.0,0.0,0.0,0.0,0.0,0.0,0.0,0.0,0.0,0.0,0.0,0.0,0.0,0.025477707006369428,0.535031847133758,0.0,0.0,0.0,0.0,0.0,0.0,0.0,0.0,0.0,0.0,0.0,0.0,0.0,0.0,0.0,0.0,0.044585987261146494,0.9337140125871566
104,190.44576168060303,63.359128806610705,131.56393241882324,8.088978077133529,129.70821285247803,21.517208609275155,0.8801617763964997,0.8842471249005565,0.8899910623563366,0.8941535109475071,0.01643657684326172,0.02215576171875,0.0225830078125,0.029296875,0.0443115234375,0.0,0.0,0.032470703125,0.044189453125,0.0,0.0,0.0,0.03350830078125,0.0,0.0,0.015625,0.019775390625,0.0,0.0,0.0,0.026123046875,0.0,0.0,0.015625,0.01690673828125,0.0,0.0,0.0,0.025390625,0.0,0.0,0.0260009765625,0.03607177734375,0.0343017578125,0.008544921875,0.0078125,0.02978515625,0.015625,0.015625,0.05792236328125,0.0343017578125,0.01666259765625,0.0,0.0,0.0191650390625,0.0,0.0,0.0234375,0.0198974609375,0.02935791015625,0.01519775390625,0.02099609375,0.03338623046875,0.0,0.0,0.0234375,0.0133056640625,0.04132080078125,0.02093505859375,0.0263671875,0.0391845703125,0.015625,0.02783203125,0.03778076171875,0.01409912109375,0.3058670912857273,1.5977825508658714,2373.2408629290176,0.37976902454114253,0.15415549597855227,0.12414930913590431,0.08207877912971746,0.060734171994225615,0.04372035471231182,0.034336976696226026,0.024025572282944937,0.01845741389977315,0.014539080222726335,0.010002062280882656,0.008970921839554547,0.006289956692101464,0.005155702206640545,0.0031965353681171374,0.003712105588781192,0.0010311404413281089,0.001959166838523407,0.001752938750257785,0.021963291400288718,2.068489052746553,90.48596073013704,0.31683168316831684,0.0,0.0,0.0,0.0,0.0,0.0,0.0,0.0,0.0,0.0,0.0,0.0,0.0,0.0,0.0,0.0,0.0,0.6138613861386139,0.0,0.0,0.0,0.0,0.0,0.0,0.0,0.0,0.0,0.0,0.0,0.0,0.0,0.0,0.0,0.0,0.06930693069306931,0.8487120831207235
105,202.35272407531738,47.268800176018104,134.73010730743408,16.226389842123968,146.4001989364624,32.18244968412598,0.7622073056739479,0.7195804635174256,0.6302783709893528,0.5887752957173623,0.07854843139648438,0.1270751953125,0.1292724609375,0.11126708984375,0.11749267578125,0.10589599609375,0.1251220703125,0.130126953125,0.117919921875,0.06573486328125,0.04693603515625,0.052734375,0.037841796875,0.0438232421875,0.06146240234375,0.07440185546875,0.07342529296875,0.1239013671875,0.03656005859375,0.0277099609375,0.03094482421875,0.02178955078125,0.0546875,0.06060791015625,0.07415771484375,0.15570068359375,0.0780029296875,0.07818603515625,0.068359375,0.0595703125,0.10784912109375,0.09637451171875,0.0875244140625,0.09368896484375,0.03533935546875,0.04180908203125,0.03057861328125,0.02947998046875,0.05902099609375,0.093994140625,0.06707763671875,0.076171875,0.05035400390625,0.0450439453125,0.047607421875,0.04638671875,0.08148193359375,0.107666015625,0.07904052734375,0.0955810546875,0.05419921875,0.06524658203125,0.07275390625,0.05267333984375,0.0640869140625,0.10662841796875,0.0655517578125,0.1201171875,0.11419677734375,0.09716796875,0.1141357421875,0.10736083984375,0.10784912109375,0.12939453125,0.09295654296875,0.12110813169787134,0.6448948604802369,627.5350673578716,0.3684654764307602,0.1713609424026129,0.1289106222132516,0.08423090331932696,0.06319382007009303,0.044615497532064806,0.03173452723903191,0.022541698012807573,0.016422319675590377,0.012513991082405182,0.011229563845208169,0.00840382392337474,0.00532119855410191,0.004091818198499055,0.0038624561918567312,0.002834914402099121,0.002156002862437843,0.0016972788491531954,0.0014954402833079507,0.014917704912016735,2.048740049047266,91.15382552425028,0.38950276243093923,0.001841620626151013,0.0,0.0,0.0,0.0,0.0,0.0,0.0,0.0,0.0,0.0,0.0,0.0,0.0,0.0009208103130755065,0.0,0.06813996316758748,0.4677716390423573,0.004604051565377533,0.001841620626151013,0.0,0.0,0.0,0.0,0.0,0.0,0.0,0.0,0.0,0.0,0.0,0.0,0.0,0.0,0.06537753222836096,1.138420521158801
106,187.23275089263916,68.30752526177838,127.57977676391602,5.5834218167871255,141.04338455200195,23.69102838955437,0.8040018012172894,0.8046982695255892,0.6913529869727327,0.7110294497821922,0.08780479431152344,0.0,0.08587646484375,0.1434326171875,0.12237548828125,0.13128662109375,0.16363525390625,0.03753662109375,0.0,0.0,0.06353759765625,0.12689208984375,0.13543701171875,0.16400146484375,0.0621337890625,0.11627197265625,0.0,0.0,0.0374755859375,0.17474365234375,0.13153076171875,0.15032958984375,0.11749267578125,0.09210205078125,0.0,0.0,0.0908203125,0.0550537109375,0.1390380859375,0.13653564453125,0.11175537109375,0.08856201171875,0.0,0.0,0.08880615234375,0.148193359375,0.13232421875,0.16571044921875,0.11865234375,0.0626220703125,0.0,0.0,0.0811767578125,0.16162109375,0.1461181640625,0.1580810546875,0.1756591796875,0.0252685546875,0.0,0.0,0.0599365234375,0.14984130859375,0.1343994140625,0.1534423828125,0.1751708984375,0.0867919921875,0.0,0.0,0.07110595703125,0.12481689453125,0.1632080078125,0.15264892578125,0.14739990234375,0.05865478515625,0.0,0.052329458236948165,0.227944991380569,543.3090374928101,0.2472895465676942,0.1997699371134723,0.16277951237890637,0.11044621779019387,0.08015727644019768,0.05391247189344962,0.037367182771736736,0.026725772253774593,0.018457135757143372,0.01421259574263418,0.01081375727964665,0.008885878387315279,0.005939951181777737,0.00458522547365299,0.0037755965001583184,0.0024569433700605617,0.0019318869565565918,0.0015671531120614677,0.001166346689539353,0.007759612340028137,2.169280045321701,92.28678670371939,0.14988978692138133,0.002204261572373255,0.0007347538574577516,0.0,0.0,0.0,0.0007347538574577516,0.0,0.0,0.0007347538574577516,0.0007347538574577516,0.0007347538574577516,0.008082292432035268,0.00440852314474651,0.002204261572373255,0.016164584864070537,0.02718589272593681,0.17413666421748714,0.3908890521675239,0.07274063188831742,0.008082292432035268,0.005143277002204262,0.0036737692872887582,0.013960323291697281,0.012490815576781777,0.0029390154298310064,0.0,0.002204261572373255,0.0014695077149155032,0.0,0.0007347538574577516,0.0007347538574577516,0.0,0.0014695077149155032,0.0029390154298310064,0.09257898603967671,1.9265344546803045
107,202.8235101699829,72.4570970547633,129.82159042358398,2.6226723387382767,130.0002679824829,3.539391363793779,0.7219258854010352,0.7248881918395679,0.5060159943940568,0.5138606305050953,0.10928153991699219,0.02862548828125,0.12640380859375,0.12890625,0.11846923828125,0.1019287109375,0.1317138671875,0.12396240234375,0.0,0.05596923828125,0.15899658203125,0.1226806640625,0.09942626953125,0.11322021484375,0.13323974609375,0.12896728515625,0.049072265625,0.1236572265625,0.15570068359375,0.12646484375,0.10260009765625,0.0958251953125,0.12664794921875,0.16845703125,0.0916748046875,0.14898681640625,0.13330078125,0.12762451171875,0.1297607421875,0.08551025390625,0.14215087890625,0.14886474609375,0.11614990234375,0.14324951171875,0.13427734375,0.1378173828125,0.13323974609375,0.12164306640625,0.1636962890625,0.14605712890625,0.1422119140625,0.1068115234375,0.13055419921875,0.11541748046875,0.1318359375,0.11505126953125,0.11669921875,0.12200927734375,0.111328125,0.04339599609375,0.10040283203125,0.11602783203125,0.12261962890625,0.10443115234375,0.12890625,0.11676025390625,0.03314208984375,0.038818359375,0.02978515625,0.08013916015625,0.11968994140625,0.09063720703125,0.1085205078125,0.04388427734375,0.0,0.07160043562793826,0.13817700233182625,535.4199397060693,0.37720032844076423,0.18676187636084365,0.12755266694717576,0.08314371734485872,0.060920859665104805,0.04023399361909859,0.028665035356403166,0.021062693786178525,0.014726728296969275,0.010935770222187726,0.00966530905704003,0.007157067399803099,0.005241162941750786,0.003962531608338473,0.0035540231951077033,0.002369348796738469,0.0017198204197015439,0.0014502048669692352,0.001205099819030773,0.012471761855935423,1.9921616834009628,86.57418391750853,0.07042253521126761,0.02694427434170239,0.023882424984690752,0.017146356399265157,0.023882424984690752,0.014084507042253521,0.010410287813839559,0.01224739742804654,0.015921616656460504,0.049601959583588484,0.011022657685241886,0.014084507042253521,0.014084507042253521,0.01224739742804654,0.02449479485609308,0.018983466013472138,0.03184323331292101,0.09491733006736068,0.15860379669320268,0.054500918554807105,0.0226576852418861,0.02878138395590937,0.017758726270667484,0.007960808328230252,0.015921616656460504,0.009797917942437232,0.006736068585425597,0.0385793018983466,0.004286589099816289,0.015921616656460504,0.005511328842620943,0.0226576852418861,0.018983466013472138,0.02694427434170239,0.019595835884874464,0.0385793018983466,3.2299033868973464
108,211.87738609313965,46.882673581805356,129.9328212738037,12.730892366871107,146.59870529174805,32.18322097338046,0.6888110174478971,0.693208600566701,0.6976238766617942,0.69982181333178,0.06327629089355469,0.08319091796875,0.0872802734375,0.0576171875,0.0,0.0548095703125,0.0091552734375,0.03857421875,0.12841796875,0.074951171875,0.08056640625,0.04937744140625,0.0078125,0.10687255859375,0.06060791015625,0.05657958984375,0.08837890625,0.101806640625,0.05987548828125,0.0330810546875,0.03125,0.0726318359375,0.099365234375,0.05865478515625,0.0755615234375,0.0673828125,0.07574462890625,0.0408935546875,0.0489501953125,0.06488037109375,0.04644775390625,0.06463623046875,0.07196044921875,0.04803466796875,0.068359375,0.067626953125,0.05816650390625,0.12286376953125,0.09033203125,0.0914306640625,0.08526611328125,0.0797119140625,0.0633544921875,0.0386962890625,0.07977294921875,0.08721923828125,0.02252197265625,0.04901123046875,0.0758056640625,0.065185546875,0.06195068359375,0.014892578125,0.04693603515625,0.11297607421875,0.0399169921875,0.06060791015625,0.09600830078125,0.090087890625,0.06201171875,0.01800537109375,0.04840087890625,0.07708740234375,0.04437255859375,0.0323486328125,0.05340576171875,0.10593711365415713,0.40987645892908464,630.3129854502833,0.3801485204601868,0.1749595740078895,0.121751758659402,0.0799662172600962,0.061777095714329856,0.04282580259756311,0.03034266821847545,0.02198967978494402,0.015964404527711116,0.011896056277100863,0.010237818129383774,0.00791010495308525,0.005984076793935586,0.004253741335448188,0.0041919436405022095,0.002533705492785119,0.002214417402230897,0.0017612343059603876,0.001575841221122452,0.017715339217847174,2.0302105197666944,177.50870998088985,0.4216494845360825,0.005154639175257732,0.009278350515463918,0.002061855670103093,0.0,0.0,0.0010309278350515464,0.0,0.0,0.0,0.0,0.0,0.0,0.0,0.002061855670103093,0.0010309278350515464,0.003092783505154639,0.05360824742268041,0.37938144329896906,0.01134020618556701,0.0010309278350515464,0.0,0.0010309278350515464,0.0,0.0,0.0010309278350515464,0.0,0.0,0.002061855670103093,0.0010309278350515464,0.002061855670103093,0.003092783505154639,0.0010309278350515464,0.003092783505154639,0.008247422680412371,0.0865979381443299,1.4157449543101555
109,221.83456420898438,52.558909975322884,130.14942836761475,10.440117126067417,131.48859214782715,19.923919920784527,0.8112956184492757,0.8010401415589493,0.7708227632941658,0.7427460463827043,0.07201099395751953,0.0,0.0,0.0,0.042724609375,0.04217529296875,0.0,0.0,0.0,0.0,0.0,0.064697265625,0.09271240234375,0.11236572265625,0.07464599609375,0.0,0.0,0.0,0.0692138671875,0.13421630859375,0.1343994140625,0.09442138671875,0.1943359375,0.06640625,0.0,0.0369873046875,0.1358642578125,0.20477294921875,0.18609619140625,0.15606689453125,0.21295166015625,0.18402099609375,0.02972412109375,0.00634765625,0.14129638671875,0.20977783203125,0.1527099609375,0.14398193359375,0.2650146484375,0.20062255859375,0.03997802734375,0.0,0.04541015625,0.151611328125,0.16082763671875,0.1759033203125,0.2034912109375,0.0517578125,0.0,0.0,0.0,0.03082275390625,0.1298828125,0.13519287109375,0.0445556640625,0.0,0.0,0.0,0.0,0.0,0.01507568359375,0.03564453125,0.0,0.0,0.0,0.06164164361326293,0.48488903517752907,560.1101031852263,0.25947602805697517,0.21372480141418032,0.15210937234416255,0.10180285329012227,0.07304332060419948,0.05031218484062142,0.03570578703441399,0.026680189010640346,0.01820983807181951,0.013597887794762547,0.011025620686919965,0.008413693073009326,0.005813097032260989,0.0048045870208161,0.003994379539711498,0.003053858967240422,0.0020113542363086267,0.0018300490657117928,0.001382451925800859,0.013008645990322837,2.1623115979692864,176.17024475497183,0.2965686274509804,0.04084967320261438,0.022058823529411766,0.013071895424836602,0.0024509803921568627,0.004084967320261438,0.0008169934640522876,0.0032679738562091504,0.00980392156862745,0.032679738562091505,0.008169934640522876,0.0008169934640522876,0.004901960784313725,0.004901960784313725,0.005718954248366013,0.008169934640522876,0.015522875816993464,0.05392156862745098,0.09068627450980392,0.014705882352941176,0.004901960784313725,0.004084967320261438,0.0008169934640522876,0.004084967320261438,0.0008169934640522876,0.0024509803921568627,0.016339869281045753,0.06454248366013073,0.015522875816993464,0.015522875816993464,0.008986928104575163,0.005718954248366013,0.0024509803921568627,0.027777777777777776,0.03676470588235294,0.15604575163398693,2.586917232389602
110,196.2280673980713,33.47863103069155,128.83073329925537,2.158645851823931,132.62121391296387,10.677695767452349,0.9485589701019365,0.9062959746567721,0.8643924506513395,0.8261486524590756,0.048811912536621094,0.02252197265625,0.0,0.0,0.0662841796875,0.059326171875,0.0,0.0,0.01995849609375,0.01788330078125,0.0,0.06927490234375,0.0477294921875,0.053955078125,0.056396484375,0.0,0.02392578125,0.01898193359375,0.06072998046875,0.1043701171875,0.03460693359375,0.04248046875,0.0888671875,0.04949951171875,0.0244140625,0.0804443359375,0.084228515625,0.0460205078125,0.0,0.0,0.04669189453125,0.101806640625,0.0589599609375,0.114013671875,0.08544921875,0.06622314453125,0.0,0.0,0.0675048828125,0.0960693359375,0.1214599609375,0.01959228515625,0.09710693359375,0.0997314453125,0.06024169921875,0.0635986328125,0.12255859375,0.1014404296875,0.01983642578125,0.022216796875,0.0,0.10394287109375,0.105712890625,0.117431640625,0.1009521484375,0.0,0.02435302734375,0.02044677734375,0.0,0.00164794921875,0.0931396484375,0.09869384765625,0.0,0.0,0.021240234375,0.06520860131061026,0.7006324170564914,696.0349452608718,0.16854866393250104,0.19333682632025873,0.1711684041265425,0.11319084355634249,0.07375020325570471,0.06459917975031165,0.04755280131529025,0.03589947424524382,0.021472836004263852,0.018320114184538112,0.014065294765939764,0.011246815660626209,0.010262154691141665,0.009087788397261017,0.010478960776165785,0.0058627978825272365,0.003577300402897975,0.0019060868308370521,0.004534860611754503,0.021138593289851668,2.3719760207488303,75.12519523036546,0.022004889975550123,0.0,0.0,0.0,0.0,0.0,0.0,0.0,0.017114914425427872,0.4229828850855746,0.0,0.0,0.0,0.0,0.0,0.0,0.0,0.03667481662591687,0.18337408312958436,0.0,0.0,0.0,0.0,0.0,0.0,0.0,0.05623471882640587,0.2616136919315403,0.0,0.0,0.0,0.0,0.0,0.0,0.0,0.0,1.4624749314142447
111,217.78580856323242,32.685260666241646,127.90961074829102,1.6629838359099451,129.67913150787354,2.2892960447320956,0.8004772500383338,0.7907082957669274,0.5539025275589935,0.5339713284233837,0.1252765655517578,0.0174560546875,0.0166015625,0.05426025390625,0.061279296875,0.0533447265625,0.03448486328125,0.02294921875,0.02392578125,0.004150390625,0.1514892578125,0.27294921875,0.23480224609375,0.24169921875,0.25189208984375,0.12493896484375,0.00555419921875,0.10113525390625,0.2037353515625,0.20159912109375,0.22833251953125,0.22198486328125,0.24420166015625,0.2239990234375,0.16693115234375,0.1739501953125,0.166015625,0.17108154296875,0.20062255859375,0.20648193359375,0.21044921875,0.17266845703125,0.211669921875,0.13946533203125,0.15203857421875,0.12530517578125,0.158203125,0.19036865234375,0.16998291015625,0.16363525390625,0.17864990234375,0.0733642578125,0.155029296875,0.1265869140625,0.13580322265625,0.1673583984375,0.147216796875,0.148681640625,0.0977783203125,0.0,0.04852294921875,0.14556884765625,0.14398193359375,0.171630859375,0.15362548828125,0.09918212890625,0.0,0.0643310546875,0.02105712890625,0.0205078125,0.0352783203125,0.04571533203125,0.01934814453125,0.02142333984375,0.02142333984375,0.05809828550023415,0.6746391963298172,557.8408039253627,0.286674157231436,0.19272198800869417,0.1422150944483391,0.09895868345321437,0.07196063932290417,0.052081832819557417,0.03695985505437062,0.027346963600336754,0.018761623980050768,0.014798667063602578,0.012087338704772514,0.009817761601572378,0.006376583342136348,0.005134558072684087,0.0044399202286863025,0.00301543248408255,0.0023464034085270797,0.0018726411923442588,0.0013380581511109404,0.011091797831577533,2.166674244754332,0.5363522810147426,0.19662690250925546,0.0658165364047717,0.049773755656108594,0.01809954751131222,0.020156314273961334,0.01727684080625257,0.01316330728095434,0.009872480460715755,0.006993006993006993,0.01851090086384204,0.006170300287947347,0.007404360345536816,0.00658165364047717,0.009461127108185932,0.007404360345536816,0.014808720691073632,0.01727684080625257,0.04771698889345948,0.07404360345536816,0.020156314273961334,0.014397367338543809,0.014397367338543809,0.007404360345536816,0.01192924722336487,0.00658165364047717,0.004113533525298231,0.008227067050596462,0.023447141094199916,0.006993006993006993,0.011517893870835048,0.01851090086384204,0.011517893870835048,0.020567667626491155,0.029617441382147263,0.061703002879473466,0.12176059234882765,3.0292759400076408
112,205.5824680328369,91.83488544964843,127.41017246246338,7.609503777726668,129.45263957977295,11.739372399586657,0.8687494141938843,0.8282443527151818,0.802679791710496,0.7942914881973457,0.03349018096923828,0.0496826171875,0.03118896484375,0.03631591796875,0.016845703125,0.02349853515625,0.039306640625,0.0364990234375,0.05096435546875,0.04547119140625,0.03619384765625,0.03472900390625,0.0225830078125,0.015625,0.04437255859375,0.05657958984375,0.04986572265625,0.0350341796875,0.050537109375,0.02252197265625,0.01800537109375,0.018310546875,0.04638671875,0.06414794921875,0.06787109375,0.0078125,0.026123046875,0.0078125,0.0,0.0,0.0078125,0.03216552734375,0.06658935546875,0.02960205078125,0.05706787109375,0.0311279296875,0.03173828125,0.03839111328125,0.044189453125,0.0635986328125,0.0433349609375,0.0457763671875,0.05389404296875,0.04486083984375,0.0283203125,0.02960205078125,0.04547119140625,0.0616455078125,0.03155517578125,0.01983642578125,0.02099609375,0.0078125,0.0,0.0,0.015625,0.04217529296875,0.015625,0.0228271484375,0.02142333984375,0.025634765625,0.037353515625,0.03680419921875,0.0386962890625,0.06402587890625,0.03350830078125,0.2055491898872944,0.9381553501453486,739.3568253774874,0.345580148474017,0.16992026395380808,0.12039455595270827,0.08956557602419576,0.07073137200989826,0.05165658509760792,0.032925488039593075,0.025226835303821832,0.016084685180093483,0.012269727797635414,0.010207588671982404,0.009039043167445696,0.006633214187517184,0.0053271927412702775,0.005395930712125378,0.0041242782513060215,0.004055540280450921,0.0025433049216387134,0.0017871872422326094,0.016531481990651634,2.123382132956808,90.005664668561,0.31210191082802546,0.0,0.0,0.0,0.0,0.0,0.0,0.0,0.0,0.0,0.0,0.0,0.0,0.0,0.0,0.0,0.0,0.09554140127388536,0.5414012738853503,0.0,0.0,0.0,0.0,0.0,0.0,0.0,0.0,0.0,0.0,0.0,0.0,0.0,0.0,0.0,0.0,0.050955414012738856,1.07165448841156
113,191.32708072662354,68.36999370965397,133.87736320495605,10.959708446849252,128.97355365753174,13.840111027878521,0.8470324753087924,0.8471632284203937,0.8395600044916375,0.8454055100763428,0.029374122619628906,0.0078125,0.02044677734375,0.05877685546875,0.04864501953125,0.04449462890625,0.04931640625,0.021728515625,0.02313232421875,0.0078125,0.0328369140625,0.0386962890625,0.01806640625,0.0621337890625,0.0245361328125,0.03985595703125,0.01983642578125,0.0330810546875,0.023681640625,0.037841796875,0.05352783203125,0.030029296875,0.04254150390625,0.044189453125,0.03546142578125,0.022705078125,0.03790283203125,0.03277587890625,0.03607177734375,0.0396728515625,0.03424072265625,0.0321044921875,0.02752685546875,0.0078125,0.01715087890625,0.0465087890625,0.05548095703125,0.05035400390625,0.02130126953125,0.02276611328125,0.031005859375,0.01055908203125,0.01470947265625,0.076904296875,0.02490234375,0.02777099609375,0.025390625,0.01812744140625,0.01739501953125,0.01727294921875,0.0,0.022216796875,0.02056884765625,0.073486328125,0.02642822265625,0.0,0.01739501953125,0.06427001953125,0.01324462890625,0.0078125,0.012451171875,0.02301025390625,0.0078125,0.0078125,0.01654052734375,0.13319709710809144,0.5784603901107455,668.7529915771861,0.31958218740450595,0.17545906603328054,0.13139983887546183,0.09309109092424368,0.06764452593271661,0.05219879434397311,0.03433619468289024,0.02539100480595605,0.018251520960080005,0.014890129733033308,0.011778759341056199,0.009778592660499486,0.006861682918020947,0.004805956051893213,0.004750395866322194,0.0029169097424785397,0.0027502291857654806,0.001777925938272634,0.001777925938272634,0.020557268661277328,2.157119950824221,94.93353939150575,0.23448275862068965,0.013793103448275862,0.0,0.0,0.0,0.0,0.0,0.0,0.0,0.0,0.0,0.0034482758620689655,0.0,0.0,0.0034482758620689655,0.0034482758620689655,0.013793103448275862,0.1103448275862069,0.4586206896551724,0.027586206896551724,0.006896551724137931,0.0,0.0,0.0,0.0034482758620689655,0.006896551724137931,0.006896551724137931,0.02413793103448276,0.0,0.0,0.0034482758620689655,0.0,0.0,0.010344827586206896,0.0034482758620689655,0.06551724137931035,1.6940435929309638
114,225.3766794204712,42.18233793302412,128.08526802062988,0.9046449252771702,128.8476095199585,1.6849091224112398,0.960728797758558,0.9572788950193445,0.9431006171661138,0.925247495021731,0.017088890075683594,0.0,0.0,0.0,0.0,0.0,0.0,0.0,0.0,0.0,0.0,0.00701904296875,0.0,0.0,0.0,0.0,0.0,0.0,0.0120849609375,0.0452880859375,0.015625,0.015625,0.02288818359375,0.03961181640625,0.0,0.0018310546875,0.0,0.03216552734375,0.0,0.0,0.0,0.026611328125,0.00372314453125,0.0863037109375,0.01702880859375,0.0322265625,0.0,0.0,0.0,0.04107666015625,0.10284423828125,0.0,0.0877685546875,0.04693603515625,0.0,0.0,0.01275634765625,0.1021728515625,0.0,0.0,0.0,0.09759521484375,0.02459716796875,0.01959228515625,0.09674072265625,0.0,0.0,0.0,0.0,0.0,0.0513916015625,0.05218505859375,0.0,0.0,0.0,0.07192571386519798,0.6822629825259477,684.8300365718934,0.19119777158774373,0.22334261838440111,0.16055710306406684,0.10799442896935933,0.08420612813370473,0.06749303621169916,0.03924791086350975,0.032506963788300834,0.019526462395543176,0.014206128133704735,0.011392757660167131,0.009526462395543176,0.007381615598885794,0.006100278551532033,0.0047910863509749305,0.003286908077994429,0.0020891364902506965,0.001977715877437326,0.0020891364902506965,0.011086350974930362,2.246269127774335,106.66907050864255,0.07627118644067797,0.0,0.0,0.0,0.0,0.0,0.0,0.0,0.0,0.3220338983050847,0.0,0.0,0.0,0.0,0.0,0.0,0.0,0.03389830508474576,0.16101694915254236,0.0,0.0,0.0,0.0,0.0,0.0,0.0,0.19491525423728814,0.2033898305084746,0.0,0.0,0.0,0.0,0.0,0.0,0.0,0.00847457627118644,1.6530365548979387
115,173.10953426361084,83.75809206481371,134.0129051208496,18.062295493262532,145.32080554962158,31.439428942100697,0.8358898934107518,0.8634788910426122,0.8757734739979842,0.8649232581019929,0.024086952209472656,0.0367431640625,0.0400390625,0.01776123046875,0.04620361328125,0.021240234375,0.00885009765625,0.0523681640625,0.01995849609375,0.018798828125,0.0272216796875,0.031494140625,0.04052734375,0.0,0.0,0.02685546875,0.0169677734375,0.02191162109375,0.02703857421875,0.019287109375,0.0411376953125,0.01129150390625,0.0126953125,0.03253173828125,0.023681640625,0.01031494140625,0.0,0.0,0.015869140625,0.0,0.02130126953125,0.04071044921875,0.0230712890625,0.01617431640625,0.0,0.0,0.01300048828125,0.0,0.016845703125,0.03338623046875,0.02374267578125,0.014892578125,0.0,0.0,0.0185546875,0.0,0.01641845703125,0.0333251953125,0.04852294921875,0.03790283203125,0.05657958984375,0.03204345703125,0.04296875,0.0301513671875,0.03753662109375,0.0,0.03692626953125,0.029052734375,0.04815673828125,0.032958984375,0.0408935546875,0.0450439453125,0.0511474609375,0.04217529296875,0.03729248046875,0.13177095977917838,0.7936912190000623,665.9400184167378,0.2569230769230769,0.19003205128205128,0.1566025641025641,0.10676282051282052,0.08048076923076923,0.05173076923076923,0.038814102564102566,0.02842948717948718,0.018173076923076924,0.013878205128205128,0.011025641025641025,0.007916666666666667,0.005256410256410256,0.004294871794871795,0.004519230769230769,0.0027884615384615383,0.002532051282051282,0.0021474358974358974,0.00125,0.016442307692307694,2.1934634091923133,89.47404457889111,0.36401673640167365,0.0,0.0,0.0,0.0,0.0,0.0,0.0,0.0,0.0,0.0,0.0,0.0,0.0,0.0,0.0,0.0,0.1589958158995816,0.4476987447698745,0.0,0.0,0.0,0.0,0.0,0.0,0.0,0.0,0.0,0.0,0.0,0.0,0.0,0.0,0.0,0.0,0.029288702928870293,1.1234244861433826
116,163.24984741210938,63.26994817316217,139.79437923431396,22.636871665190984,145.31214141845703,28.758886354893466,0.640957998481482,0.65595675603646,0.5991242397312577,0.6057265631442663,0.11572933197021484,0.00897216796875,0.02001953125,0.02130126953125,0.0189208984375,0.0201416015625,0.01666259765625,0.0152587890625,0.0142822265625,0.12225341796875,0.134521484375,0.1522216796875,0.13336181640625,0.15582275390625,0.14398193359375,0.1685791015625,0.0859375,0.08758544921875,0.099609375,0.21435546875,0.156494140625,0.18914794921875,0.18695068359375,0.13006591796875,0.130615234375,0.10772705078125,0.15594482421875,0.17633056640625,0.226318359375,0.0953369140625,0.08551025390625,0.22235107421875,0.2318115234375,0.138916015625,0.1766357421875,0.22271728515625,0.21063232421875,0.187744140625,0.11444091796875,0.19879150390625,0.1939697265625,0.1536865234375,0.15789794921875,0.11053466796875,0.1533203125,0.1529541015625,0.0892333984375,0.17132568359375,0.15472412109375,0.0804443359375,0.1470947265625,0.15216064453125,0.19482421875,0.12054443359375,0.08306884765625,0.1119384765625,0.1024169921875,0.00921630859375,0.00921630859375,0.01239013671875,0.01251220703125,0.01190185546875,0.01043701171875,0.02105712890625,0.01153564453125,0.0648997344460941,0.577901258023112,670.96052283542,0.19791413466212932,0.20244895478852698,0.16495882960622266,0.11334771511910549,0.0839435464268352,0.05997432547399125,0.0410564535731648,0.03036506441419543,0.021435950413223142,0.016418783422459893,0.013566480311132717,0.009924191784151676,0.006935160427807487,0.005746384297520661,0.005552685950413223,0.0038967549829849297,0.0027991310160427807,0.00221043996110841,0.0019635695187165776,0.01554144385026738,2.277423427075331,175.7827550622658,0.10958276020174232,0.04722604309949564,0.028427326914259515,0.03576341127922971,0.0380559376432829,0.031178358551123338,0.021549747822099955,0.018340210912425492,0.01925722145804677,0.027968821641448878,0.005960568546538285,0.009628610729023384,0.005960568546538285,0.005960568546538285,0.00871160018340211,0.00871160018340211,0.016964695093993582,0.03163686382393398,0.044475011462631824,0.009170105456212746,0.01192113709307657,0.009628610729023384,0.009170105456212746,0.010087116001834021,0.011004126547455296,0.01879871618523613,0.014213663457129757,0.04951856946354883,0.02521779000458505,0.02888583218707015,0.0307198532783127,0.03209536909674461,0.0380559376432829,0.04126547455295736,0.06327372764786796,0.08161393856029345,3.318445449501097
117,169.12721157073975,66.68447132702589,128.1858787536621,9.987665806845705,137.13373279571533,9.96007118359514,0.8285796126757999,0.7958927200514694,0.6848259642771831,0.6504352282403383,0.09612083435058594,0.02191162109375,0.0347900390625,0.08026123046875,0.0894775390625,0.0545654296875,0.05731201171875,0.053466796875,0.02294921875,0.0228271484375,0.0789794921875,0.13897705078125,0.07623291015625,0.1044921875,0.1141357421875,0.08837890625,0.0,0.05194091796875,0.0611572265625,0.12060546875,0.22576904296875,0.0955810546875,0.14947509765625,0.08343505859375,0.03424072265625,0.0506591796875,0.21197509765625,0.2557373046875,0.22491455078125,0.0950927734375,0.091796875,0.11785888671875,0.0482177734375,0.05279541015625,0.13153076171875,0.27191162109375,0.14874267578125,0.1552734375,0.25732421875,0.10064697265625,0.075927734375,0.05816650390625,0.1043701171875,0.18133544921875,0.14959716796875,0.18133544921875,0.2139892578125,0.13421630859375,0.03289794921875,0.0198974609375,0.07073974609375,0.12646484375,0.0438232421875,0.1417236328125,0.12109375,0.0797119140625,0.025146484375,0.051513671875,0.05584716796875,0.02777099609375,0.05224609375,0.03692626953125,0.025390625,0.01397705078125,0.05218505859375,0.05741383489561152,0.48768453728789823,667.1894861928522,0.19740665832247,0.20388568161836992,0.1585671657304709,0.11173283556879848,0.08259455432894902,0.061927509430530235,0.042828249580985626,0.03148562791523567,0.02158519525853295,0.0168038839492592,0.013967145808340443,0.011264665503098757,0.007869241529846383,0.006236493012096198,0.005708123465238048,0.004382868700167606,0.003161555485298767,0.0023083685940606066,0.002078831004032066,0.014205345194219118,2.2936707556875744,162.19556471467976,0.04305396096440873,0.03673938002296211,0.05683122847301952,0.0338691159586682,0.020091848450057407,0.020091848450057407,0.017795637198622274,0.025832376578645237,0.03157290470723306,0.06257175660160735,0.04133180252583238,0.021814006888633754,0.009184845005740528,0.018369690011481057,0.018369690011481057,0.008610792192881744,0.008610792192881744,0.015499425947187142,0.03444316877152698,0.04477611940298507,0.02870264064293915,0.02066590126291619,0.016647531572904706,0.020091848450057407,0.05683122847301952,0.04649827784156142,0.024110218140068886,0.05683122847301952,0.0269804822043628,0.029850746268656716,0.013777267508610792,0.01722158438576349,0.02066590126291619,0.022388059701492536,0.012055109070034443,0.01722158438576349,3.4536389440985893
118,73.36905288696289,58.94180566841913,129.04960250854492,10.11564515243873,121.40054225921631,17.52667551048722,0.7886148833183412,0.7835100167598305,0.811804953290476,0.8128371021182118,0.053070068359375,0.05328369140625,0.0,0.0,0.0,0.0,0.0,0.0,0.02069091796875,0.05816650390625,0.03936767578125,0.1146240234375,0.1268310546875,0.1451416015625,0.07958984375,0.055908203125,0.029541015625,0.0341796875,0.10595703125,0.00714111328125,0.00909423828125,0.07489013671875,0.0841064453125,0.03729248046875,0.016845703125,0.04498291015625,0.1171875,0.04443359375,0.0853271484375,0.120849609375,0.0943603515625,0.00323486328125,0.0208740234375,0.145263671875,0.19610595703125,0.153076171875,0.08685302734375,0.15338134765625,0.03131103515625,0.02923583984375,0.04296875,0.03125,0.0645751953125,0.1212158203125,0.0537109375,0.05438232421875,0.06256103515625,0.04766845703125,0.071044921875,0.0521240234375,0.083984375,0.0,0.008544921875,0.01031494140625,0.0048828125,0.07562255859375,0.029541015625,0.0469970703125,0.0078125,0.0078125,0.0078125,0.0078125,0.00970458984375,0.039794921875,0.03521728515625,0.06903332893683072,0.42457736339413343,706.6884792242877,0.21782117790662192,0.19231003967043028,0.1557609311652644,0.11005710798203933,0.08297659008675182,0.060569336065216445,0.04103055930947295,0.031378874406033395,0.02052399843062034,0.016304110902829242,0.014891669209642966,0.009669122455207289,0.007036052138279785,0.005623610445093509,0.0058415798421901565,0.004176293648371769,0.003112602990540128,0.002127381315663281,0.002301756833340599,0.016487205196390426,2.28158039285149,125.97748353777078,0.07165109034267912,0.08203530633437175,0.023883696780893044,0.009345794392523364,0.02699896157840083,0.007268951194184839,0.008307372793354102,0.009345794392523364,0.012461059190031152,0.01557632398753894,0.02699896157840083,0.012461059190031152,0.04361370716510903,0.02596053997923157,0.035306334371754934,0.024922118380062305,0.023883696780893044,0.008307372793354102,0.08722741433021806,0.020768431983385256,0.06749740394600208,0.021806853582554516,0.014537902388369679,0.013499480789200415,0.0020768431983385254,0.023883696780893044,0.04880581516095535,0.05711318795430945,0.030114226375908618,0.018691588785046728,0.01973001038421599,0.009345794392523364,0.01973001038421599,0.01142263759086189,0.02596053997923157,0.03946002076843198,3.3287610937135983
119,142.29218578338623,80.9782035571512,129.01284217834473,17.305411228650094,122.2680196762085,21.11710817488173,0.8080398946784239,0.8172325938584706,0.8337292473326945,0.8519832226386298,0.04378223419189453,0.0,0.0,0.0,0.0,0.0,0.0,0.0,0.0,0.03753662109375,0.04052734375,0.0089111328125,0.01263427734375,0.017822265625,0.01373291015625,0.0440673828125,0.01617431640625,0.03338623046875,0.048095703125,0.0716552734375,0.0126953125,0.0,0.0,0.097900390625,0.0,0.1011962890625,0.25360107421875,0.26531982421875,0.0445556640625,0.0,0.0408935546875,0.0,0.0,0.0582275390625,0.27984619140625,0.30157470703125,0.1231689453125,0.0,0.0,0.095458984375,0.0550537109375,0.0,0.0377197265625,0.03875732421875,0.0875244140625,0.0089111328125,0.05364990234375,0.03521728515625,0.0419921875,0.03900146484375,0.0479736328125,0.0526123046875,0.0655517578125,0.02545166015625,0.05694580078125,0.05548095703125,0.08123779296875,0.0,0.0,0.0,0.0,0.0,0.0,0.0,0.0,0.05302513527669532,0.4090477362951633,625.4939694603152,0.19317517821666472,0.211798193625937,0.16818310823219085,0.1174143140953939,0.0855106095260355,0.05960032721748276,0.04103574350156096,0.029758426684919615,0.02050952436601613,0.015167198116829997,0.01213709744736974,0.009240554934139134,0.0060351591846274566,0.004899914856675403,0.004374029616521144,0.0030885323628107313,0.0023706572730763454,0.001652782183341959,0.0017112138766924322,0.01233743468171422,2.2402925784608834,11.483515779580419,0.2295302013422819,0.032214765100671144,0.03087248322147651,0.04563758389261745,0.08590604026845637,0.10067114093959731,0.025503355704697986,0.008053691275167786,0.016107382550335572,0.026845637583892617,0.0026845637583892616,0.04161073825503356,0.01879194630872483,0.004026845637583893,0.020134228187919462,0.01879194630872483,0.009395973154362415,0.006711409395973154,0.008053691275167786,0.0,0.016107382550335572,0.006711409395973154,0.005369127516778523,0.012080536912751677,0.008053691275167786,0.0,0.0,0.02953020134228188,0.036241610738255034,0.009395973154362415,0.0026845637583892616,0.008053691275167786,0.03355704697986577,0.010738255033557046,0.016107382550335572,0.0738255033557047,2.9140508586526526
120,130.52119255065918,91.17202540189803,129.9284381866455,12.216800081209982,147.20514297485352,24.587292805890364,0.6594625399542527,0.7518640987117752,0.6949898871018915,0.714522716053534,0.07201576232910156,0.02337646484375,0.0242919921875,0.0394287109375,0.054443359375,0.02886962890625,0.0211181640625,0.0247802734375,0.02606201171875,0.0911865234375,0.1212158203125,0.16302490234375,0.1348876953125,0.0992431640625,0.048095703125,0.0673828125,0.0029296875,0.023193359375,0.057861328125,0.151611328125,0.0950927734375,0.0843505859375,0.096923828125,0.1287841796875,0.0518798828125,0.0,0.03448486328125,0.1514892578125,0.03826904296875,0.09100341796875,0.10498046875,0.146728515625,0.09661865234375,0.05340576171875,0.036865234375,0.142578125,0.093017578125,0.150390625,0.17999267578125,0.18145751953125,0.136962890625,0.06341552734375,0.0316162109375,0.1441650390625,0.14703369140625,0.11541748046875,0.10107421875,0.11004638671875,0.06378173828125,0.0,0.080078125,0.09661865234375,0.02783203125,0.0556640625,0.0,0.0,0.0,0.021728515625,0.05853271484375,0.0140380859375,0.02410888671875,0.04425048828125,0.0328369140625,0.03619384765625,0.04229736328125,0.07000917044134371,0.5069114269098599,577.9974449706738,0.2534901185517051,0.1959408717754514,0.1614408493103205,0.10683132537853746,0.071882000295256,0.05322952303317779,0.03703537295326611,0.027317599183552956,0.018857872744661323,0.015019544663889548,0.012201775387202577,0.009948843687619146,0.006733120663427409,0.005564933856236,0.004826793840702966,0.003055257803423686,0.002111722305307548,0.0017201871666335038,0.0016303266430033954,0.01116196075662561,2.194559030133207,176.99147090429136,0.14520098441345364,0.029532403609515995,0.02132895816242822,0.04265791632485644,0.062346185397867106,0.027071369975389663,0.026251025430680888,0.01066447908121411,0.0016406890894175555,0.014766201804757998,0.0016406890894175555,0.0008203445447087777,0.0016406890894175555,0.003281378178835111,0.008203445447087777,0.01066447908121411,0.011484823625922888,0.06808859721082855,0.13863822805578344,0.034454470877768664,0.022149302707136997,0.009844134536505332,0.004101722723543888,0.004922067268252666,0.011484823625922888,0.0016406890894175555,0.017227235438884332,0.018867924528301886,0.01804757998359311,0.05004101722723544,0.016406890894175553,0.01394585726004922,0.016406890894175553,0.016406890894175553,0.04019688269073011,0.07793273174733388,3.043557888889312
121,168.90426635742188,87.71139109476619,134.48170948028564,14.828286018940318,139.84581184387207,10.802047403291839,0.7743701399590582,0.7760802211652246,0.7086014817321221,0.7078283367073471,0.07116222381591797,0.0042724609375,0.014404296875,0.0,0.02044677734375,0.0,0.03497314453125,0.017578125,0.0140380859375,0.0904541015625,0.1119384765625,0.194091796875,0.16864013671875,0.10968017578125,0.191650390625,0.10565185546875,0.0848388671875,0.101806640625,0.0875244140625,0.07147216796875,0.102294921875,0.1175537109375,0.1885986328125,0.12835693359375,0.121337890625,0.07806396484375,0.0897216796875,0.0848388671875,0.1329345703125,0.09149169921875,0.1934814453125,0.13140869140625,0.02642822265625,0.07733154296875,0.0914306640625,0.0140380859375,0.08807373046875,0.06817626953125,0.03826904296875,0.13494873046875,0.0184326171875,0.06707763671875,0.08013916015625,0.0,0.10107421875,0.048583984375,0.10137939453125,0.1168212890625,0.01849365234375,0.018310546875,0.08978271484375,0.01336669921875,0.1307373046875,0.05804443359375,0.0826416015625,0.1331787109375,0.0,0.0,0.0,0.018798828125,0.0,0.0,0.0177001953125,0.017578125,0.0,0.07603211049528918,0.473525871860657,606.1708263397735,0.23695423645665428,0.20041348377601795,0.15642301492746513,0.1095241432475997,0.07875814703202748,0.0556941621697386,0.039477188310323076,0.028607470740766697,0.019069311093979958,0.015291891513070293,0.012874062653304366,0.009047585675240031,0.006062092648398626,0.005214100497582171,0.004758567524003084,0.0032377882122082836,0.0024388534585464993,0.0018221318943163502,0.001871189291471021,0.012460578877286426,2.2189738743492984,89.88859552294842,0.07461538461538461,0.04230769230769231,0.023076923076923078,0.018461538461538463,0.009230769230769232,0.016153846153846154,0.02846153846153846,0.03769230769230769,0.006153846153846154,0.02076923076923077,0.006923076923076923,0.005384615384615384,0.012307692307692308,0.013076923076923076,0.011538461538461539,0.01,0.02846153846153846,0.10461538461538461,0.12615384615384614,0.08153846153846153,0.03769230769230769,0.013076923076923076,0.011538461538461539,0.010769230769230769,0.013846153846153847,0.007692307692307693,0.009230769230769232,0.025384615384615384,0.012307692307692308,0.015384615384615385,0.014615384615384615,0.009230769230769232,0.015384615384615385,0.025384615384615384,0.04230769230769231,0.05923076923076923,3.2044599970496375
122,195.88601970672607,66.31323161547479,129.4821367263794,19.281524542562444,145.36569213867188,24.659074341726964,0.7759575263052332,0.7670225511850198,0.7338591353918474,0.725893880762461,0.07681941986083984,0.0,0.0,0.0,0.0,0.0,0.0,0.0,0.0,0.0078125,0.030029296875,0.07135009765625,0.0716552734375,0.0584716796875,0.076171875,0.0804443359375,0.04388427734375,0.09356689453125,0.19061279296875,0.13372802734375,0.21630859375,0.250244140625,0.22357177734375,0.2032470703125,0.077880859375,0.057861328125,0.2083740234375,0.19012451171875,0.20068359375,0.24285888671875,0.14990234375,0.1881103515625,0.1246337890625,0.0712890625,0.1470947265625,0.15997314453125,0.11248779296875,0.2178955078125,0.17340087890625,0.07086181640625,0.05438232421875,0.0277099609375,0.06463623046875,0.06988525390625,0.07177734375,0.09906005859375,0.063232421875,0.08782958984375,0.031005859375,0.0208740234375,0.03619384765625,0.02996826171875,0.02740478515625,0.03302001953125,0.02154541015625,0.0218505859375,0.01153564453125,0.0,0.0,0.0,0.0,0.0,0.0,0.0,0.0,0.05467606640991289,0.5236698525445153,577.9250316242914,0.2070760353801769,0.2095560477802389,0.1677558387791939,0.11176555882779414,0.08109040545202725,0.05626528132640663,0.039780198900994504,0.029190145950729753,0.020425102125510627,0.01619008095040475,0.013195065975329877,0.01017005085025425,0.006600033000165001,0.005480027400137001,0.005150025750128751,0.0035250176250881254,0.0025200126000630005,0.0018900094500472503,0.0014950074750373751,0.010880054400272001,2.2395742067074496,172.96503835154022,0.12327947336923997,0.054458408138839016,0.043686415320167565,0.050867743865948535,0.02872531418312388,0.017953321364452424,0.01436265709156194,0.012567324955116697,0.015559545182525433,0.022142429682824656,0.0047875523638539795,0.003590664272890485,0.00718132854578097,0.006582884500299222,0.005385996409335727,0.007779772591262717,0.016756433273488927,0.010173548773189706,0.010771992818671455,0.004189108318372232,0.005984440454817474,0.014961101137043686,0.00718132854578097,0.010771992818671455,0.04428485936564931,0.019748653500897665,0.011370436864153202,0.03052064631956912,0.022740873728306403,0.031119090365050867,0.028126870137642132,0.04727707959305805,0.05146618791143028,0.07360861759425494,0.07301017354877319,0.06702573309395571,3.217635287475653
123,139.02251052856445,97.52877490921693,133.04601764678955,14.92813776251629,137.4147071838379,16.04811983568895,0.7161547115212644,0.7022894467673318,0.627942089453211,0.6175013376797532,0.1211700439453125,0.0,0.0,0.0,0.0,0.0,0.0,0.0,0.0,0.10260009765625,0.1585693359375,0.10382080078125,0.1053466796875,0.1375732421875,0.1719970703125,0.11212158203125,0.0682373046875,0.1524658203125,0.27593994140625,0.278564453125,0.2255859375,0.20648193359375,0.26116943359375,0.16754150390625,0.160400390625,0.12408447265625,0.2418212890625,0.221435546875,0.22802734375,0.16827392578125,0.25860595703125,0.23822021484375,0.17059326171875,0.12957763671875,0.31689453125,0.2222900390625,0.2515869140625,0.16864013671875,0.1875,0.2113037109375,0.1419677734375,0.0999755859375,0.27850341796875,0.263916015625,0.33441162109375,0.14239501953125,0.179931640625,0.144775390625,0.02825927734375,0.04107666015625,0.01312255859375,0.03302001953125,0.03369140625,0.0467529296875,0.064208984375,0.06365966796875,0.0179443359375,0.0,0.0,0.0,0.0,0.0,0.0,0.0,0.0,0.051516127615466874,0.413085071632966,577.1556678888023,0.21157003508997843,0.21202951187176794,0.16729637423066904,0.1138887832059773,0.07900952024185454,0.056302002089595043,0.039275021730032514,0.028604624619175692,0.020146739909802074,0.015379302473272792,0.012622441782535784,0.009698764680575839,0.006754601352676233,0.0053790976110133955,0.004583061403072348,0.0030904935131828865,0.0023325031534154926,0.00155402656770844,0.001357944119428844,0.009125150354265378,2.2187923977490813,175.42342401648432,0.10864745011086474,0.06171470805617147,0.05506282335550628,0.041019955654102,0.03510716925351072,0.025868440502586843,0.02993348115299335,0.014412416851441241,0.008869179600886918,0.013303769401330377,0.004804138950480414,0.005543237250554324,0.008130081300813009,0.0040650406504065045,0.007760532150776054,0.004434589800443459,0.0066518847006651885,0.006282335550628234,0.009608277900960829,0.007021433850702144,0.012195121951219513,0.011825572801182557,0.014042867701404288,0.012195121951219513,0.010716925351071693,0.016999260901699925,0.007021433850702144,0.022172949002217297,0.025498891352549888,0.03325942350332594,0.028455284552845527,0.05321507760532151,0.06097560975609756,0.05543237250554324,0.0942350332594235,0.0835181079083518,3.1856482497546335
124,170.39959049224854,52.048206159406455,127.43968868255615,7.7933159146398525,127.81726264953613,7.4127957010279895,0.8276765785528538,0.821956443126577,0.6733868035699243,0.6570787806873336,0.09665679931640625,0.0211181640625,0.01849365234375,0.01861572265625,0.0167236328125,0.01947021484375,0.0198974609375,0.01715087890625,0.02001953125,0.1319580078125,0.19830322265625,0.1751708984375,0.14971923828125,0.16552734375,0.09613037109375,0.1395263671875,0.045166015625,0.138671875,0.181640625,0.138916015625,0.14599609375,0.19354248046875,0.14849853515625,0.25128173828125,0.12152099609375,0.05218505859375,0.208740234375,0.14794921875,0.276123046875,0.20147705078125,0.1285400390625,0.183837890625,0.03887939453125,0.051025390625,0.21160888671875,0.14599609375,0.23583984375,0.1583251953125,0.1553955078125,0.1405029296875,0.07196044921875,0.003662109375,0.114501953125,0.1201171875,0.0675048828125,0.17559814453125,0.065673828125,0.12445068359375,0.0157470703125,0.01959228515625,0.08758544921875,0.04339599609375,0.07293701171875,0.06439208984375,0.054443359375,0.0455322265625,0.0,0.01763916015625,0.01849365234375,0.015380859375,0.01068115234375,0.01495361328125,0.02020263671875,0.0164794921875,0.015625,0.054736864603424036,0.5923401394099957,605.4317601975382,0.21864976294375282,0.2108977627189408,0.16187268413509598,0.10967213575434469,0.07822253981380747,0.056058483241468185,0.03940232118411703,0.028699663183418506,0.019671051839243347,0.0153715219372373,0.012597502177866454,0.009863627422249164,0.006684143124967382,0.0054516915097331566,0.005154618481956828,0.003384223816424927,0.0025291352364741446,0.001979148685050402,0.0018386411719129496,0.011999341621938442,2.2305104532210507,9.273220677722986,0.0907774022211492,0.07967165620473202,0.06180589087397392,0.04104297440849831,0.04152583293095123,0.045871559633027525,0.042974408498309996,0.028971511347175277,0.028005794302269436,0.06084017382906808,0.012554321583775953,0.013037180106228875,0.01979719942056977,0.010140028971511348,0.006760019314340898,0.008691453404152583,0.007242877836793819,0.01158860453887011,0.01931434089811685,0.014002897151134718,0.01545147271849348,0.014485755673587638,0.01496861419604056,0.021728633510381457,0.014002897151134718,0.006760019314340898,0.017382906808305166,0.03042008691453404,0.021728633510381457,0.02704007725736359,0.03090294543698696,0.01834862385321101,0.020280057943022695,0.031385803959439885,0.03669724770642202,0.03380009657170449,3.365589236759792
125,174.4495038986206,68.46773482183863,130.06289672851562,13.88048059751964,138.22252655029297,19.78462738914571,0.5967891740845984,0.5965915772303059,0.4605457019810285,0.47220138902035313,0.19800376892089844,0.0,0.0,0.0,0.0,0.0,0.0,0.0,0.0,0.25921630859375,0.213134765625,0.1697998046875,0.25244140625,0.25439453125,0.1934814453125,0.1669921875,0.1466064453125,0.2716064453125,0.27569580078125,0.3822021484375,0.38507080078125,0.36053466796875,0.375244140625,0.39337158203125,0.23883056640625,0.28271484375,0.49560546875,0.39105224609375,0.48919677734375,0.3056640625,0.2860107421875,0.28863525390625,0.247802734375,0.168701171875,0.42333984375,0.4818115234375,0.49896240234375,0.3363037109375,0.16082763671875,0.365478515625,0.254638671875,0.34368896484375,0.35040283203125,0.337158203125,0.3775634765625,0.27484130859375,0.1243896484375,0.2049560546875,0.05438232421875,0.25933837890625,0.13604736328125,0.17034912109375,0.08453369140625,0.07635498046875,0.04010009765625,0.01171875,0.01104736328125,0.0,0.0,0.0,0.0,0.0,0.0,0.0,0.0,0.033916024592824584,0.3058382312350387,514.3109585952226,0.1901173930643638,0.21974362434219405,0.1750344083119687,0.1207259479152611,0.08543111590878424,0.05726622588044798,0.03969099986506544,0.028565645661854,0.020460126838483337,0.015297530697611658,0.011658345702334368,0.009526379705842667,0.005750910808257995,0.00464174875185535,0.0037768182431520713,0.0025489137768182433,0.0019376602347861288,0.0015112670354877884,0.0011307515854810416,0.005184185669950075,2.1999832620453255,173.62095767774449,0.08152038009502376,0.05776444111027757,0.046261565391347834,0.04051012753188297,0.01625406351587897,0.02275568892223056,0.016754188547136784,0.010252563140785197,0.007001750437609402,0.014503625906476619,0.005501375343835959,0.004751187796949237,0.010002500625156289,0.009752438109527382,0.013253313328332083,0.006251562890722681,0.006001500375093774,0.003000750187546887,0.010502625656414103,0.005501375343835959,0.006001500375093774,0.0037509377344336083,0.003000750187546887,0.004751187796949237,0.006751687921980495,0.009752438109527382,0.006501625406351588,0.01700425106276569,0.013253313328332083,0.024256064016004,0.04051012753188297,0.08602150537634409,0.0897724431107777,0.12303075768942236,0.10977744436109027,0.06776694173543386,3.027638224939677
126,169.29153156280518,79.2299139509872,130.15922260284424,10.472656872503798,135.48348140716553,13.881008527097464,0.6925610906498383,0.6851223098406239,0.5347454184174665,0.5193950894076416,0.16554832458496094,0.0,0.0,0.0,0.0,0.0,0.0,0.0,0.0,0.09136962890625,0.0692138671875,0.18072509765625,0.152099609375,0.2159423828125,0.276123046875,0.15423583984375,0.10308837890625,0.18463134765625,0.30706787109375,0.2646484375,0.3416748046875,0.36639404296875,0.348388671875,0.4013671875,0.369140625,0.21478271484375,0.27398681640625,0.21270751953125,0.290283203125,0.26104736328125,0.2601318359375,0.32904052734375,0.26702880859375,0.1741943359375,0.27166748046875,0.35015869140625,0.2435302734375,0.18914794921875,0.26177978515625,0.2427978515625,0.07330322265625,0.16162109375,0.382080078125,0.359375,0.18798828125,0.16082763671875,0.23724365234375,0.21783447265625,0.1761474609375,0.04376220703125,0.1474609375,0.14556884765625,0.16644287109375,0.1455078125,0.05560302734375,0.11016845703125,0.15576171875,0.0,0.0,0.0,0.0,0.0,0.0,0.0,0.0,0.03886119505222946,0.3450390573527327,550.6425925491567,0.19337294187169807,0.21568193801110408,0.17275715766864003,0.11700324488055514,0.08357071327216303,0.05749666488557992,0.04026553526374828,0.029363161228454452,0.020780328309725087,0.015645844465125496,0.012492967066408586,0.009867338525614033,0.006486222527326706,0.005081405100513448,0.004271069607464995,0.0028556364318345078,0.002116072597567578,0.00169321193634797,0.0013305071850926579,0.00786803916503597,2.2237237211898027,179.96189361952725,0.13906414300736067,0.052050473186119876,0.03890641430073607,0.04652996845425868,0.05152471083070452,0.057570977917981075,0.031808622502628815,0.028654048370136697,0.00814931650893796,0.01971608832807571,0.008412197686645636,0.004468980021030494,0.004994742376445847,0.003680336487907466,0.004468980021030494,0.0028916929547844372,0.004468980021030494,0.007097791798107256,0.011303890641430074,0.00473186119873817,0.004994742376445847,0.0026288117770767614,0.0015772870662460567,0.006309148264984227,0.010778128286014722,0.008412197686645636,0.01288117770767613,0.038643533123028394,0.016561514195583597,0.024710830704521555,0.031019978969505785,0.04652996845425868,0.04468980021030494,0.07018927444794952,0.06729758149316509,0.08228180862250263,3.10766267751025
127,145.02102851867676,67.82799600016355,127.48761463165283,9.014586028223574,153.72553253173828,21.388596482713528,0.6630709661944303,0.6649279592675973,0.5686962102998716,0.570697738747158,0.13460826873779297,0.04632568359375,0.1806640625,0.0435791015625,0.07672119140625,0.03619384765625,0.12139892578125,0.300048828125,0.08673095703125,0.01025390625,0.12371826171875,0.12847900390625,0.10723876953125,0.232666015625,0.28814697265625,0.14483642578125,0.0286865234375,0.0203857421875,0.09912109375,0.1630859375,0.235107421875,0.1680908203125,0.19744873046875,0.09197998046875,0.0361328125,0.0511474609375,0.1165771484375,0.20159912109375,0.17022705078125,0.14788818359375,0.1571044921875,0.135986328125,0.03619384765625,0.0150146484375,0.13873291015625,0.2342529296875,0.2496337890625,0.232421875,0.2288818359375,0.1295166015625,0.03924560546875,0.02935791015625,0.18988037109375,0.2476806640625,0.222900390625,0.291015625,0.2239990234375,0.27508544921875,0.04132080078125,0.024658203125,0.2213134765625,0.24029541015625,0.18377685546875,0.1708984375,0.20465087890625,0.1397705078125,0.02490234375,0.0609130859375,0.08941650390625,0.07171630859375,0.08154296875,0.1314697265625,0.13812255859375,0.04241943359375,0.016357421875,0.04889451539792879,0.5755460496567407,602.3184644460351,0.19565513431570292,0.21262606148588753,0.17186243399838128,0.11678978404141882,0.08348514240933208,0.05710248076157196,0.04012641477922378,0.02970747311758887,0.020935520754377625,0.015642544225902184,0.012474466527062269,0.009663536273590359,0.006328447179434473,0.005159367412222665,0.004445072521486658,0.002965094618378962,0.0022636467580518763,0.0016495587045054535,0.0014106039388995233,0.009707216176980692,2.2307707178277165,93.2616228845248,0.020260054429996975,0.005745388569700635,0.0060477774417901425,0.006652555185969156,0.010885999395222256,0.020260054429996975,0.012095554883580285,0.017840943453280918,0.02933172059268219,0.06954944058058664,0.03628666465074085,0.027517387360145147,0.03628666465074085,0.033867553674024796,0.03598427577865135,0.04052010885999395,0.03023888720895071,0.026912609615966133,0.062292107650438466,0.031750831569398244,0.032053220441487756,0.042032053220441484,0.03598427577865135,0.04112488660417297,0.04807983066223163,0.03749622013909888,0.035077109162382825,0.05231327487148473,0.019352887813728455,0.019352887813728455,0.019050498941638946,0.016026610220743878,0.011793166011490778,0.012700332627759298,0.010281221651043242,0.006954944058058663,3.423589805524011
128,196.94918060302734,59.99641561877005,129.54912853240967,10.0204448151056,132.9191598892212,20.25373279467282,0.7702752795594442,0.7831756409308154,0.6852984759317955,0.6884522337205425,0.08844947814941406,0.0,0.0,0.0,0.0,0.0,0.0,0.0,0.0,0.1083984375,0.050537109375,0.02154541015625,0.0770263671875,0.04986572265625,0.0179443359375,0.0538330078125,0.06500244140625,0.10821533203125,0.19989013671875,0.11224365234375,0.2291259765625,0.1278076171875,0.140869140625,0.20513916015625,0.1866455078125,0.0672607421875,0.14215087890625,0.071533203125,0.21075439453125,0.12200927734375,0.16998291015625,0.21356201171875,0.13067626953125,0.190673828125,0.14508056640625,0.191162109375,0.1693115234375,0.165283203125,0.26873779296875,0.14971923828125,0.0283203125,0.190673828125,0.1527099609375,0.1331787109375,0.05340576171875,0.1422119140625,0.15472412109375,0.208740234375,0.11309814453125,0.0477294921875,0.03558349609375,0.03955078125,0.0272216796875,0.052978515625,0.03265380859375,0.03662109375,0.04937744140625,0.0,0.0,0.0,0.0,0.0,0.0,0.0,0.0,0.05575521838303628,0.548046130133385,608.0982465862443,0.22360177895831332,0.2038375171473757,0.15912764637524138,0.11066064360544872,0.08166956460956408,0.057147725187638165,0.04019257485867067,0.02862410331239242,0.020105024945608962,0.015631416613513444,0.012852886438500992,0.010069987505351728,0.006762837595785022,0.005124553294480511,0.004761946369125113,0.003398893830439759,0.0023722356682889323,0.0019528348871549774,0.0015596466548418947,0.01054618214226424,2.230270956376886,171.92843120275788,0.12846068660022147,0.032668881506090805,0.024363233665559248,0.0221483942414175,0.02547065337763012,0.06312292358803986,0.04097452934662237,0.01107419712070875,0.010520487264673311,0.008859357696566999,0.005537098560354375,0.006090808416389812,0.0016611295681063123,0.0022148394241417496,0.004429678848283499,0.003875968992248062,0.007198228128460687,0.014396456256921373,0.031007751937984496,0.008305647840531562,0.0049833887043189366,0.01273532668881506,0.01107419712070875,0.014950166112956811,0.01273532668881506,0.019933554817275746,0.01716500553709856,0.043743078626799554,0.016611295681063124,0.016611295681063124,0.05149501661129568,0.06256921373200443,0.0858250276854928,0.0636766334440753,0.04817275747508306,0.06533776301218161,3.1700399842920577
129,221.08238124847412,48.296459764264654,128.22285175323486,5.879279478949795,135.77837944030762,12.720210504102663,0.8469894611043549,0.8398946591467507,0.7624056896190055,0.7526047202139712,0.07735538482666016,0.0,0.0,0.0,0.0,0.0,0.0,0.0,0.0,0.0,0.02728271484375,0.0089111328125,0.12451171875,0.137939453125,0.0870361328125,0.00958251953125,0.0,0.0,0.0123291015625,0.188232421875,0.295166015625,0.21124267578125,0.1719970703125,0.05584716796875,0.0,0.0,0.01556396484375,0.1318359375,0.25152587890625,0.35675048828125,0.31195068359375,0.04736328125,0.03204345703125,0.0,0.03997802734375,0.27239990234375,0.395263671875,0.36968994140625,0.289794921875,0.05560302734375,0.00732421875,0.0,0.0,0.10028076171875,0.14599609375,0.104248046875,0.13946533203125,0.0313720703125,0.0,0.0,0.0494384765625,0.05316162109375,0.00872802734375,0.05694580078125,0.02337646484375,0.0,0.0,0.009033203125,0.0670166015625,0.03790283203125,0.05718994140625,0.05718994140625,0.06414794921875,0.03460693359375,0.00347900390625,0.044610408266352056,0.33927587884006327,554.5712406225247,0.21291862029770411,0.21327382594087707,0.16755677021955886,0.11427592374361674,0.08096181330391394,0.05725914967947914,0.03813654940701552,0.027250541166244598,0.019394228117242937,0.015353241564910696,0.012436376400972846,0.009118337804745547,0.006247440429924195,0.004759755618517497,0.004392013305585504,0.003025516301849577,0.0021270549691180035,0.001567083719880651,0.0012536669759045207,0.00869209103293801,2.205516218708309,116.99264769000209,0.03617571059431524,0.002583979328165375,0.0012919896640826874,0.003229974160206718,0.004521963824289405,0.006459948320413436,0.003875968992248062,0.009689922480620155,0.01744186046511628,0.05232558139534884,0.020671834625323,0.009689922480620155,0.012919896640826873,0.01614987080103359,0.010981912144702842,0.002583979328165375,0.005813953488372093,0.008397932816537468,0.05878552971576227,0.03875968992248062,0.023255813953488372,0.06589147286821706,0.09689922480620156,0.08656330749354005,0.07881136950904392,0.13501291989664083,0.037467700258397935,0.0458656330749354,0.013565891472868217,0.03359173126614987,0.02454780361757106,0.007751937984496124,0.004521963824289405,0.007751937984496124,0.004521963824289405,0.011627906976744186,3.0654987675054004
130,195.17608833312988,53.71104702313046,129.6663179397583,8.792031326398888,135.54278945922852,14.941221982451856,0.792087690434052,0.7910330157689957,0.6795312123019533,0.6766468665413148,0.09711837768554688,0.0101318359375,0.04046630859375,0.04400634765625,0.034423828125,0.10894775390625,0.05023193359375,0.0,0.0367431640625,0.0078125,0.0570068359375,0.192138671875,0.183349609375,0.1260986328125,0.1441650390625,0.0975341796875,0.024658203125,0.01788330078125,0.17315673828125,0.15374755859375,0.14300537109375,0.2603759765625,0.16741943359375,0.07171630859375,0.01336669921875,0.018310546875,0.09771728515625,0.0926513671875,0.20050048828125,0.2557373046875,0.245361328125,0.2208251953125,0.01641845703125,0.01043701171875,0.02142333984375,0.14093017578125,0.23583984375,0.193603515625,0.1949462890625,0.13043212890625,0.0078125,0.0078125,0.04132080078125,0.26470947265625,0.24859619140625,0.1990966796875,0.11846923828125,0.09466552734375,0.01171875,0.04376220703125,0.17962646484375,0.1051025390625,0.0863037109375,0.0673828125,0.11712646484375,0.24676513671875,0.05224609375,0.0252685546875,0.0,0.0,0.0150146484375,0.0,0.0,0.0374755859375,0.01177978515625,0.051384734038635374,0.4014843254437701,601.4882391155421,0.20407372005266816,0.20953631299928216,0.16315993535483822,0.11087566554957984,0.08024982821431176,0.058291970410634976,0.04114027309125947,0.030813937865404473,0.020668025597027243,0.016207355882364233,0.013036518374350766,0.0101651062000238,0.007309049171014092,0.0063224810843803625,0.005769695852959129,0.004049919577426401,0.0030134472685115874,0.0018810053013639208,0.0018349398654121513,0.011600812287187283,2.2608785067892203,113.26779232328113,0.017748715553479684,0.009808500700607193,0.014012143858010275,0.015880429705744978,0.02008407286314806,0.014479215319943952,0.03362914525922466,0.06165343297524521,0.060252218589444184,0.05184493227463802,0.015880429705744978,0.014012143858010275,0.011209715086408221,0.017281644091546006,0.016347501167678656,0.023353573096683792,0.019617001401214387,0.019617001401214387,0.03503035964502569,0.038766931340495095,0.036898645492760396,0.04016814572629612,0.017748715553479684,0.020551144325081736,0.020551144325081736,0.037832788416627745,0.036898645492760396,0.1317141522652966,0.04156936011209715,0.033162073797290983,0.022419430172816442,0.022419430172816442,0.009341429238673517,0.007473143390938813,0.006539000467071462,0.004203643157403083,3.3359057511577084
131,170.33056354522705,63.882439814482304,126.58456802368164,2.4379848772499972,131.4254913330078,5.644316738975237,0.807362759478691,0.8075871940223266,0.6145409949044705,0.6203200465887821,0.11719322204589844,0.0,0.1378173828125,0.1649169921875,0.16796875,0.24365234375,0.22052001953125,0.21502685546875,0.0,0.0,0.1424560546875,0.18536376953125,0.22015380859375,0.27850341796875,0.1478271484375,0.20166015625,0.0,0.0,0.1685791015625,0.15460205078125,0.05047607421875,0.078369140625,0.2021484375,0.0970458984375,0.0,0.0,0.1822509765625,0.19091796875,0.12286376953125,0.0933837890625,0.1260986328125,0.1607666015625,0.0,0.0,0.1807861328125,0.17303466796875,0.09332275390625,0.11749267578125,0.11700439453125,0.14715576171875,0.0,0.0,0.15008544921875,0.22271728515625,0.17718505859375,0.1688232421875,0.07037353515625,0.126220703125,0.0,0.0,0.172607421875,0.0938720703125,0.18768310546875,0.15313720703125,0.12408447265625,0.150146484375,0.0,0.0,0.18328857421875,0.13006591796875,0.16510009765625,0.09674072265625,0.17608642578125,0.16998291015625,0.0,0.054571862217370024,0.8009227063307905,632.8717883541208,0.19490105094348303,0.20585741608554772,0.16671815128591053,0.11512070404669107,0.0840294711105561,0.059208407547864265,0.041334481330800726,0.031137240468225226,0.022149340449164962,0.016421402703928386,0.013568935714332661,0.01059159113763482,0.006983286120842069,0.005675357708562001,0.004811073355723666,0.0034801411773984713,0.0024449717053677644,0.001761431228598282,0.0016036911185745553,0.012201854760793695,2.264540024481653,91.5568540453138,0.048760666395774074,0.008939455505891914,0.005282405526208858,0.003250711093051605,0.008533116619260463,0.00690776107273466,0.006095083299471759,0.01259650548557497,0.009752133279154815,0.04144656643640796,0.013409183258837871,0.015847216578626575,0.035757822023567656,0.037383177570093455,0.024380333197887037,0.02600568874441284,0.04144656643640796,0.11580658268996342,0.1588785046728972,0.07720438845997563,0.030881755383990246,0.034538805363673306,0.04429093864282812,0.028443722064201545,0.025599349857781388,0.028850060950832996,0.011783827712312069,0.024380333197887037,0.015847216578626575,0.011377488825680617,0.002438033319788704,0.006095083299471759,0.00650142218610321,0.004876066639577408,0.008533116619260463,0.017878911011783828,3.1322363213044624
132,113.46270942687988,75.98193735672653,121.06233787536621,6.961784352205558,143.9447135925293,19.142208483816084,0.6998733704605095,0.7177058651602195,0.7604218655071366,0.7585712459693006,0.0710458755493164,0.0400390625,0.025390625,0.050537109375,0.06488037109375,0.055908203125,0.0418701171875,0.031005859375,0.04010009765625,0.0,0.00762939453125,0.0789794921875,0.08306884765625,0.10980224609375,0.053466796875,0.001953125,0.02838134765625,0.02728271484375,0.07501220703125,0.17279052734375,0.07635498046875,0.10272216796875,0.122314453125,0.09130859375,0.04046630859375,0.03326416015625,0.12677001953125,0.0782470703125,0.08404541015625,0.03228759765625,0.18023681640625,0.09906005859375,0.05413818359375,0.0460205078125,0.10687255859375,0.0458984375,0.083251953125,0.06884765625,0.12518310546875,0.18853759765625,0.056640625,0.06402587890625,0.04248046875,0.13494873046875,0.08184814453125,0.26361083984375,0.04949951171875,0.08447265625,0.03179931640625,0.0174560546875,0.03826904296875,0.12115478515625,0.16571044921875,0.08837890625,0.02294921875,0.03033447265625,0.02532958984375,0.04803466796875,0.05108642578125,0.06414794921875,0.08099365234375,0.0618896484375,0.0302734375,0.06158447265625,0.05609130859375,0.06470112743280719,0.859996869979704,684.2785774028845,0.18710286214989064,0.20543018033198732,0.16490909870771267,0.11269064148677381,0.08226153346527859,0.05910575432447503,0.04251251539531492,0.031476908559488724,0.022107978602810066,0.01723049773589299,0.014356705617068732,0.010165503465094762,0.007800292893951556,0.006513520303433232,0.006427735464065344,0.004221839594605359,0.002928939515560757,0.0019730513054614304,0.002120111030092096,0.01866433005104198,2.30245605852949,150.51780191909117,0.143646408839779,0.007892659826361484,0.016574585635359115,0.018942383583267563,0.012628255722178374,0.008681925808997633,0.03867403314917127,0.018942383583267563,0.013417521704814523,0.03946329913180742,0.03314917127071823,0.035516969218626675,0.011049723756906077,0.008681925808997633,0.011049723756906077,0.011838989739542225,0.008681925808997633,0.01578531965272297,0.04419889502762431,0.022888713496448304,0.02920284135753749,0.01578531965272297,0.03235990528808208,0.022888713496448304,0.04656669297553275,0.036306235201262825,0.043409629044988164,0.0749802683504341,0.021310181531176007,0.027624309392265192,0.02999210734017364,0.03235990528808208,0.011838989739542225,0.011838989739542225,0.014206787687450671,0.027624309392265192,3.3203099874906847
133,131.0337381362915,108.05755377744613,130.93073272705078,3.422336074134451,137.1249179840088,3.489319922326193,0.8777570278374043,0.8650166208829945,0.9569052863379717,0.9568818569686932,0.010027885437011719,0.0,0.0,0.02349853515625,0.0399169921875,0.0194091796875,0.03143310546875,0.0413818359375,0.0,0.0,0.0103759765625,0.03521728515625,0.0,0.0,0.0,0.010986328125,0.03466796875,0.0,0.03338623046875,0.0,0.0,0.0,0.0,0.0,0.02874755859375,0.0,0.0201416015625,0.0,0.0,0.0,0.0,0.0,0.02142333984375,0.0,0.031005859375,0.014892578125,0.0,0.0,0.0,0.0,0.04132080078125,0.0,0.0,0.0458984375,0.01849365234375,0.0,0.001708984375,0.05029296875,0.01409912109375,0.0,0.0,0.0,0.01983642578125,0.0194091796875,0.03424072265625,0.0,0.0,0.0,0.0,0.0,0.0,0.0,0.0,0.0,0.0,0.091027890057836,0.6866649006002145,807.659083380493,0.15987951807228915,0.19,0.15469879518072288,0.11668674698795181,0.07915662650602409,0.06704819277108434,0.050060240963855425,0.04198795180722892,0.025180722891566264,0.018734939759036146,0.01740963855421687,0.011987951807228916,0.01030120481927711,0.008373493975903614,0.008614457831325301,0.00608433734939759,0.004277108433734939,0.002469879518072289,0.004096385542168675,0.022951807228915662,2.4102777515600216,153.2895423943312,0.010869565217391304,0.010869565217391304,0.0,0.03260869565217391,0.06521739130434782,0.021739130434782608,0.0,0.021739130434782608,0.06521739130434782,0.05434782608695652,0.010869565217391304,0.06521739130434782,0.03260869565217391,0.0,0.010869565217391304,0.021739130434782608,0.0,0.010869565217391304,0.021739130434782608,0.0,0.021739130434782608,0.03260869565217391,0.021739130434782608,0.021739130434782608,0.07608695652173914,0.0,0.021739130434782608,0.09782608695652174,0.043478260869565216,0.03260869565217391,0.03260869565217391,0.05434782608695652,0.043478260869565216,0.010869565217391304,0.0,0.03260869565217391,3.177243220703351
134,113.63399124145508,101.3686414398085,127.93551540374756,1.93787029666897,127.84028148651123,2.3480152885136754,0.9411786542408378,0.9238692123693905,0.9556984374520769,0.9633443557129568,0.008058547973632812,0.01434326171875,0.0,0.022705078125,0.0,0.0115966796875,0.01605224609375,0.0,0.01580810546875,0.01092529296875,0.0,0.01544189453125,0.0,0.0,0.013427734375,0.0,0.01763916015625,0.02838134765625,0.01434326171875,0.02197265625,0.0,0.0,0.0072021484375,0.0115966796875,0.0181884765625,0.01226806640625,0.0,0.0,0.0,0.0,0.0,0.0,0.0078125,0.01361083984375,0.0,0.0,0.0,0.0,0.0,0.0,0.013427734375,0.028076171875,0.01519775390625,0.0162353515625,0.0,0.0,0.01165771484375,0.01019287109375,0.02984619140625,0.013427734375,0.0,0.00927734375,0.0,0.0,0.009033203125,0.0,0.0101318359375,0.02227783203125,0.0,0.01971435546875,0.0078125,0.00787353515625,0.01043701171875,0.0,0.0078125,0.34176272149197756,1.353266168159855,924.3856526304326,0.24375,0.1785,0.14925,0.08475,0.07875,0.0505,0.03675,0.03075,0.02425,0.01875,0.017,0.0095,0.00875,0.00525,0.004,0.00275,0.0025,0.00325,0.002,0.049,2.3035150813582153,89.93522767256344,0.22950819672131148,0.0,0.0,0.0,0.0,0.0,0.0,0.0,0.0,0.0,0.0,0.0,0.0,0.0,0.0,0.0,0.0,0.08196721311475409,0.6065573770491803,0.0,0.0,0.0,0.0,0.0,0.0,0.0,0.0,0.0,0.0,0.0,0.0,0.0,0.0,0.0,0.0,0.08196721311475409,1.0511173968488696
135,153.43139457702637,72.79478062599514,147.9062786102295,25.277978666565872,141.98567485809326,14.422711475520734,0.7294445752353941,0.7281025306611077,0.9330571340986085,0.927871434829065,0.018001556396484375,0.0291748046875,0.00701904296875,0.00244140625,0.0,0.01373291015625,0.021240234375,0.05126953125,0.05133056640625,0.001708984375,0.05548095703125,0.06207275390625,0.04620361328125,0.02703857421875,0.0489501953125,0.16363525390625,0.02313232421875,0.003662109375,0.01959228515625,0.008056640625,0.0,0.007568359375,0.0,0.02679443359375,0.01025390625,0.0057373046875,0.0205078125,0.0,0.0,0.0,0.0,0.0426025390625,0.0093994140625,0.0,0.0152587890625,0.0,0.0,0.0,0.0,0.01898193359375,0.0,0.00738525390625,0.01666259765625,0.0,0.0,0.0,0.0,0.01806640625,0.0,0.00360107421875,0.03485107421875,0.01287841796875,0.0184326171875,0.0162353515625,0.016845703125,0.02728271484375,0.0032958984375,0.0281982421875,0.01788330078125,0.0208740234375,0.01947021484375,0.02850341796875,0.02044677734375,0.0201416015625,0.0281982421875,0.06507440398216678,0.43945112622955634,716.1882223886739,0.23435960591133004,0.19852216748768473,0.15889162561576356,0.10822660098522167,0.07554187192118227,0.05224137931034483,0.03677339901477832,0.028004926108374385,0.020073891625615764,0.015320197044334976,0.012241379310344828,0.009876847290640395,0.007167487684729064,0.0064039408866995075,0.0054926108374384235,0.0037684729064039408,0.0029064039408866994,0.0019211822660098522,0.0018226600985221675,0.020443349753694582,2.2442248081586964,177.9993179648077,0.4928909952606635,0.0,0.004739336492890996,0.0,0.0,0.0,0.0,0.0,0.0,0.0,0.0,0.0,0.0,0.0,0.0,0.004739336492890996,0.009478672985781991,0.03317535545023697,0.2559241706161137,0.0,0.0,0.0,0.0,0.0,0.0,0.0,0.0,0.014218009478672985,0.0,0.0,0.0,0.0,0.0,0.014218009478672985,0.0,0.17061611374407584,1.328029636101141
136,167.5242795944214,69.83001110880538,131.3477382659912,6.043285650746597,135.97578048706055,4.606233714397051,0.8527652867876895,0.8291179378001924,0.7251870210539546,0.7028231038339959,0.08403968811035156,0.02301025390625,0.019775390625,0.11907958984375,0.1334228515625,0.05902099609375,0.0230712890625,0.01141357421875,0.016845703125,0.0,0.0,0.2115478515625,0.3642578125,0.36370849609375,0.02386474609375,0.0,0.0,0.0,0.0,0.24066162109375,0.423828125,0.4619140625,0.04229736328125,0.0,0.0,0.0,0.0,0.01324462890625,0.0439453125,0.178955078125,0.13006591796875,0.1104736328125,0.0,0.0,0.0,0.0,0.06939697265625,0.3055419921875,0.34857177734375,0.2872314453125,0.0,0.06488037109375,0.28631591796875,0.02545166015625,0.0467529296875,0.097412109375,0.04595947265625,0.0,0.0,0.09918212890625,0.38336181640625,0.041015625,0.0,0.0321044921875,0.056396484375,0.0,0.0,0.02392578125,0.02398681640625,0.021240234375,0.02032470703125,0.0269775390625,0.01812744140625,0.01800537109375,0.02197265625,0.03397048044507649,0.18378435156479112,519.843802499971,0.18262866631625818,0.21675332023207308,0.17479134513339517,0.12261172618589282,0.08828954901087717,0.05908958516767716,0.04047552887689614,0.02898235347289412,0.020649550216103835,0.01565790310647173,0.012685010662908145,0.00994981570075561,0.006216960887046826,0.004680296887502134,0.003947117332163817,0.0024841060733380425,0.0018781448883324016,0.0015266204439921124,0.0011315739255906448,0.005570825479830867,2.2162014661271217,79.65794508794401,0.05475701574264202,0.006844626967830253,0.006844626967830253,0.012320328542094456,0.01026694045174538,0.008213552361396304,0.01163586584531143,0.02053388090349076,0.024640657084188913,0.07939767282683094,0.04243668720054757,0.05886379192334018,0.0513347022587269,0.03559206023271732,0.03285420944558522,0.03627652292950034,0.030800821355236138,0.023956194387405885,0.03285420944558522,0.045174537987679675,0.05475701574264202,0.02943189596167009,0.022587268993839837,0.07597535934291581,0.05270362765229295,0.014373716632443531,0.004791238877481177,0.006160164271047228,0.0054757015742642025,0.0054757015742642025,0.014373716632443531,0.03148528405201916,0.026694045174537988,0.009582477754962354,0.004791238877481177,0.01574264202600958,3.3215245913108404
137,200.74263191223145,61.041210106599245,135.2540636062622,16.737767070692833,135.2857151031494,11.717588381123136,0.8813769198017548,0.8711921074133008,0.8968536286102847,0.9042977127541622,0.0282745361328125,0.0335693359375,0.0,0.0,0.01068115234375,0.0,0.0,0.0,0.0267333984375,0.0157470703125,0.0,0.062255859375,0.05084228515625,0.04180908203125,0.0408935546875,0.055908203125,0.0631103515625,0.0146484375,0.0,0.0567626953125,0.1041259765625,0.05517578125,0.07977294921875,0.0506591796875,0.0299072265625,0.01898193359375,0.0,0.05322265625,0.05792236328125,0.074951171875,0.05072021484375,0.0050048828125,0.02130126953125,0.02178955078125,0.06451416015625,0.05889892578125,0.09197998046875,0.081787109375,0.0054931640625,0.0,0.0198974609375,0.01507568359375,0.05364990234375,0.06591796875,0.05908203125,0.06494140625,0.00927734375,0.0,0.0250244140625,0.0186767578125,0.0,0.0,0.0,0.0152587890625,0.0,0.0,0.02569580078125,0.01983642578125,0.0,0.0,0.0,0.0,0.0,0.0,0.01806640625,0.09100804410483097,0.5896415870156102,900.8832835002505,0.17891562166942562,0.18637610830177556,0.163314360869861,0.104854985373818,0.07188371618404045,0.06362956076101499,0.04442277602666727,0.035533685571101384,0.023265833692373977,0.017800857162293928,0.018957345971563982,0.013152225674051566,0.009932198009025148,0.008571622939295675,0.010249665525295357,0.006961609106782467,0.003968343953377628,0.0018821288464591034,0.003786933944080365,0.032540420417696544,2.400656695889025,119.18082226506199,0.0,0.0,0.0,0.0,0.0,0.0,0.0,0.0,0.0,0.008982035928143712,0.0688622754491018,0.12574850299401197,0.0029940119760479044,0.0,0.0,0.0,0.0,0.014970059880239521,0.19161676646706588,0.0,0.0,0.0,0.0,0.005988023952095809,0.014970059880239521,0.011976047904191617,0.04491017964071856,0.32934131736526945,0.17365269461077845,0.005988023952095809,0.0,0.0,0.0,0.0,0.0,0.0,1.8705593214445242
138,189.37191104888916,77.86142938370453,129.91651916503906,11.09426811713186,130.4988079071045,20.148531230041616,0.8242829170785853,0.8261830479872532,0.7799190864118465,0.7844945434034546,0.061126708984375,0.01995849609375,0.0234375,0.1907958984375,0.09674072265625,0.09271240234375,0.0860595703125,0.03680419921875,0.0283203125,0.0223388671875,0.084716796875,0.0738525390625,0.04290771484375,0.05902099609375,0.2489013671875,0.068359375,0.03350830078125,0.02362060546875,0.18011474609375,0.0513916015625,0.04180908203125,0.07525634765625,0.14703369140625,0.04815673828125,0.015625,0.02008056640625,0.0841064453125,0.052001953125,0.046875,0.0,0.01361083984375,0.0391845703125,0.0201416015625,0.00909423828125,0.0279541015625,0.02618408203125,0.0885009765625,0.0,0.019287109375,0.029052734375,0.02294921875,0.02374267578125,0.05657958984375,0.14056396484375,0.05450439453125,0.026123046875,0.0933837890625,0.08367919921875,0.02423095703125,0.0078125,0.13739013671875,0.05877685546875,0.0777587890625,0.08966064453125,0.03448486328125,0.079833984375,0.028564453125,0.01678466796875,0.1519775390625,0.09954833984375,0.1181640625,0.1539306640625,0.02972412109375,0.01202392578125,0.02239990234375,0.07718435907274689,0.699155822333208,808.2752275556094,0.2147124845988962,0.19648432884943207,0.15889719657715742,0.10255025401272595,0.07422910091309558,0.05540177893297777,0.04240577900048946,0.032802241388040304,0.022776755725835034,0.018726054448176342,0.016126854461678677,0.010886259683707742,0.00832925450218569,0.007662576583571031,0.00673429087410758,0.004776451923239211,0.002379787000624483,0.002413542844604972,0.0021013012877854477,0.019603706391669057,2.307087220959861,117.66471526665822,0.051387461459403906,0.012332990750256937,0.0020554984583761563,0.009249743062692703,0.015416238437821172,0.02158273381294964,0.050359712230215826,0.0051387461459403904,0.0020554984583761563,0.0051387461459403904,0.0020554984583761563,0.003083247687564234,0.007194244604316547,0.010277492291880781,0.0020554984583761563,0.011305241521068859,0.007194244604316547,0.012332990750256937,0.06372045220966084,0.017471736896197326,0.02158273381294964,0.0328879753340185,0.08530318602261049,0.1778006166495375,0.2261048304213772,0.07708119218910586,0.03186022610483042,0.012332990750256937,0.0,0.0,0.0,0.0,0.0,0.0020554984583761563,0.009249743062692703,0.012332990750256937,2.65974613086697
139,166.68382453918457,67.83507875026416,133.11797904968262,12.273883146134873,161.08989715576172,13.469063524974157,0.8020610526108385,0.7877102620639534,0.810047683532392,0.8107283570250874,0.050004005432128906,0.0,0.032958984375,0.0684814453125,0.014892578125,0.0078125,0.0792236328125,0.07470703125,0.04010009765625,0.00872802734375,0.07891845703125,0.04046630859375,0.0594482421875,0.05181884765625,0.0830078125,0.1014404296875,0.07611083984375,0.0,0.07891845703125,0.0343017578125,0.120361328125,0.08416748046875,0.0465087890625,0.0859375,0.00140380859375,0.0,0.07220458984375,0.09295654296875,0.15679931640625,0.07623291015625,0.0,0.04034423828125,0.0069580078125,0.0198974609375,0.17889404296875,0.16375732421875,0.04327392578125,0.10406494140625,0.0,0.00689697265625,0.0362548828125,0.130126953125,0.155029296875,0.1103515625,0.065185546875,0.024169921875,0.0399169921875,0.0,0.04620361328125,0.0,0.05291748046875,0.0169677734375,0.06329345703125,0.01715087890625,0.0416259765625,0.04290771484375,0.0179443359375,0.0,0.0072021484375,0.03082275390625,0.0665283203125,0.003662109375,0.0,0.0,0.0,0.07453380261613715,0.8391304100788987,713.6690716946348,0.17267676767676768,0.19184848484848485,0.16754545454545455,0.12146464646464647,0.08222222222222222,0.06635353535353536,0.04547474747474747,0.03413131313131313,0.022848484848484847,0.017474747474747476,0.015131313131313131,0.010585858585858586,0.008474747474747475,0.006858585858585858,0.007070707070707071,0.005070707070707071,0.0034747474747474747,0.002202020202020202,0.002313131313131313,0.016777777777777777,2.3374581804632077,105.95530388299281,0.011128775834658187,0.0,0.0,0.001589825119236884,0.0,0.001589825119236884,0.003179650238473768,0.0,0.0,0.0047694753577106515,0.003179650238473768,0.017488076311605722,0.10810810810810811,0.287758346581876,0.030206677265500796,0.001589825119236884,0.003179650238473768,0.006359300476947536,0.011128775834658187,0.006359300476947536,0.003179650238473768,0.0,0.003179650238473768,0.01589825119236884,0.0047694753577106515,0.02066772655007949,0.03656597774244833,0.05564387917329094,0.07154213036565978,0.1271860095389507,0.1192368839427663,0.025437201907790145,0.0,0.006359300476947536,0.00794912559618442,0.0047694753577106515,2.434784938445901
140,217.62697792053223,51.07499132457657,127.43941974639893,7.815955275981007,131.43513202667236,13.714553008370364,0.8650612365787921,0.8643032903978884,0.8424354759396111,0.8449632934245696,0.04220294952392578,0.01708984375,0.12213134765625,0.0919189453125,0.03607177734375,0.0,0.038818359375,0.00347900390625,0.0,0.0,0.0751953125,0.17108154296875,0.0399169921875,0.0487060546875,0.04193115234375,0.0286865234375,0.0,0.0,0.04193115234375,0.06103515625,0.17724609375,0.02252197265625,0.04046630859375,0.0,0.0,0.0,0.10455322265625,0.04766845703125,0.11724853515625,0.05120849609375,0.04669189453125,0.0,0.0,0.0,0.04425048828125,0.01837158203125,0.066650390625,0.13916015625,0.0760498046875,0.00787353515625,0.0,0.0,0.0,0.0,0.0,0.04736328125,0.0687255859375,0.077880859375,0.0,0.0,0.15203857421875,0.108642578125,0.0,0.0,0.0428466796875,0.16259765625,0.0,0.0,0.04022216796875,0.13818359375,0.0,0.02374267578125,0.0,0.0498046875,0.010986328125,0.060545171813193556,0.4525782446665643,672.2377942210472,0.19423469387755102,0.20077551020408163,0.16626530612244897,0.11323469387755102,0.08421428571428571,0.05887755102040816,0.0425,0.03148979591836735,0.02113265306122449,0.017153061224489796,0.015387755102040816,0.010846938775510203,0.007571428571428572,0.006214285714285714,0.0061938775510204085,0.00436734693877551,0.0028163265306122448,0.0019693877551020408,0.0019081632653061224,0.012846938775510203,2.288888649609857,71.54621465582932,0.0012953367875647669,0.0,0.009067357512953367,0.012953367875647668,0.006476683937823834,0.010362694300518135,0.0025906735751295338,0.0,0.022020725388601035,0.10492227979274611,0.1955958549222798,0.09844559585492228,0.02072538860103627,0.038860103626943004,0.010362694300518135,0.006476683937823834,0.03367875647668394,0.042746113989637305,0.04533678756476684,0.04145077720207254,0.034974093264248704,0.02849740932642487,0.015544041450777202,0.05569948186528497,0.0025906735751295338,0.019430051813471502,0.0012953367875647669,0.02461139896373057,0.04145077720207254,0.04145077720207254,0.007772020725388601,0.02072538860103627,0.0,0.0,0.0,0.0025906735751295338,2.9120803273435847
141,104.06873512268066,46.54849946141654,130.305401802063,5.946908506948539,128.12794876098633,12.32948045838085,0.6807206725797287,0.6886514491377019,0.4771785512046911,0.47556751772333683,0.1496143341064453,0.15447998046875,0.1429443359375,0.13671875,0.14593505859375,0.184814453125,0.2110595703125,0.1141357421875,0.0736083984375,0.12982177734375,0.17572021484375,0.03302001953125,0.1748046875,0.312255859375,0.25689697265625,0.14398193359375,0.15972900390625,0.15460205078125,0.1043701171875,0.2471923828125,0.20556640625,0.2611083984375,0.2930908203125,0.16168212890625,0.1409912109375,0.1536865234375,0.08331298828125,0.206298828125,0.24420166015625,0.2647705078125,0.24871826171875,0.1314697265625,0.10235595703125,0.18719482421875,0.14886474609375,0.0496826171875,0.1485595703125,0.196533203125,0.19366455078125,0.07232666015625,0.07562255859375,0.125,0.1661376953125,0.092041015625,0.149658203125,0.0850830078125,0.12548828125,0.0123291015625,0.0611572265625,0.1055908203125,0.1715087890625,0.105712890625,0.15386962890625,0.12298583984375,0.17840576171875,0.01837158203125,0.0931396484375,0.098876953125,0.13885498046875,0.15692138671875,0.2330322265625,0.14453125,0.16339111328125,0.13128662109375,0.11614990234375,0.06100545446097871,0.34259092528994517,639.2417981120586,0.2316291221389958,0.2042301866340555,0.16025792465153768,0.10765574841229034,0.07644908906460623,0.054656123625953665,0.03767701051987937,0.028443975041342988,0.020508900901902473,0.015633902639002766,0.012787837518586974,0.010150224433357884,0.006764963381925819,0.005614308147695216,0.005105685181839658,0.0033741436095554413,0.002526438666462847,0.0018955238399644243,0.0017954668630748064,0.012843424727970095,2.2271779803982388,98.61564051966218,0.07088989441930618,0.027752639517345398,0.01689291101055807,0.019004524886877826,0.013574660633484163,0.01478129713423831,0.013273001508295626,0.011161387631975868,0.016591251885369532,0.03770739064856712,0.031070889894419307,0.023529411764705882,0.017194570135746608,0.018401206636500755,0.030165912518853696,0.024434389140271493,0.021417797888386124,0.05731523378582202,0.0889894419306184,0.036500754147812974,0.03227752639517346,0.034389140271493215,0.03499245852187029,0.02986425339366516,0.03046757164404223,0.024434389140271493,0.019306184012066366,0.03167420814479638,0.020512820512820513,0.017194570135746608,0.013574660633484163,0.010256410256410256,0.0196078431372549,0.018401206636500755,0.026847662141779787,0.04555052790346908,3.4441164179457315
142,215.10714149475098,9.380348057584312,126.80626106262207,1.1927910172830984,137.15826034545898,1.9646304216867154,0.9228592249986325,0.9219989713335917,0.9921435097725174,0.9902499756208671,0.0062198638916015625,0.01898193359375,0.0111083984375,0.0078125,0.0107421875,0.0078125,0.0078125,0.01239013671875,0.0223388671875,0.0,0.0,0.0,0.0,0.0,0.0,0.0,0.0238037109375,0.0,0.0,0.0,0.0,0.0,0.0,0.0,0.023193359375,0.0,0.0,0.0,0.0,0.0,0.0,0.0,0.01947021484375,0.0,0.0,0.0,0.0,0.0,0.0,0.0,0.0,0.0184326171875,0.0,0.0,0.0,0.0,0.0,0.0,0.011962890625,0.02130126953125,0.0072021484375,0.0,0.0,0.0,0.0,0.0,0.0,0.02288818359375,0.02435302734375,0.01898193359375,0.01556396484375,0.020751953125,0.0230712890625,0.01763916015625,0.03045654296875,0.13258141095313844,0.4629204985444998,996.7028015508993,0.31848101265822787,0.14835443037974683,0.12962025316455697,0.10810126582278481,0.07772151898734177,0.05012658227848101,0.035063291139240504,0.02037974683544304,0.014050632911392405,0.01430379746835443,0.01430379746835443,0.010126582278481013,0.00569620253164557,0.005189873417721519,0.006329113924050633,0.0046835443037974685,0.0031645569620253164,0.0030379746835443038,0.0031645569620253164,0.02810126582278481,2.1944817284182747,179.8058534016339,0.5,0.0,0.0,0.0,0.0,0.0,0.0,0.0,0.0,0.0,0.0,0.0,0.0,0.0,0.0,0.0,0.0,0.0,0.44285714285714284,0.0,0.0,0.0,0.0,0.0,0.0,0.0,0.0,0.0,0.0,0.0,0.0,0.0,0.0,0.0,0.0,0.05714285714285714,0.8708386286829508
143,80.5118055343628,90.18175773215566,130.81919193267822,5.669012974815271,139.4558401107788,12.425874161866142,0.7138427736915122,0.6918719538284482,0.7201492671301278,0.7021273972896674,0.09075355529785156,0.01922607421875,0.03033447265625,0.01812744140625,0.01898193359375,0.02294921875,0.02276611328125,0.02362060546875,0.030029296875,0.0,0.07489013671875,0.0,0.0,0.0,0.0,0.0,0.060546875,0.0262451171875,0.060546875,0.00616455078125,0.00531005859375,0.0,0.0,0.023193359375,0.13165283203125,0.16229248046875,0.1239013671875,0.2490234375,0.203125,0.1669921875,0.0528564453125,0.075439453125,0.18524169921875,0.06011962890625,0.1964111328125,0.1829833984375,0.28094482421875,0.3431396484375,0.2479248046875,0.08990478515625,0.2432861328125,0.02978515625,0.06842041015625,0.3387451171875,0.05059814453125,0.23394775390625,0.264892578125,0.0,0.22515869140625,0.00311279296875,0.01007080078125,0.148193359375,0.18414306640625,0.2210693359375,0.0811767578125,0.0,0.0811767578125,0.0421142578125,0.03436279296875,0.03564453125,0.07513427734375,0.09478759765625,0.07342529296875,0.03082275390625,0.04327392578125,0.04086441546989035,0.5296671750698952,548.8082421240086,0.18432845895744773,0.2142069233479422,0.17384761785595512,0.1189507963529439,0.08401795210357692,0.05929923575142329,0.042743260552458535,0.029924562969011876,0.020984731492243915,0.016111453191832648,0.01271991491519508,0.010075832161661129,0.006733685219149349,0.005133405993473759,0.004402414248412069,0.0029009176909880574,0.0022390738137024733,0.0017122329163607147,0.0013368587770047119,0.008330671689216555,2.23885680982692,4.283443404362654,0.12536302032913843,0.05227492739593417,0.03920619554695063,0.030009680542110357,0.02904162633107454,0.026621490803484995,0.008712487899322363,0.018393030009680542,0.017424975798644726,0.04501452081316554,0.024685382381413358,0.010648596321393998,0.011132623426911906,0.03484995159728945,0.01016456921587609,0.010648596321393998,0.009196515004840271,0.030009680542110357,0.05421103581800581,0.00484027105517909,0.005808325266214908,0.003388189738625363,0.010648596321393998,0.002904162633107454,0.003872216844143272,0.004356243949661181,0.007260406582768635,0.023233301064859633,0.0062923523717328175,0.015488867376573089,0.03049370764762827,0.02420135527589545,0.04695062923523717,0.08615682478218781,0.07405614714424008,0.06243949661181026,3.201622365845796
144,136.55362606048584,93.46879394771518,130.11821746826172,8.726990323698894,136.23025798797607,16.278433435545313,0.7495267509180978,0.7125124097285207,0.7609325031456665,0.7466644459542484,0.07841110229492188,0.0,0.04315185546875,0.0,0.02679443359375,0.0225830078125,0.0,0.0113525390625,0.0,0.0,0.04644775390625,0.05010986328125,0.27520751953125,0.08319091796875,0.0,0.0086669921875,0.0,0.0,0.072265625,0.0445556640625,0.1976318359375,0.1177978515625,0.0633544921875,0.0357666015625,0.0,0.0,0.0623779296875,0.13299560546875,0.1815185546875,0.1513671875,0.224609375,0.13677978515625,0.0,0.0,0.17926025390625,0.2567138671875,0.1087646484375,0.245849609375,0.2276611328125,0.29913330078125,0.0,0.0,0.21649169921875,0.2330322265625,0.05169677734375,0.06585693359375,0.0966796875,0.26318359375,0.0,0.0,0.08111572265625,0.17218017578125,0.07421875,0.1795654296875,0.0833740234375,0.1119384765625,0.0,0.0,0.03326416015625,0.02001953125,0.0,0.00341796875,0.0037841796875,0.0225830078125,0.0,0.044739008045565055,0.33530549776654184,594.6527549518227,0.18951990984868686,0.21387710862028922,0.16878854871869867,0.11771284054056379,0.08677493999948387,0.05878760247399978,0.04071432872540839,0.028924979999827957,0.02125609682663937,0.015699059776858294,0.012787206771671155,0.010331271666853048,0.006606508443083381,0.00546241257989316,0.004701115708522224,0.0030795963836248055,0.00214195390928094,0.0019182960713640547,0.0015570026408829323,0.009359220294368123,2.242402414408777,92.76732053149287,0.02379603399433428,0.01643059490084986,0.018696883852691217,0.010198300283286119,0.01529745042492918,0.010198300283286119,0.0033994334277620396,0.009631728045325779,0.01076487252124646,0.041359773371104816,0.029461756373937678,0.0226628895184136,0.03002832861189802,0.04815864022662889,0.04645892351274788,0.035694050991501414,0.029461756373937678,0.04475920679886686,0.1008498583569405,0.041359773371104816,0.04645892351274788,0.057223796033994336,0.06855524079320113,0.04645892351274788,0.027762039660056657,0.027195467422096317,0.013031161473087818,0.03229461756373938,0.010198300283286119,0.01189801699716714,0.009631728045325779,0.006798866855524079,0.00793201133144476,0.018696883852691217,0.01643059490084986,0.01076487252124646,3.3462440635364725
145,130.71862888336182,82.38105002399676,129.98361015319824,5.42532039734202,129.25397968292236,10.162643715605116,0.7458894594147257,0.7232685558930679,0.5717982432442101,0.5468659273617433,0.1371326446533203,0.017578125,0.01287841796875,0.01617431640625,0.026123046875,0.0390625,0.01312255859375,0.01043701171875,0.0101318359375,0.0,0.00372314453125,0.00140380859375,0.11590576171875,0.1983642578125,0.0772705078125,0.0191650390625,0.0,0.11627197265625,0.124267578125,0.0548095703125,0.15972900390625,0.28668212890625,0.29730224609375,0.019775390625,0.0,0.2960205078125,0.13720703125,0.21795654296875,0.16961669921875,0.302978515625,0.27911376953125,0.120361328125,0.1695556640625,0.1375732421875,0.20599365234375,0.1241455078125,0.34613037109375,0.30853271484375,0.23858642578125,0.1812744140625,0.16400146484375,0.2061767578125,0.20001220703125,0.1436767578125,0.2659912109375,0.23309326171875,0.2562255859375,0.21575927734375,0.03057861328125,0.21636962890625,0.306640625,0.04656982421875,0.24517822265625,0.260986328125,0.28753662109375,0.2933349609375,0.16827392578125,0.0146484375,0.0504150390625,0.0091552734375,0.083984375,0.0721435546875,0.0479736328125,0.04705810546875,0.05548095703125,0.04293503972154736,0.7516919457375337,549.7843256072873,0.19390315458781682,0.2171795697230803,0.17121578458299944,0.11768802069420567,0.08253481188227317,0.05787710874732019,0.03956648104895696,0.02934494985125469,0.02095904766471003,0.015358552684150805,0.012385929583992584,0.009573124930079429,0.006395020970463268,0.004874462610474501,0.004447519046934112,0.0029383762902485634,0.002075356680525209,0.0016963586508583393,0.0013744386377075642,0.008611931131948393,2.2230079026905822,0.3261743193206007,0.13934929404542665,0.08133824432166974,0.048189073050951506,0.04511970534069982,0.039287906691221605,0.024248004910988337,0.021792510742786986,0.015039901780233272,0.01289134438305709,0.02608962553713935,0.012584407612031922,0.010128913443830571,0.017188459177409455,0.019337016574585635,0.009821976672805401,0.005831798649478207,0.007059545733578883,0.00798035604665439,0.006445672191528545,0.008594229588704727,0.011049723756906077,0.008594229588704727,0.019337016574585635,0.015039901780233272,0.006445672191528545,0.008287292817679558,0.011356660527931247,0.039287906691221605,0.014119091467157766,0.024248004910988337,0.025168815224063844,0.03284223449969306,0.042050337630448124,0.04634745242480049,0.06998158379373849,0.06752608962553713,3.2290602218181914
146,174.24639129638672,69.00084956893255,128.0245542526245,7.635482137033639,144.15425395965576,15.04399507193127,0.6930370356360728,0.6597315627600993,0.47334904983341736,0.39707320657842043,0.22094345092773438,0.0,0.0,0.0,0.0,0.0,0.0,0.0,0.0,0.01446533203125,0.018310546875,0.03753662109375,0.1810302734375,0.26702880859375,0.08062744140625,0.0078125,0.0078125,0.00164794921875,0.03143310546875,0.23590087890625,0.458251953125,0.48065185546875,0.29376220703125,0.004150390625,0.0,0.379638671875,0.3853759765625,0.4560546875,0.4241943359375,0.41046142578125,0.46441650390625,0.357421875,0.3017578125,0.51226806640625,0.50750732421875,0.44891357421875,0.42205810546875,0.42742919921875,0.41607666015625,0.35418701171875,0.38031005859375,0.407958984375,0.461669921875,0.4063720703125,0.43377685546875,0.42327880859375,0.4354248046875,0.39788818359375,0.3868408203125,0.37664794921875,0.38592529296875,0.373046875,0.224609375,0.24310302734375,0.2960205078125,0.0770263671875,0.04229736328125,0.0,0.0,0.0,0.0,0.0,0.0,0.0,0.0,0.02874622977692654,0.1757059029380265,501.9363507291611,0.18410517847367808,0.22167993752537496,0.17731781180269074,0.12037720447477715,0.08744197904871885,0.058150035511553844,0.040214290534858636,0.02878953271508593,0.02047029509404938,0.014824868585826016,0.01172577581764951,0.009592940110273283,0.0059068086843156765,0.004576330558468729,0.0036529230347327633,0.0024649196196246596,0.0018436013321921074,0.0014461718759205956,0.0010380300353830052,0.004381365164826101,2.197965614498653,176.6335417346653,0.15350356294536818,0.07304038004750593,0.0510688836104513,0.011876484560570071,0.014548693586698337,0.013954869358669833,0.010985748218527316,0.014251781472684086,0.015736342042755345,0.02820665083135392,0.006532066508313539,0.0035629453681710215,0.007422802850356294,0.004453681710213777,0.0008907363420427554,0.0005938242280285036,0.0017814726840855108,0.0008907363420427554,0.0017814726840855108,0.0020783847980997625,0.0005938242280285036,0.0,0.0011876484560570072,0.0011876484560570072,0.0017814726840855108,0.0017814726840855108,0.007719714964370546,0.03414489311163896,0.010095011876484561,0.010391923990498812,0.010985748218527316,0.025237529691211402,0.07957244655581948,0.15973871733966746,0.14845605700712589,0.08996437054631828,2.6727435798672152
147,165.31274032592773,57.474127019061044,129.10449886322021,3.3321320726943227,137.88115119934082,9.732833462244837,0.9055812820634844,0.8988279556134562,0.9585667911493146,0.959917111140332,0.012661933898925781,0.0,0.0,0.0,0.0,0.0,0.0,0.0,0.0,0.01605224609375,0.01104736328125,0.01239013671875,0.0142822265625,0.01544189453125,0.01800537109375,0.019287109375,0.0205078125,0.0,0.0,0.0,0.0,0.0,0.0,0.0,0.0084228515625,0.0,0.0045166015625,0.0,0.0,0.0,0.0,0.0,0.0240478515625,0.0,0.04156494140625,0.0465087890625,0.0234375,0.0,0.003662109375,0.01043701171875,0.02313232421875,0.0,0.0535888671875,0.13629150390625,0.09466552734375,0.0,0.0,0.0,0.021728515625,0.03564453125,0.02239990234375,0.014892578125,0.01666259765625,0.01617431640625,0.0247802734375,0.03033447265625,0.03045654296875,0.0,0.0,0.0,0.0,0.0,0.0,0.0,0.0,0.09138243908055661,0.4408007534872741,896.9788611445362,0.247933065993366,0.19758403881380265,0.1487697410762909,0.10658943512055052,0.07119164315065102,0.054062082281301056,0.03782365463636814,0.030595574038318727,0.021535719590078717,0.016188920243576415,0.011535224516065153,0.009703450665874549,0.006039902965493341,0.005940888162780335,0.005346799346502302,0.003416010693598693,0.002871429278677162,0.0015347294420515866,0.0016337442447645924,0.019703945739888113,2.2338079585490056,6.448900135256664,0.3933333333333333,0.12,0.08666666666666667,0.02,0.0,0.0,0.0,0.0,0.0,0.02,0.02,0.0,0.0,0.013333333333333334,0.03333333333333333,0.0,0.0,0.013333333333333334,0.16,0.0,0.0,0.0,0.0,0.0,0.0,0.0,0.0,0.013333333333333334,0.006666666666666667,0.0,0.0,0.0,0.0,0.02666666666666667,0.013333333333333334,0.06,2.0038412230756713
148,149.62501907348633,57.339048112815995,125.39623928070068,6.247633579865446,133.91528129577637,6.101101874173656,0.8745134085061915,0.8734038298357163,0.9647203921458274,0.9641960639616763,0.011447906494140625,0.0206298828125,0.0216064453125,0.020263671875,0.0211181640625,0.019287109375,0.024658203125,0.021484375,0.01556396484375,0.0,0.0,0.0,0.0,0.0,0.0,0.0,0.0,0.0,0.0050048828125,0.0032958984375,0.0,0.0,0.0,0.0,0.0,0.0,0.0,0.0,0.0,0.0,0.0,0.0,0.0,0.0,0.00701904296875,0.03466796875,0.0123291015625,0.0,0.00689697265625,0.0,0.0,0.0,0.0,0.0,0.1185302734375,0.02301025390625,0.00347900390625,0.0,0.0,0.026611328125,0.06787109375,0.00189208984375,0.03997802734375,0.02801513671875,0.0,0.0181884765625,0.00543212890625,0.0194091796875,0.013427734375,0.015869140625,0.03118896484375,0.017822265625,0.02459716796875,0.0206298828125,0.02288818359375,0.08281601650088809,0.3819583774272065,920.3023418622557,0.2546725569202388,0.1973882227292587,0.14427884848779066,0.0992281178697995,0.07184814796834797,0.05684741977765911,0.03820573814262828,0.027719792222923444,0.01839895140540803,0.015243458420311665,0.0105344919656294,0.010631584057478518,0.007378998980533035,0.006505170153890965,0.005437157143550658,0.0028156706636244476,0.004029321811738434,0.002281664158454294,0.0023787562503034126,0.024175930870430604,2.2413932109723436,1.9082533921818832,0.52046783625731,0.05263157894736842,0.04678362573099415,0.10526315789473684,0.0,0.011695906432748537,0.0,0.0,0.0,0.011695906432748537,0.0,0.0,0.0,0.0,0.0,0.005847953216374269,0.0,0.0,0.0,0.0,0.0,0.0,0.0,0.0,0.0,0.0,0.0,0.0,0.0,0.0,0.0,0.03508771929824561,0.017543859649122806,0.005847953216374269,0.05847953216374269,0.1286549707602339,1.6576071273494906
149,106.82096099853516,88.6502686429997,130.05556106567383,4.085164510843118,137.04984760284424,9.769153733340898,0.8059755749285643,0.784744344541001,0.762265152936731,0.7323388244351049,0.07481575012207031,0.01202392578125,0.0078125,0.0078125,0.0078125,0.0078125,0.0078125,0.01373291015625,0.0223388671875,0.01800537109375,0.0,0.0,0.0,0.0,0.0,0.0,0.0,0.011962890625,0.0,0.001708984375,0.0,0.0,0.0,0.0,0.02349853515625,0.0709228515625,0.1915283203125,0.16693115234375,0.11572265625,0.11260986328125,0.12274169921875,0.10333251953125,0.05780029296875,0.0682373046875,0.12713623046875,0.236083984375,0.25433349609375,0.2005615234375,0.15093994140625,0.0748291015625,0.0819091796875,0.19610595703125,0.2218017578125,0.261962890625,0.22845458984375,0.20709228515625,0.20953369140625,0.156005859375,0.05499267578125,0.1328125,0.2060546875,0.1929931640625,0.05328369140625,0.05889892578125,0.09991455078125,0.108154296875,0.0404052734375,0.01556396484375,0.01092529296875,0.0078125,0.0162353515625,0.0078125,0.0078125,0.0078125,0.0078125,0.0473249988638639,0.5643082717395209,587.1335164121331,0.19825634057971014,0.21009057971014491,0.16665307971014492,0.11942934782608695,0.08726902173913044,0.058727355072463766,0.04088768115942029,0.029184782608695652,0.020715579710144927,0.014746376811594204,0.011077898550724637,0.009026268115942029,0.006046195652173913,0.00509963768115942,0.004225543478260869,0.003043478260869565,0.0021376811594202897,0.0017753623188405798,0.0014221014492753624,0.0101856884057971,2.2280165076370264,176.09700020647435,0.22821024617431804,0.04856952761144378,0.046573519627411845,0.031936127744510975,0.025282767797737856,0.018629407850964737,0.0013306719893546241,0.0026613439787092482,0.003992015968063872,0.00665335994677312,0.0006653359946773121,0.0,0.0006653359946773121,0.005988023952095809,0.0013306719893546241,0.0053226879574184965,0.0053226879574184965,0.003992015968063872,0.017298735861610112,0.00332667997338656,0.001996007984031936,0.0006653359946773121,0.0006653359946773121,0.0,0.0013306719893546241,0.00332667997338656,0.00332667997338656,0.010645375914836993,0.011310711909514305,0.007318695941450432,0.03127079174983367,0.06719893546240852,0.07584830339321358,0.08183632734530938,0.08449767132401863,0.16101131071190952,2.597281319014026
150,168.82255744934082,71.62789544106074,126.37734603881836,8.65658013599054,133.06473636627197,15.533352703949065,0.6219785820770826,0.6146465142949468,0.49496234949030266,0.46443337388658745,0.19130897521972656,0.0,0.0,0.0,0.0,0.0,0.0,0.0,0.0,0.1298828125,0.22821044921875,0.2265625,0.26513671875,0.2796630859375,0.25457763671875,0.2674560546875,0.2882080078125,0.34271240234375,0.33258056640625,0.33868408203125,0.33819580078125,0.3621826171875,0.44464111328125,0.34991455078125,0.4207763671875,0.2579345703125,0.29205322265625,0.32177734375,0.2957763671875,0.30548095703125,0.33251953125,0.23297119140625,0.406494140625,0.28228759765625,0.23504638671875,0.23175048828125,0.18121337890625,0.2095947265625,0.31890869140625,0.1795654296875,0.3182373046875,0.23419189453125,0.25250244140625,0.2677001953125,0.1708984375,0.158447265625,0.226806640625,0.277587890625,0.22906494140625,0.2503662109375,0.12994384765625,0.15350341796875,0.09393310546875,0.14105224609375,0.135009765625,0.1126708984375,0.13909912109375,0.0,0.0,0.0,0.0,0.0,0.0,0.0,0.0,0.03508529436716557,0.25705111673375486,547.7675323627204,0.1849529229389683,0.21535594243499614,0.17508769256466686,0.1214772790542976,0.08874165199018898,0.058508596362187144,0.04073418530164191,0.02928506750202931,0.020461598422266438,0.015046197937576373,0.011900401173336772,0.009720175004175836,0.006086464722240944,0.004959721493689359,0.004049828717446791,0.0026754657156504488,0.0019223499556042655,0.0015868178368288258,0.0011619081667638587,0.006285732705443825,2.216751364992232,2.9100410134642325,0.2023933402705515,0.11108220603537981,0.12330905306971904,0.06529656607700313,0.03798126951092612,0.02315296566077003,0.013527575442247659,0.009105098855359001,0.005202913631633715,0.011446409989594173,0.004682622268470343,0.0018210197710718003,0.0015608740894901144,0.0023413111342351716,0.0007804370447450572,0.001040582726326743,0.0015608740894901144,0.004162330905306972,0.01222684703433923,0.0013007284079084287,0.0,0.0028616024973985433,0.0005202913631633715,0.002081165452653486,0.0007804370447450572,0.0018210197710718003,0.0007804370447450572,0.0028616024973985433,0.0036420395421436005,0.0033818938605619147,0.01586888657648283,0.045525494276795,0.043444328824141516,0.05463059313215401,0.08428720083246619,0.10353798126951093,2.621054752745742
151,61.35847091674805,81.25000386468689,130.00028038024902,4.487699855675411,135.00104331970215,8.062535181403959,0.7512973261422538,0.7488880893850148,0.7606949334751023,0.7310530922275412,0.06966972351074219,0.03570556640625,0.0211181640625,0.0,0.0,0.0,0.0,0.0,0.04107666015625,0.024658203125,0.0369873046875,0.0,0.0,0.0,0.0,0.0,0.00885009765625,0.02459716796875,0.044189453125,0.0068359375,0.0,0.0,0.0,0.0,0.0445556640625,0.0252685546875,0.05279541015625,0.0,0.0,0.0,0.0198974609375,0.0,0.0670166015625,0.02349853515625,0.07696533203125,0.0665283203125,0.0888671875,0.23895263671875,0.10980224609375,0.0189208984375,0.0592041015625,0.01776123046875,0.0426025390625,0.25445556640625,0.240966796875,0.29901123046875,0.29608154296875,0.2601318359375,0.1063232421875,0.00897216796875,0.07928466796875,0.322265625,0.21868896484375,0.1766357421875,0.0592041015625,0.1441650390625,0.0594482421875,0.02301025390625,0.0909423828125,0.119140625,0.05560302734375,0.1258544921875,0.18841552734375,0.12353515625,0.01007080078125,0.042182567369412824,0.3402365623452483,574.3209817186714,0.19246886120996443,0.21336743772241992,0.1720329181494662,0.12043149466192171,0.08637010676156584,0.05759341637010676,0.04052046263345196,0.028901245551601423,0.02027135231316726,0.015547153024911033,0.01195729537366548,0.009070284697508898,0.006227758007117438,0.004759786476868327,0.00425711743772242,0.002802491103202847,0.002050711743772242,0.0016459074733096086,0.0014101423487544484,0.008314056939501779,2.221169513862124,14.057619405041013,0.09547738693467336,0.05168700646087581,0.10050251256281408,0.07896625987078248,0.07035175879396985,0.05312275664034458,0.03445800430725054,0.022254127781765973,0.012203876525484566,0.03804737975592247,0.01507537688442211,0.004307250538406317,0.0007178750897343862,0.002871500358937545,0.006460875807609476,0.010050251256281407,0.010768126346015794,0.05025125628140704,0.06891600861450108,0.007896625987078248,0.012203876525484566,0.010050251256281407,0.004307250538406317,0.014357501794687724,0.005025125628140704,0.006460875807609476,0.004307250538406317,0.021536252692031587,0.015793251974156496,0.005025125628140704,0.01148600143575018,0.016511127063890883,0.017946877243359655,0.029432878679109833,0.04020100502512563,0.050969131371141424,3.157168823264397
152,124.7412109375,82.86572275263512,129.86423778533936,5.569405056600387,135.80327606201172,11.275918806666352,0.7124170231503824,0.7214761779365885,0.6678357323041626,0.6808860111043363,0.0967416763305664,0.2197265625,0.05419921875,0.0,0.01104736328125,0.00347900390625,0.0,0.0064697265625,0.0494384765625,0.19512939453125,0.050537109375,0.13250732421875,0.01116943359375,0.17913818359375,0.06866455078125,0.0,0.04449462890625,0.16748046875,0.0369873046875,0.15960693359375,0.1151123046875,0.2239990234375,0.0869140625,0.00714111328125,0.05474853515625,0.02264404296875,0.01300048828125,0.1070556640625,0.3218994140625,0.1829833984375,0.132568359375,0.0,0.0494384765625,0.0223388671875,0.12286376953125,0.23687744140625,0.24676513671875,0.14239501953125,0.07293701171875,0.0,0.04632568359375,0.04705810546875,0.386474609375,0.43658447265625,0.36651611328125,0.07757568359375,0.06561279296875,0.0,0.04705810546875,0.0267333984375,0.09521484375,0.1724853515625,0.1689453125,0.091796875,0.06805419921875,0.10491943359375,0.072509765625,0.02587890625,0.04803466796875,0.0255126953125,0.05975341796875,0.02227783203125,0.029296875,0.10162353515625,0.053466796875,0.03918181547201186,0.347289493396099,554.0698317318436,0.18962564079161534,0.21147872647895466,0.17062930680418018,0.12059812287987344,0.08729369172028781,0.059051704467667596,0.04064862562557994,0.029681011271847763,0.020876496448074964,0.015476353458373265,0.012716956448987663,0.009866289417240907,0.006285462206604907,0.005028978232099667,0.0044052997459651045,0.002996699067524605,0.002178311200352911,0.0018406121176166355,0.0013386269946302804,0.0079830846225224,2.233707832959135,84.68682557674815,0.01898101898101898,0.014485514485514486,0.02147852147852148,0.015984015984015984,0.004995004995004995,0.001998001998001998,0.00999000999000999,0.007992007992007992,0.016483516483516484,0.05744255744255744,0.04095904095904096,0.01998001998001998,0.026973026973026972,0.052947052947052944,0.06943056943056942,0.06593406593406594,0.07942057942057942,0.05144855144855145,0.09540459540459541,0.03496503496503497,0.027472527472527472,0.014985014985014986,0.04395604395604396,0.060939060939060936,0.029970029970029972,0.013986013986013986,0.026473526473526472,0.033466533466533464,0.008491508491508492,0.006493506493506494,0.0014985014985014985,0.0024975024975024975,0.00949050949050949,0.003996003996003996,0.0034965034965034965,0.005494505494505495,3.2190592139390612
153,168.34114170074463,79.4301213555728,129.25073146820068,8.590386911798065,134.37814235687256,7.652762815188648,0.915316431740743,0.9011914176911171,0.8897473225614099,0.8839004170106197,0.033850669860839844,0.0,0.02001953125,0.0,0.03948974609375,0.00970458984375,0.0,0.01739501953125,0.0,0.0,0.0228271484375,0.0,0.19171142578125,0.1544189453125,0.0,0.0078125,0.0,0.0,0.0120849609375,0.10430908203125,0.2799072265625,0.0577392578125,0.0,0.0078125,0.0,0.0,0.0078125,0.02984619140625,0.2593994140625,0.11175537109375,0.0,0.00927734375,0.0,0.0,0.0078125,0.0201416015625,0.07452392578125,0.05523681640625,0.0,0.0078125,0.0,0.0,0.02020263671875,0.010498046875,0.0389404296875,0.06842041015625,0.0,0.0078125,0.0,0.0,0.02081298828125,0.0,0.0404052734375,0.0897216796875,0.03955078125,0.0078125,0.0,0.0,0.019287109375,0.0,0.10955810546875,0.095458984375,0.07891845703125,0.01019287109375,0.0,0.05086709646887979,0.31060828140878255,558.42348798181,0.20744428888725144,0.20828640301476858,0.17450710007473763,0.11924336045642586,0.07913767513342246,0.05604269518626512,0.039410941167801763,0.028537142496236803,0.018979147148917356,0.015221212854872157,0.012652764765944905,0.010084316677017653,0.005821113906462174,0.0049053147927872924,0.004505310582216655,0.0029684522994978895,0.0022421288645143632,0.0014631732965610165,0.001147380498742092,0.007400077895556795,2.208008858189595,80.37652684266672,0.0016181229773462784,0.0048543689320388345,0.012944983818770227,0.025889967637540454,0.003236245954692557,0.0016181229773462784,0.0016181229773462784,0.0,0.0,0.0,0.0,0.011326860841423949,0.024271844660194174,0.11974110032362459,0.11488673139158576,0.15372168284789645,0.18932038834951456,0.08414239482200647,0.1343042071197411,0.05016181229773463,0.021035598705501618,0.003236245954692557,0.0048543689320388345,0.0016181229773462784,0.0016181229773462784,0.003236245954692557,0.0016181229773462784,0.012944983818770227,0.0,0.0016181229773462784,0.003236245954692557,0.0016181229773462784,0.0,0.009708737864077669,0.0,0.0,2.4172131365607443
154,129.3606300354004,76.69672447427857,128.06011199951172,7.076394449881074,118.5050163269043,17.397140546789593,0.5262913733626375,0.521640652719293,0.22954512291751217,0.2319336127128432,0.3505697250366211,0.09515380859375,0.08660888671875,0.096435546875,0.0938720703125,0.09222412109375,0.06903076171875,0.09173583984375,0.08575439453125,0.43353271484375,0.39056396484375,0.42401123046875,0.44598388671875,0.4493408203125,0.51483154296875,0.47802734375,0.42437744140625,0.51190185546875,0.39764404296875,0.4378662109375,0.4688720703125,0.523193359375,0.50213623046875,0.4632568359375,0.41326904296875,0.440185546875,0.37310791015625,0.49163818359375,0.4644775390625,0.4930419921875,0.4820556640625,0.423583984375,0.44464111328125,0.44696044921875,0.37335205078125,0.4610595703125,0.4796142578125,0.481201171875,0.4637451171875,0.48333740234375,0.451904296875,0.36474609375,0.33380126953125,0.2969970703125,0.4290771484375,0.48382568359375,0.4859619140625,0.51171875,0.53533935546875,0.40460205078125,0.29241943359375,0.21002197265625,0.31536865234375,0.46478271484375,0.5040283203125,0.49444580078125,0.4742431640625,0.08172607421875,0.06396484375,0.05316162109375,0.06317138671875,0.07159423828125,0.091552734375,0.08197021484375,0.08441162109375,0.026503000192871013,0.138065557518738,502.2790868123344,0.17742983480438693,0.2201740498955461,0.17486209288608334,0.12274631881541684,0.0897105248792023,0.06017583406675197,0.041320206804083354,0.029326981328781476,0.020910752827045905,0.01541843474926403,0.011896028088713253,0.009761679996910987,0.006098803140673911,0.00476400341389177,0.0037893666059072044,0.002589711190614727,0.0018627279977737805,0.0015897764326961356,0.0011437336312277893,0.004429138445028221,2.212933859674657,45.656790993551,0.07979139504563233,0.02059973924380704,0.007561929595827901,0.012516297262059974,0.018513689700130377,0.021121251629726206,0.018252933507170794,0.02529335071707953,0.11864406779661017,0.38565840938722296,0.019817470664928293,0.025814863102998697,0.028161668839634942,0.032073011734028684,0.03259452411994785,0.04067796610169491,0.02059973924380704,0.0226857887874837,0.02346805736636245,0.005736636245110821,0.003389830508474576,0.002346805736636245,0.0041720990873533245,0.0007822685788787483,0.0002607561929595828,0.0,0.0,0.0020860495436766623,0.001303780964797914,0.0007822685788787483,0.0010430247718383311,0.0015645371577574967,0.0007822685788787483,0.0002607561929595828,0.002346805736636245,0.019295958279009127,2.4302251355640445
155,143.9262113571167,78.58913059348897,127.71589756011963,4.551106273479462,131.1967258453369,10.196166909577013,0.6957553072206241,0.6913193076348669,0.4501382494306207,0.4293597016258774,0.19749927520751953,0.0,0.0,0.0,0.0,0.0,0.0,0.0,0.0,0.32763671875,0.379638671875,0.41363525390625,0.388427734375,0.2816162109375,0.3251953125,0.31005859375,0.2569580078125,0.3531494140625,0.40362548828125,0.3955078125,0.43609619140625,0.4390869140625,0.32061767578125,0.35223388671875,0.32977294921875,0.23382568359375,0.3421630859375,0.19561767578125,0.3238525390625,0.2137451171875,0.23553466796875,0.2928466796875,0.25421142578125,0.2762451171875,0.21575927734375,0.13970947265625,0.193603515625,0.165771484375,0.18524169921875,0.26123046875,0.14404296875,0.2852783203125,0.2655029296875,0.177734375,0.27410888671875,0.328125,0.1085205078125,0.14678955078125,0.15899658203125,0.1478271484375,0.18414306640625,0.22711181640625,0.3306884765625,0.33673095703125,0.146240234375,0.09326171875,0.042236328125,0.0,0.0,0.0,0.0,0.0,0.0,0.0,0.0,0.038567205039721913,0.4606611331458195,533.9976715464621,0.19345760860637726,0.21994331387599658,0.17487539571496707,0.11885209878428869,0.08307528706896428,0.05596710072233742,0.03981141128852142,0.028840182306263572,0.019965504173649166,0.01488623149667794,0.011809849322115226,0.009430876502347993,0.006095127212365471,0.004831432988903411,0.003940939225962072,0.002680126859338009,0.0018242153784526446,0.0015864621893178213,0.0012002933730261081,0.006926542910127853,2.2035480368279683,174.32053694329056,0.1259946949602122,0.04774535809018567,0.03713527851458886,0.027851458885941646,0.026967285587975242,0.02541998231653404,0.01967285587975243,0.017241379310344827,0.015030946065428824,0.016357206012378427,0.005968169761273209,0.0028735632183908046,0.005747126436781609,0.011052166224580018,0.01282051282051282,0.00618921308576481,0.010389036251105217,0.01768346595932803,0.022104332449160036,0.007073386383731211,0.007294429708222812,0.009062776304155614,0.009283819628647215,0.006631299734748011,0.007957559681697613,0.011494252873563218,0.011494252873563218,0.030061892130857647,0.01282051282051282,0.028072502210433246,0.04310344827586207,0.057250221043324494,0.06830238726790451,0.08267020335985853,0.07250221043324491,0.08068081343943413,3.1888383287734867
156,123.81715774536133,71.54525153674173,126.6452283859253,6.323586439840714,133.89534187316895,23.70655794087681,0.6076293031665522,0.6117190609454951,0.5139052636489814,0.5039684018148756,0.15831851959228516,0.07049560546875,0.2718505859375,0.1973876953125,0.1060791015625,0.05908203125,0.0693359375,0.0977783203125,0.02093505859375,0.064697265625,0.2103271484375,0.32977294921875,0.2183837890625,0.08477783203125,0.0992431640625,0.02178955078125,0.02313232421875,0.09271240234375,0.30242919921875,0.12640380859375,0.18994140625,0.09356689453125,0.05419921875,0.02362060546875,0.02374267578125,0.04278564453125,0.18914794921875,0.0968017578125,0.00372314453125,0.07415771484375,0.0634765625,0.2557373046875,0.06396484375,0.055908203125,0.13543701171875,0.11761474609375,0.21673583984375,0.19964599609375,0.25042724609375,0.23297119140625,0.057373046875,0.08050537109375,0.101806640625,0.211669921875,0.28521728515625,0.18109130859375,0.19036865234375,0.129638671875,0.05902099609375,0.04742431640625,0.1455078125,0.32598876953125,0.30401611328125,0.3543701171875,0.18487548828125,0.157958984375,0.04412841796875,0.048095703125,0.3599853515625,0.46197509765625,0.35443115234375,0.40643310546875,0.3450927734375,0.371337890625,0.0738525390625,0.03870967225075705,0.5167891091332042,534.6739330464575,0.19955591310182613,0.2126025440298992,0.17095181061912423,0.11949581165809277,0.08601613287253154,0.0572154200246755,0.04025822697133457,0.028784478964494695,0.020487160802025988,0.014998304461071147,0.011764154142526281,0.009558149770200362,0.005910937308349988,0.004581562637537067,0.0038744868289092996,0.0024332787393848442,0.0020274316553510487,0.0015728829212331979,0.0010984927741181393,0.006812819717313978,2.207504254712604,82.54059095557756,0.032302217355598135,0.01149739939775527,0.01149739939775527,0.010128661374212975,0.010402408978921434,0.011771147002463728,0.01368738023542294,0.011223651793046812,0.019162332329592115,0.03668217903093348,0.021899808376676703,0.054202025732274846,0.05146454968519026,0.0451683547768957,0.051190802080481795,0.04024089789214345,0.044620859567478785,0.07856556255132767,0.10539282781275663,0.042704626334519574,0.03394470298384889,0.032302217355598135,0.030385984122638928,0.019436079934300576,0.019709827539009035,0.018067341910758282,0.014508623049548317,0.02107856556255133,0.014508623049548317,0.017246099096632904,0.013139885026006022,0.005474952094169176,0.012044894607172188,0.011223651793046812,0.018067341910758282,0.015056118258965233,3.349485616563796
157,155.15381050109863,79.33745372461797,129.14636421203613,3.0388718413609173,136.93637561798096,9.482410726459074,0.8116378965951423,0.7655377223651388,0.7608422195005565,0.7386299348449579,0.07312774658203125,0.0,0.0,0.0,0.0,0.0,0.0,0.0,0.0,0.018310546875,0.01605224609375,0.021240234375,0.0234375,0.02117919921875,0.02020263671875,0.0255126953125,0.015625,0.0,0.0115966796875,0.02288818359375,0.09033203125,0.07904052734375,0.059326171875,0.1009521484375,0.08782958984375,0.0,0.04339599609375,0.1497802734375,0.2166748046875,0.1221923828125,0.17706298828125,0.181640625,0.01226806640625,0.0,0.0841064453125,0.08416748046875,0.14080810546875,0.18084716796875,0.21466064453125,0.11639404296875,0.18212890625,0.05426025390625,0.14208984375,0.14898681640625,0.16497802734375,0.138916015625,0.27093505859375,0.059814453125,0.05706787109375,0.12396240234375,0.1822509765625,0.1710205078125,0.1214599609375,0.1656494140625,0.168212890625,0.10638427734375,0.08453369140625,0.0,0.0,0.0,0.0,0.0,0.0,0.0,0.0,0.046849662378557165,0.33936922137491354,591.7542145088953,0.19186049269683442,0.2097211087339124,0.17198373806327355,0.11638575135555672,0.08488655069521203,0.056693817333099306,0.04052201386154583,0.030678513655188117,0.021793272264099925,0.01607218250560961,0.012955469428223095,0.009990559727512938,0.006978211471591421,0.005308374328151462,0.004554101300290798,0.002889008012371975,0.001949724619186998,0.0017836896759472294,0.0015132899112424631,0.011480130361149721,2.246866662772867,174.42852223027884,0.17961783439490445,0.06560509554140127,0.049681528662420385,0.03184713375796178,0.022929936305732482,0.008280254777070064,0.012738853503184714,0.007643312101910828,0.0006369426751592356,0.008280254777070064,0.0031847133757961785,0.0012738853503184713,0.001910828025477707,0.005095541401273885,0.0031847133757961785,0.0031847133757961785,0.006369426751592357,0.005732484076433121,0.0044585987261146496,0.0006369426751592356,0.003821656050955414,0.0044585987261146496,0.0025477707006369425,0.0044585987261146496,0.001910828025477707,0.0025477707006369425,0.0031847133757961785,0.019745222929936305,0.01337579617834395,0.031210191082802548,0.044585987261146494,0.048407643312101914,0.08980891719745222,0.09617834394904459,0.10254777070063695,0.1089171974522293,2.7780095573877337
158,131.20405864715576,75.65610786413423,134.1905860900879,16.55730510828549,144.9626693725586,18.94761631072196,0.7282651836850128,0.7119877200931161,0.6950276543420321,0.6988922516977188,0.08654403686523438,0.0228271484375,0.08758544921875,0.15570068359375,0.1817626953125,0.091552734375,0.06976318359375,0.0987548828125,0.0179443359375,0.0184326171875,0.069580078125,0.0352783203125,0.08367919921875,0.0428466796875,0.0086669921875,0.068603515625,0.0108642578125,0.05181884765625,0.13262939453125,0.108154296875,0.14788818359375,0.18548583984375,0.13177490234375,0.12646484375,0.0078125,0.01690673828125,0.18572998046875,0.169921875,0.11993408203125,0.3238525390625,0.0516357421875,0.176025390625,0.01611328125,0.01873779296875,0.112060546875,0.21832275390625,0.26177978515625,0.198486328125,0.0936279296875,0.14483642578125,0.012939453125,0.015625,0.0,0.1187744140625,0.17822265625,0.12310791015625,0.07879638671875,0.11376953125,0.02099609375,0.01654052734375,0.00360107421875,0.07904052734375,0.0401611328125,0.05572509765625,0.0859375,0.087646484375,0.02093505859375,0.015625,0.0,0.03607177734375,0.03399658203125,0.0701904296875,0.13043212890625,0.1185302734375,0.018310546875,0.05672029537755925,0.4897727338690519,652.9824380048966,0.21388766032728881,0.20308270676691728,0.16034498009730208,0.11277753206545776,0.08392304290137108,0.05912428129146395,0.04076957098628925,0.029553295002211412,0.020442282176028306,0.015718708536045997,0.012260061919504643,0.009708093763821318,0.0065059708093763826,0.005329500221141088,0.0046660769570986286,0.003356921716054843,0.0028615656789031402,0.001972578505086245,0.0016541353383458647,0.012061034940291907,2.2444324835079175,48.206192237027295,0.09713977334052887,0.037776578521316787,0.021046950890447922,0.01025364274150027,0.0059363194819212085,0.011872638963842417,0.014031300593631947,0.03993524015110631,0.05018888289260658,0.07501349163518618,0.04101457096600108,0.03130059363194819,0.028062601187263895,0.048569886670264434,0.03345925526173772,0.028602266594711278,0.033998920669185105,0.04371289800323799,0.08148947652455478,0.011872638963842417,0.019967620075553156,0.015650296815974095,0.004317323259579061,0.013491635186184566,0.0124123043712898,0.008634646519158122,0.007555315704263357,0.023745277927684834,0.010793308148947653,0.004317323259579061,0.009174311926605505,0.008634646519158122,0.012951969778737183,0.010793308148947653,0.03453858607663249,0.05774419859686994,3.2937684661810973
159,169.670654296875,98.98055162249072,127.78094959259033,2.338053194746088,131.11921882629395,7.22055549366405,0.8353948892038773,0.8328145973021792,0.7456966261762287,0.7489929443482014,0.0810995101928711,0.0,0.0,0.0,0.0,0.0,0.0,0.0,0.0,0.0,0.0,0.0,0.0,0.0,0.0,0.0,0.0,0.0928955078125,0.0914306640625,0.0633544921875,0.05718994140625,0.1187744140625,0.136474609375,0.1220703125,0.0869140625,0.18499755859375,0.26336669921875,0.3209228515625,0.27374267578125,0.14337158203125,0.2435302734375,0.185546875,0.19110107421875,0.1531982421875,0.35052490234375,0.2685546875,0.22320556640625,0.020263671875,0.151611328125,0.00604248046875,0.03411865234375,0.0322265625,0.28228759765625,0.11444091796875,0.1988525390625,0.203857421875,0.29400634765625,0.18890380859375,0.09259033203125,0.0,0.0,0.0,0.0,0.0,0.0,0.0,0.0,0.0,0.0,0.0,0.0,0.0,0.0,0.0,0.0,0.03774812935880257,0.25058065341786906,546.7233792603546,0.18583185526782547,0.216647747428166,0.17361830436324938,0.11880099326002129,0.08583185526782547,0.05885775097552323,0.04145086910251863,0.030156083717630365,0.02122738559772969,0.015675771550195106,0.012206456190138347,0.010305072720822987,0.005920539198297268,0.004877616175948918,0.004029797800638524,0.0028946434905995034,0.0020503724725079815,0.0015643845335225257,0.0011422490244767647,0.00691025186236254,2.2244057489409155,174.6701977165755,0.1869772998805257,0.0955794504181601,0.06391875746714457,0.04002389486260454,0.010752688172043012,0.004181600955794504,0.0017921146953405018,0.0011947431302270011,0.0005973715651135006,0.0011947431302270011,0.0,0.0005973715651135006,0.0017921146953405018,0.008960573476702509,0.006571087216248507,0.0023894862604540022,0.005973715651135006,0.002986857825567503,0.014336917562724014,0.0005973715651135006,0.0005973715651135006,0.0,0.0005973715651135006,0.002986857825567503,0.0011947431302270011,0.002986857825567503,0.006571087216248507,0.02090800477897252,0.015531660692951015,0.017323775388291517,0.03882915173237754,0.07885304659498207,0.06332138590203107,0.06272401433691756,0.12485065710872162,0.11230585424133811,2.645367258623272
160,190.68655109405518,85.5894899798029,126.37491416931152,4.644992147001237,128.1808958053589,10.216456171144788,0.855719005135355,0.8541672412206278,0.8010379165786888,0.8030510519860757,0.06223487854003906,0.0,0.0,0.0,0.0,0.0,0.0,0.0,0.0,0.0,0.0,0.0,0.0,0.0,0.0,0.0,0.0,0.1781005859375,0.07989501953125,0.11083984375,0.15960693359375,0.13543701171875,0.0673828125,0.0592041015625,0.13946533203125,0.1055908203125,0.17523193359375,0.234375,0.12677001953125,0.17987060546875,0.2015380859375,0.0289306640625,0.1417236328125,0.19921875,0.14324951171875,0.12628173828125,0.10516357421875,0.11749267578125,0.1444091796875,0.1666259765625,0.1273193359375,0.1046142578125,0.0350341796875,0.10986328125,0.15203857421875,0.091552734375,0.068359375,0.08050537109375,0.08734130859375,0.0,0.0,0.0,0.0,0.0,0.0,0.0,0.0,0.0,0.0,0.0,0.0,0.0,0.0,0.0,0.0,0.05119766498601421,0.7782266610983184,668.4018139817341,0.19092401240661452,0.21183534950554617,0.16826032862341486,0.1206549103674671,0.08346427257168558,0.058861325124562644,0.04101659472310002,0.02917657229306246,0.020759467052961757,0.01529214539804555,0.012891430440598367,0.010005899567170368,0.006577141221619285,0.005332975075788994,0.004556101379096841,0.003177588654139335,0.0023130976232337806,0.0017289820618111088,0.0016063177939123477,0.011565488116168903,2.245343075390786,0.4591290487434291,0.31542594013814274,0.09132770529547199,0.06676899462778205,0.06600153491941672,0.017651573292402148,0.00844205679201842,0.0015349194167306216,0.0015349194167306216,0.0007674597083653108,0.0030698388334612432,0.0015349194167306216,0.0,0.0,0.0,0.0007674597083653108,0.0015349194167306216,0.0,0.0007674597083653108,0.0015349194167306216,0.0015349194167306216,0.0015349194167306216,0.0007674597083653108,0.0,0.0,0.0,0.0,0.0,0.0030698388334612432,0.0023023791250959325,0.0023023791250959325,0.010744435917114352,0.015349194167306216,0.03683806600153492,0.07751343054489639,0.0920951650038373,0.1772831926323868,2.1683198543086104
161,149.49714851379395,94.99113343409094,129.58080101013184,3.7211683156349045,133.3053731918335,8.18696478143291,0.8030077273068535,0.7954597742292492,0.763643419643276,0.7436746012423177,0.07643413543701172,0.0,0.0,0.0,0.0,0.0,0.0,0.0,0.0,0.01861572265625,0.02618408203125,0.02252197265625,0.0189208984375,0.02069091796875,0.01812744140625,0.024658203125,0.0206298828125,0.0,0.0177001953125,0.0814208984375,0.1959228515625,0.0609130859375,0.00384521484375,0.00531005859375,0.0,0.03057861328125,0.02642822265625,0.0987548828125,0.33087158203125,0.15167236328125,0.0306396484375,0.2744140625,0.0338134765625,0.18292236328125,0.17608642578125,0.06622314453125,0.246337890625,0.30609130859375,0.08697509765625,0.21405029296875,0.11480712890625,0.018798828125,0.21405029296875,0.1795654296875,0.2349853515625,0.32550048828125,0.163330078125,0.13287353515625,0.0372314453125,0.06201171875,0.10882568359375,0.11444091796875,0.07940673828125,0.14178466796875,0.11773681640625,0.0216064453125,0.03350830078125,0.0,0.0,0.0,0.0,0.0,0.0,0.0,0.0,0.03905065171857017,0.27416912528141196,578.1789482210917,0.18988555643251775,0.210982636148382,0.17486582478295185,0.12062352012628255,0.08703630623520127,0.05888318863456985,0.040935280189423835,0.02893843725335438,0.02058405682715075,0.015280189423835832,0.012095501183898974,0.009988161010260458,0.006254932912391476,0.00494475138121547,0.0037647987371744276,0.0028058405682715075,0.001988950276243094,0.0014640883977900553,0.0010655090765588004,0.007612470402525651,2.221475997531286,177.47018386942045,0.14665057332528667,0.09112854556427279,0.05974652987326494,0.044055522027761015,0.015691007845503924,0.017501508750754374,0.012673506336753168,0.015691007845503924,0.015087507543753771,0.023536511768255886,0.0024140012070006035,0.0024140012070006035,0.0,0.0,0.0030175015087507543,0.0006035003017501509,0.0,0.0,0.0030175015087507543,0.0012070006035003018,0.0012070006035003018,0.0,0.004224502112251056,0.009656004828002414,0.008449004224502113,0.010259505129752565,0.005431502715751358,0.024743512371756187,0.007845503922751962,0.004224502112251056,0.022933011466505733,0.053108026554013275,0.07060953530476766,0.08388654194327097,0.12311406155703078,0.11587205793602896,2.779941794776589
162,140.50010108947754,81.24851714902218,128.24429416656494,5.182775194449437,133.74457454681396,7.752623060898546,0.7661098891071142,0.7646584671401092,0.6389430124686649,0.6328878045400883,0.11475658416748047,0.01885986328125,0.0233154296875,0.02252197265625,0.0286865234375,0.0592041015625,0.01934814453125,0.01678466796875,0.02264404296875,0.0,0.001708984375,0.12066650390625,0.20123291015625,0.25274658203125,0.03302001953125,0.0,0.0,0.0,0.128662109375,0.18524169921875,0.1627197265625,0.14385986328125,0.17755126953125,0.06182861328125,0.059814453125,0.28887939453125,0.24237060546875,0.11712646484375,0.16998291015625,0.07989501953125,0.095458984375,0.33465576171875,0.22137451171875,0.2813720703125,0.28076171875,0.2275390625,0.030517578125,0.0198974609375,0.15460205078125,0.23370361328125,0.0440673828125,0.2733154296875,0.27978515625,0.32232666015625,0.05352783203125,0.05938720703125,0.26019287109375,0.17120361328125,0.01544189453125,0.1375732421875,0.191650390625,0.17840576171875,0.0968017578125,0.15234375,0.09295654296875,0.13751220703125,0.0748291015625,0.05255126953125,0.08160400390625,0.04241943359375,0.02001953125,0.03167724609375,0.012939453125,0.02069091796875,0.02264404296875,0.042644863189891156,0.4645975864456779,573.4064100660621,0.18860447652337398,0.21514973068466064,0.1745066153787973,0.12058141859221282,0.08431704115095165,0.058544346538879195,0.04108342022377214,0.02899799566718351,0.019881252735022878,0.015253999211232909,0.01194225792683915,0.009616475507701285,0.006307435480472612,0.004848756611326912,0.004430061750738794,0.0030064992247391936,0.002179914532223297,0.0016504681278667092,0.0012993046964057072,0.007798529435599328,2.2223158521908406,162.71635174233407,0.1101202016285382,0.045366421093447074,0.03683598293912369,0.019775106630476928,0.021713842574641335,0.010469174098487785,0.016673129119813883,0.014734393175649476,0.008530438154323382,0.03218301667312912,0.016673129119813883,0.012795657231485071,0.016285381930981,0.015122140364482357,0.018611865063978286,0.013958898797983715,0.011244668476153548,0.006203955021326095,0.013571151609150834,0.007367196587824738,0.009693679720822024,0.017836370686312525,0.030632027917797598,0.03450949980612641,0.038386971694455214,0.033346258239627766,0.029856533540131833,0.062039550213260956,0.038774718883288095,0.02869329197363319,0.02869329197363319,0.03528499418379217,0.045366421093447074,0.03606048856145793,0.03993796044978674,0.04265219077161691,3.386427487352174
163,68.99283504486084,97.22335478439331,130.0077018737793,4.344729942786407,131.96839904785156,9.511931950597724,0.7972541993099623,0.776252549467754,0.7771050340432456,0.7605763073428974,0.06667804718017578,0.02105712890625,0.0,0.00531005859375,0.0179443359375,0.00152587890625,0.0035400390625,0.0,0.01104736328125,0.02325439453125,0.04217529296875,0.14013671875,0.15399169921875,0.37664794921875,0.30615234375,0.0443115234375,0.01153564453125,0.01629638671875,0.27996826171875,0.261962890625,0.02587890625,0.13031005859375,0.36572265625,0.11273193359375,0.01568603515625,0.0262451171875,0.08099365234375,0.0,0.07330322265625,0.1939697265625,0.0958251953125,0.07574462890625,0.0098876953125,0.09234619140625,0.1751708984375,0.03912353515625,0.0211181640625,0.0,0.0059814453125,0.11517333984375,0.0406494140625,0.0203857421875,0.0,0.0,0.0,0.0,0.0,0.0,0.0167236328125,0.02081298828125,0.06475830078125,0.06451416015625,0.00360107421875,0.02471923828125,0.233154296875,0.05804443359375,0.01324462890625,0.0162353515625,0.0338134765625,0.0081787109375,0.0,0.0927734375,0.120849609375,0.04248046875,0.0203857421875,0.03759443283281329,0.2610694048090672,585.3356071681203,0.18490677966101696,0.21465254237288137,0.17441101694915254,0.12101271186440678,0.08641525423728813,0.059194915254237285,0.040978813559322036,0.0299364406779661,0.02111440677966102,0.016016949152542374,0.012063559322033898,0.00972457627118644,0.006148305084745763,0.004796610169491526,0.004453389830508475,0.0028559322033898304,0.002038135593220339,0.001521186440677966,0.001114406779661017,0.006644067796610169,2.2245940404409703,48.73427171825498,0.05707584050039093,0.03440187646598905,0.03049257232212666,0.03049257232212666,0.05394839718530102,0.0437842064112588,0.008600469116497263,0.011727912431587178,0.03752931978107897,0.04847537138389367,0.014855355746677092,0.023455824863174355,0.017200938232994525,0.029710711493354185,0.04300234558248632,0.028928850664581705,0.028928850664581705,0.04847537138389367,0.10320562939796717,0.04300234558248632,0.026583268178264268,0.00547302580140735,0.01641907740422205,0.010164190774042221,0.007036747458952306,0.017982799061767005,0.00547302580140735,0.013291634089132134,0.0007818608287724785,0.003127443315089914,0.004691164972634871,0.02111024237685692,0.020328381548084442,0.0218921032056294,0.04222048475371384,0.046129788897576234,3.332000893475656
164,38.14108943939209,53.500167452515086,132.11024284362793,6.591296577351425,136.50838947296143,12.039164298677141,0.7111988253841552,0.7058079638570987,0.7533231010007723,0.7513769915128066,0.06933116912841797,0.0196533203125,0.0,0.0,0.0,0.01300048828125,0.03125,0.0106201171875,0.01458740234375,0.02301025390625,0.0,0.0,0.0,0.05181884765625,0.062255859375,0.0367431640625,0.01995849609375,0.0216064453125,0.0,0.0,0.0,0.07220458984375,0.12689208984375,0.07733154296875,0.06805419921875,0.01910400390625,0.13482666015625,0.1085205078125,0.14349365234375,0.05419921875,0.10369873046875,0.23016357421875,0.05767822265625,0.079345703125,0.2474365234375,0.1651611328125,0.3740234375,0.12469482421875,0.0269775390625,0.1494140625,0.08984375,0.08270263671875,0.23126220703125,0.17242431640625,0.1695556640625,0.27734375,0.0,0.03887939453125,0.02886962890625,0.03289794921875,0.05157470703125,0.0692138671875,0.1761474609375,0.1357421875,0.0,0.028564453125,0.0377197265625,0.0408935546875,0.0,0.0,0.03021240234375,0.0430908203125,0.01385498046875,0.0,0.0186767578125,0.04510836053986339,0.2566784578503924,609.5292317549505,0.20177654671792544,0.2098521932233339,0.17078726808185488,0.11822631868000669,0.08457699563026816,0.058860049189331166,0.04014422502925094,0.027899424532581964,0.020153298789369372,0.015253468325413692,0.01231643544497242,0.00921225435182311,0.0062608944817211494,0.00477566322022971,0.004011557104992956,0.0027364550251916236,0.0021777024284247476,0.0013992693235273048,0.0011557104992955896,0.008424269920485207,2.215452234700386,150.42677655988777,0.046822742474916385,0.034782608695652174,0.020066889632107024,0.013377926421404682,0.006020066889632107,0.01137123745819398,0.012709030100334449,0.010702341137123745,0.01137123745819398,0.034782608695652174,0.030100334448160536,0.008695652173913044,0.012040133779264214,0.014046822742474917,0.01137123745819398,0.0033444816053511705,0.008026755852842809,0.022073578595317726,0.10702341137123746,0.03678929765886288,0.02608695652173913,0.014046822742474917,0.028762541806020066,0.015384615384615385,0.016053511705685617,0.014046822742474917,0.009364548494983277,0.03545150501672241,0.033444816053511704,0.04548494983277592,0.05819397993311037,0.04080267558528428,0.07157190635451505,0.07558528428093646,0.03411371237458194,0.02608695652173913,3.3173772018444225
165,176.69817352294922,83.82085530974216,130.10025596618652,4.093938516402375,133.47437477111816,7.305633806759681,0.8567300034702919,0.8367466408752436,0.8164364340747502,0.7773053808411821,0.06666755676269531,0.0,0.0,0.0,0.0,0.0,0.0,0.0,0.0,0.0224609375,0.02008056640625,0.015625,0.00921630859375,0.0062255859375,0.01806640625,0.02435302734375,0.02679443359375,0.0736083984375,0.0572509765625,0.0516357421875,0.22088623046875,0.212158203125,0.19317626953125,0.05926513671875,0.074951171875,0.06622314453125,0.12420654296875,0.03656005859375,0.07073974609375,0.10577392578125,0.1197509765625,0.14434814453125,0.05755615234375,0.0938720703125,0.29998779296875,0.25262451171875,0.21966552734375,0.22064208984375,0.230712890625,0.20916748046875,0.20965576171875,0.0445556640625,0.07696533203125,0.06158447265625,0.07452392578125,0.07684326171875,0.05914306640625,0.09454345703125,0.0858154296875,0.0186767578125,0.017578125,0.0169677734375,0.02166748046875,0.01556396484375,0.01959228515625,0.02239990234375,0.0130615234375,0.0,0.0,0.0,0.0,0.0,0.0,0.0,0.0,0.04912417789246015,0.6527663344092756,588.1888425546248,0.2023516951331119,0.20958056123970425,0.1719143641579862,0.11529681539141791,0.0823041882178737,0.05631420374502565,0.04001069419736964,0.029475881500066838,0.020236711945624118,0.01531635286738167,0.011537393700706434,0.009002663266460324,0.006339396806136824,0.004781540170078869,0.004509043794794805,0.0029666114818661373,0.00221081964853109,0.001737807072566299,0.001480735020411521,0.012632520642885788,2.2282854271617336,179.72064403718232,0.4122657580919932,0.04514480408858603,0.02129471890971039,0.039182282793867124,0.016183986371379896,0.011073253833049404,0.002555366269165247,0.0,0.002555366269165247,0.00596252129471891,0.0017035775127768314,0.0008517887563884157,0.0008517887563884157,0.005110732538330494,0.0034071550255536627,0.002555366269165247,0.002555366269165247,0.008517887563884156,0.020442930153321975,0.0034071550255536627,0.0008517887563884157,0.0,0.0008517887563884157,0.0,0.0,0.0008517887563884157,0.0,0.005110732538330494,0.009369676320272573,0.00596252129471891,0.02555366269165247,0.00596252129471891,0.022146507666098807,0.02129471890971039,0.075809199318569,0.22061328790459966,2.0698250713752526
166,79.80190944671631,88.57847490450848,128.21813011169434,2.8185532549134757,134.14752006530762,8.488764838646976,0.798720965582027,0.8012443988065927,0.8161080892354123,0.8263876588015711,0.05134105682373047,0.02642822265625,0.0,0.0,0.0,0.0142822265625,0.00531005859375,0.0,0.01922607421875,0.023681640625,0.0,0.0,0.0816650390625,0.28155517578125,0.231689453125,0.0,0.0206298828125,0.0233154296875,0.0,0.05712890625,0.15301513671875,0.17120361328125,0.145263671875,0.033447265625,0.02435302734375,0.02178955078125,0.0,0.05743408203125,0.12457275390625,0.00836181640625,0.1014404296875,0.09637451171875,0.0238037109375,0.022216796875,0.0,0.0247802734375,0.14166259765625,0.105224609375,0.1617431640625,0.18719482421875,0.02374267578125,0.0228271484375,0.0,0.0,0.1011962890625,0.0643310546875,0.0653076171875,0.278564453125,0.03533935546875,0.02191162109375,0.0,0.0,0.06634521484375,0.0015869140625,0.0128173828125,0.08953857421875,0.023193359375,0.02276611328125,0.0,0.02899169921875,0.015869140625,0.0,0.0,0.0,0.022705078125,0.049619348108315905,0.5173707549246951,541.2672597960337,0.19629375428963625,0.2148455730954015,0.17107755662319835,0.11824296499656829,0.08368565545641729,0.05596431022649279,0.040178448867536035,0.02921070693205216,0.020006863417982156,0.014749485243651338,0.011557995881949211,0.010384351407000687,0.006842827728208648,0.005415236787920385,0.004790665751544269,0.002958133150308854,0.0024571036376115304,0.0016678105696636926,0.001455044612216884,0.008215511324639671,2.224809398334053,88.71471536672027,0.017159199237368923,0.008579599618684462,0.002859866539561487,0.0019065776930409914,0.0009532888465204957,0.0038131553860819827,0.005719733079122974,0.0009532888465204957,0.004766444232602479,0.020972354623450904,0.0438512869399428,0.02478551000953289,0.019065776930409915,0.03908484270734033,0.10486177311725453,0.12297426120114395,0.07054337464251668,0.04575786463298379,0.11725452812202097,0.025738798856053385,0.015252621544327931,0.03145853193517636,0.04575786463298379,0.020972354623450904,0.04575786463298379,0.04194470924690181,0.015252621544327931,0.03336510962821735,0.0038131553860819827,0.008579599618684462,0.01334604385128694,0.01334604385128694,0.015252621544327931,0.004766444232602479,0.0038131553860819827,0.005719733079122974,3.072267836078989
167,102.02933025360107,78.0699964880405,129.6486110687256,3.630570431433726,137.32593822479248,8.11033108858409,0.7654488830367772,0.7625665616635553,0.6881245282093693,0.6959907436486609,0.0865182876586914,0.01837158203125,0.0,0.04400634765625,0.01483154296875,0.036376953125,0.03851318359375,0.012939453125,0.02886962890625,0.015625,0.00885009765625,0.06207275390625,0.1298828125,0.27001953125,0.25787353515625,0.03106689453125,0.04522705078125,0.04815673828125,0.059326171875,0.05609130859375,0.26593017578125,0.08673095703125,0.12408447265625,0.04571533203125,0.052490234375,0.015625,0.0255126953125,0.0557861328125,0.2493896484375,0.1220703125,0.12835693359375,0.0987548828125,0.05218505859375,0.03131103515625,0.1197509765625,0.23187255859375,0.2340087890625,0.15374755859375,0.261962890625,0.1202392578125,0.02276611328125,0.015625,0.001953125,0.1807861328125,0.187744140625,0.11676025390625,0.021728515625,0.0413818359375,0.01611328125,0.0166015625,0.0,0.007080078125,0.0595703125,0.14154052734375,0.20745849609375,0.11859130859375,0.04400634765625,0.02392578125,0.01324462890625,0.01513671875,0.08831787109375,0.16790771484375,0.13092041015625,0.19024658203125,0.05413818359375,0.053702190349983796,0.6887096982025385,572.2359576188395,0.21128492294949006,0.21070251427979775,0.16601666983036809,0.11080001380524254,0.08271497351119088,0.05742980896995634,0.039250030198968056,0.028689019655214067,0.019961517886417368,0.01484926400800704,0.012079587223248029,0.00951698907660184,0.006790453674782999,0.00528913354846503,0.0044780755491898045,0.003080294741928247,0.0022735508809470398,0.001721341179312844,0.0015142625412000207,0.011557576489671952,2.22578439235629,67.150401320748,0.03544165757906216,0.009269356597600873,0.020719738276990186,0.004362050163576881,0.018538713195201745,0.04471101417666303,0.04798255179934569,0.0321701199563795,0.015812431842966195,0.04252998909487459,0.026172300981461286,0.04252998909487459,0.04689203925845147,0.03435114503816794,0.06543075245365322,0.06815703380588876,0.05179934569247546,0.05834242093784078,0.0703380588876772,0.026172300981461286,0.03380588876772083,0.03544165757906216,0.022355507088331516,0.0059978189749182115,0.0054525627044711015,0.007633587786259542,0.008724100327153763,0.018538713195201745,0.003271537622682661,0.0059978189749182115,0.004362050163576881,0.0054525627044711015,0.014176663031624863,0.013631406761177753,0.03162486368593239,0.021810250817884406,3.3289251980198022
168,172.38705158233643,84.49500513242431,128.74991416931152,2.5960012556205334,128.46811866760254,12.165112016644958,0.8371196250764106,0.8221834075142955,0.7333573844080564,0.7162568622505971,0.0845184326171875,0.0,0.0,0.0,0.0,0.0,0.0,0.0,0.0,0.01971435546875,0.05828857421875,0.01611328125,0.01263427734375,0.01116943359375,0.03033447265625,0.0526123046875,0.05828857421875,0.077392578125,0.31524658203125,0.0419921875,0.0,0.0,0.1427001953125,0.20330810546875,0.23577880859375,0.173583984375,0.076171875,0.07000732421875,0.0103759765625,0.01336669921875,0.27740478515625,0.10821533203125,0.10211181640625,0.17816162109375,0.05303955078125,0.08489990234375,0.0689697265625,0.2454833984375,0.16033935546875,0.07208251953125,0.19927978515625,0.379638671875,0.3460693359375,0.12738037109375,0.093505859375,0.2498779296875,0.11663818359375,0.15728759765625,0.26953125,0.0797119140625,0.1163330078125,0.07476806640625,0.078857421875,0.0218505859375,0.034912109375,0.04180908203125,0.05194091796875,0.0,0.0,0.0,0.0,0.0,0.0,0.0,0.0,0.04220259283959349,0.5495675455347009,560.4078240242934,0.18794272906356957,0.2107968114336443,0.17491993734386407,0.12275173423233394,0.08498563824518798,0.059930520654881345,0.04131709947578678,0.02900597581062293,0.02016148261732435,0.014585526726070162,0.0120249890865337,0.009629529088514631,0.006313302690031879,0.005110070102971764,0.004281013503351076,0.0030410969959537635,0.002065304714984281,0.0014526832453530644,0.0013206211321391494,0.00836393383688128,2.226511728248526,175.07001147692802,0.18191964285714285,0.05859375,0.03125,0.04408482142857143,0.03627232142857143,0.021763392857142856,0.018973214285714284,0.010602678571428572,0.002232142857142857,0.005022321428571429,0.0011160714285714285,0.0016741071428571428,0.0033482142857142855,0.0011160714285714285,0.0005580357142857143,0.012834821428571428,0.013392857142857142,0.028459821428571428,0.04408482142857143,0.010044642857142858,0.016183035714285716,0.007254464285714286,0.0033482142857142855,0.002232142857142857,0.006696428571428571,0.01171875,0.016183035714285716,0.056919642857142856,0.021763392857142856,0.0078125,0.018415178571428572,0.041294642857142856,0.037388392857142856,0.033482142857142856,0.07421875,0.11774553571428571,2.995937304932374
169,92.15036678314209,69.98299205778159,128.72359657287598,3.0960552211779864,134.18267345428467,5.2304678791756745,0.8054673806299862,0.8051132682407344,0.809662677458499,0.8024539688644671,0.05463123321533203,0.0146484375,0.0,0.0,0.001708984375,0.00390625,0.0,0.0037841796875,0.054443359375,0.0078125,0.03094482421875,0.112060546875,0.02947998046875,0.0,0.0,0.0,0.0635986328125,0.01263427734375,0.0377197265625,0.0482177734375,0.01416015625,0.0,0.00537109375,0.06103515625,0.0335693359375,0.02044677734375,0.0174560546875,0.00830078125,0.0,0.0291748046875,0.0,0.0,0.0167236328125,0.04119873046875,0.20855712890625,0.099365234375,0.02630615234375,0.0489501953125,0.08843994140625,0.064453125,0.076171875,0.0244140625,0.0419921875,0.08782958984375,0.07000732421875,0.0289306640625,0.0955810546875,0.09954833984375,0.0172119140625,0.15606689453125,0.34149169921875,0.2242431640625,0.20074462890625,0.2264404296875,0.1259765625,0.00897216796875,0.03839111328125,0.03955078125,0.1324462890625,0.14166259765625,0.0386962890625,0.01690673828125,0.00579833984375,0.01953125,0.0333251953125,0.04472131470126891,0.37878859798988324,576.4817523212781,0.1919272076372315,0.20938544152744631,0.16782816229116945,0.1236634844868735,0.08819212410501193,0.06033412887828162,0.04051909307875895,0.028884248210023868,0.02051909307875895,0.015137231503579953,0.011706443914081146,0.00921837708830549,0.006187350835322195,0.004958233890214797,0.004564439140811456,0.002965393794749403,0.0023210023866348448,0.0016825775656324582,0.0013663484486873508,0.00863961813842482,2.2310317566299145,166.7307127223136,0.07809523809523809,0.04666666666666667,0.035238095238095235,0.013333333333333334,0.010476190476190476,0.005714285714285714,0.005714285714285714,0.017142857142857144,0.0019047619047619048,0.002857142857142857,0.013333333333333334,0.0009523809523809524,0.004761904761904762,0.0009523809523809524,0.005714285714285714,0.01619047619047619,0.02095238095238095,0.02095238095238095,0.06190476190476191,0.008571428571428572,0.0009523809523809524,0.002857142857142857,0.004761904761904762,0.013333333333333334,0.0,0.006666666666666667,0.010476190476190476,0.03619047619047619,0.002857142857142857,0.040952380952380955,0.05047619047619047,0.06380952380952382,0.12095238095238095,0.14476190476190476,0.06571428571428571,0.06380952380952382,2.9616826291758014
170,138.77888774871826,109.08769440252213,127.9016466140747,2.2596870675282177,127.99742221832275,7.948888465397364,0.8515259519016604,0.831975103576135,0.829993319709467,0.8291291012556666,0.05087852478027344,0.0,0.02783203125,0.0,0.00946044921875,0.0,0.0,0.01983642578125,0.0,0.0,0.0245361328125,0.06658935546875,0.3348388671875,0.13482666015625,0.03173828125,0.027099609375,0.0,0.0,0.0264892578125,0.0264892578125,0.3077392578125,0.23834228515625,0.0452880859375,0.00958251953125,0.0,0.0,0.0263671875,0.10675048828125,0.298828125,0.269775390625,0.08056640625,0.02655029296875,0.0,0.0,0.02081298828125,0.0430908203125,0.0264892578125,0.15399169921875,0.114501953125,0.0245361328125,0.0,0.0,0.0225830078125,0.137451171875,0.07733154296875,0.098388671875,0.0362548828125,0.00885009765625,0.0,0.0,0.023193359375,0.02349853515625,0.03692626953125,0.0252685546875,0.12957763671875,0.0078125,0.0,0.0,0.02838134765625,0.0,0.0,0.0167236328125,0.05322265625,0.0078125,0.0,0.042622771531230313,0.43419566048027336,557.240397172713,0.1808802251539997,0.21105745456321467,0.17635638801213682,0.12334019133205941,0.08946941068016288,0.0604094042088169,0.04158145043620535,0.02931031324977564,0.020854828173554173,0.015116087399800976,0.011599582415033059,0.009273560888650114,0.006300404764375851,0.004664253139518557,0.003998803411498239,0.002887685517005598,0.002271076135995946,0.0015323658874596305,0.0010805926776109745,0.008015921953125477,2.227904902390813,86.1397652700428,0.0029296875,0.001953125,0.001953125,0.0009765625,0.00390625,0.0068359375,0.005859375,0.00390625,0.001953125,0.0166015625,0.01171875,0.0126953125,0.0400390625,0.13671875,0.14453125,0.095703125,0.037109375,0.015625,0.0712890625,0.0830078125,0.0693359375,0.0166015625,0.017578125,0.0224609375,0.015625,0.0029296875,0.0068359375,0.04296875,0.0517578125,0.0166015625,0.0048828125,0.01171875,0.0009765625,0.017578125,0.0048828125,0.001953125,2.9067439391680945
171,157.22143173217773,58.480433038115486,124.46473503112793,4.940622040120352,129.49575996398926,13.351493612909252,0.7076655960852608,0.6868464999762987,0.6017421865940641,0.5636013464530125,0.13474273681640625,0.02203369140625,0.03375244140625,0.091552734375,0.10205078125,0.042236328125,0.03759765625,0.01080322265625,0.020263671875,0.03887939453125,0.19927978515625,0.22406005859375,0.1402587890625,0.150634765625,0.130126953125,0.08953857421875,0.0167236328125,0.01898193359375,0.1131591796875,0.310791015625,0.1671142578125,0.12158203125,0.11090087890625,0.0504150390625,0.01361083984375,0.02294921875,0.05810546875,0.10125732421875,0.0576171875,0.057373046875,0.19842529296875,0.05157470703125,0.01971435546875,0.01922607421875,0.007080078125,0.10491943359375,0.07891845703125,0.0673828125,0.03143310546875,0.01641845703125,0.020751953125,0.07489013671875,0.3931884765625,0.344970703125,0.292236328125,0.08673095703125,0.302490234375,0.19244384765625,0.04522705078125,0.083251953125,0.380126953125,0.365234375,0.17120361328125,0.17529296875,0.36102294921875,0.2811279296875,0.05548095703125,0.064697265625,0.25592041015625,0.278564453125,0.253173828125,0.2430419921875,0.37481689453125,0.29791259765625,0.08099365234375,0.03982683506304658,0.36234633058593174,576.3172651910286,0.18303675273319375,0.21198355610428185,0.18064353069586844,0.12128044088965233,0.08610678690929913,0.0588956286792993,0.040226260132052175,0.02932927156583821,0.020883658095800454,0.015493316871544366,0.012200959078139818,0.009467765312147727,0.006177644174852828,0.004799864011308533,0.004070714119562689,0.0026772773632508452,0.0020219371231234456,0.0013800168196539445,0.0011697711453468606,0.008154848175783278,2.2226340487562446,80.93872796522014,0.05204944697462589,0.020169160702667534,0.016916070266753416,0.013662979830839297,0.011060507482108002,0.00520494469746259,0.008132726089785295,0.014964216005204945,0.019843851659076123,0.0605074821080026,0.04033832140533507,0.04033832140533507,0.04066363044892648,0.028627195836044242,0.04196486662329213,0.03610930383864672,0.03155497722836695,0.03057905009759271,0.05855562784645413,0.06441119063109954,0.06994144437215355,0.04586857514638907,0.02960312296681848,0.034482758620689655,0.020494469746258945,0.014638906961613532,0.009759271307742356,0.015289525048796356,0.004554326610279766,0.00878334417696812,0.00520494469746259,0.009759271307742356,0.018867924528301886,0.018867924528301886,0.022446324007807418,0.035783994795055306,3.3806487573138266
172,152.6794080734253,74.68625447158051,120.27698802947998,5.690297351917658,138.59599018096924,14.657584718888971,0.6315261342300871,0.6277659355523341,0.3332671068848064,0.32338278676496457,0.2541790008544922,0.0,0.0,0.0,0.0,0.0,0.0,0.0,0.0,0.434814453125,0.40447998046875,0.35162353515625,0.38714599609375,0.38787841796875,0.197265625,0.19757080078125,0.25921630859375,0.34478759765625,0.210205078125,0.13720703125,0.2313232421875,0.23651123046875,0.26123046875,0.4022216796875,0.39898681640625,0.4822998046875,0.4599609375,0.3465576171875,0.43621826171875,0.4124755859375,0.3153076171875,0.2525634765625,0.2291259765625,0.45947265625,0.48626708984375,0.3330078125,0.31640625,0.34979248046875,0.46160888671875,0.2423095703125,0.30328369140625,0.31964111328125,0.3714599609375,0.33807373046875,0.41741943359375,0.46051025390625,0.441650390625,0.3798828125,0.28173828125,0.3240966796875,0.2041015625,0.2686767578125,0.27581787109375,0.38153076171875,0.4188232421875,0.36883544921875,0.28607177734375,0.0,0.0,0.0,0.0,0.0,0.0,0.0,0.0,0.032458871129436746,0.28420572349025786,494.4392960516201,0.19399469687531576,0.2168611113018553,0.1744106086036969,0.12230539759211065,0.08774483788977623,0.05830494242195647,0.03991861871553729,0.027786960748440993,0.019812654318868275,0.014845021429293143,0.011158535568506541,0.008912113902407202,0.0053865071478390696,0.004152446686724236,0.0034255477982615247,0.0021973731581059037,0.0017000212870524692,0.0014076921794115944,0.0009819511300285756,0.004692961244811894,2.186816521108356,178.82984170853658,0.15616824310726504,0.06621050513181727,0.06077681626081707,0.04648822700744617,0.04367075870396458,0.04326826323203864,0.027570939826926946,0.013282350573556048,0.00945864359025961,0.012074864157778226,0.0032199637754075265,0.004628697927148319,0.0012074864157778226,0.0022137250955926746,0.002414972831555645,0.0026162205675186153,0.003823706983296438,0.0054336888710002015,0.015093580197222782,0.0052324411350372305,0.00503119339907426,0.0026162205675186153,0.0032199637754075265,0.002012477359629704,0.003421211511370497,0.008251157174481787,0.010867377742000403,0.02435097605151942,0.02918092171463071,0.03682833568122359,0.03481585832159388,0.03421211511370497,0.0374320788891125,0.05836184342926142,0.08049909438518817,0.1040450794928557,3.000456958118139
173,168.17041206359863,58.37799475515998,127.00352954864502,2.478252027056195,125.75439453125,7.480600811064013,0.8107225794559842,0.8031173942758603,0.7998670279564802,0.7864470275008753,0.059967994689941406,0.0,0.0,0.0,0.0,0.0,0.0,0.0,0.0,0.02947998046875,0.12738037109375,0.13922119140625,0.1707763671875,0.112060546875,0.17303466796875,0.02593994140625,0.0166015625,0.0,0.022705078125,0.02618408203125,0.07830810546875,0.08319091796875,0.078125,0.0164794921875,0.0,0.1361083984375,0.17193603515625,0.04656982421875,0.011474609375,0.00335693359375,0.0164794921875,0.0494384765625,0.0634765625,0.10614013671875,0.099365234375,0.087890625,0.0748291015625,0.02288818359375,0.02178955078125,0.04266357421875,0.05841064453125,0.19525146484375,0.09979248046875,0.12750244140625,0.23443603515625,0.07586669921875,0.13409423828125,0.2152099609375,0.07342529296875,0.02264404296875,0.069091796875,0.1246337890625,0.0771484375,0.059326171875,0.0360107421875,0.124755859375,0.05645751953125,0.0,0.0,0.0,0.0,0.0,0.0,0.0,0.0,0.050213518149870434,0.3048166735761688,672.0997668062079,0.20229802513464992,0.2026391382405745,0.16546977857570316,0.11474566128067026,0.08923997606223819,0.05940754039497307,0.04064033512866547,0.029018551765409933,0.020724117295032915,0.0146918013165769,0.011621783363255535,0.009922202274087372,0.0065170556552962295,0.005326152004787552,0.0048653500897666065,0.0035128665469778574,0.002663076002393776,0.0019868342309994017,0.001663674446439258,0.013046080191502095,2.250856793314082,3.220168284883222,0.17735220649458786,0.06910907577019151,0.05328892589508743,0.08326394671107411,0.04829308909242298,0.07077435470441298,0.02997502081598668,0.004995836802664446,0.004163197335553705,0.02414654454621149,0.002497918401332223,0.0033305578684429643,0.002497918401332223,0.010824313072439634,0.014154870940882597,0.004995836802664446,0.0033305578684429643,0.002497918401332223,0.009159034138218152,0.018318068276436304,0.004995836802664446,0.004995836802664446,0.0008326394671107411,0.005828476269775187,0.00832639467110741,0.0033305578684429643,0.0033305578684429643,0.020815986677768527,0.02331390507910075,0.026644462947543714,0.03913405495420483,0.03996669442131557,0.04746044962531224,0.01582014987510408,0.03663613655287261,0.08159866777685262,2.990552922945114
174,182.26325225830078,61.88490388654441,128.59835529327393,2.3635189873358144,128.76447677612305,7.824462048411082,0.8295393032742773,0.8096413248905545,0.9073337530088994,0.9090570904275886,0.027009963989257812,0.0,0.0,0.0,0.0,0.0,0.0,0.0,0.0,0.02099609375,0.020751953125,0.0174560546875,0.0174560546875,0.0238037109375,0.0203857421875,0.14312744140625,0.1317138671875,0.0,0.0,0.0032958984375,0.0,0.0,0.01513671875,0.0489501953125,0.06549072265625,0.0,0.0,0.00372314453125,0.01092529296875,0.0,0.0,0.00775146484375,0.0,0.02825927734375,0.0,0.021240234375,0.0233154296875,0.05419921875,0.1378173828125,0.02996826171875,0.0780029296875,0.00567626953125,0.038818359375,0.0416259765625,0.04736328125,0.0,0.019287109375,0.0692138671875,0.05181884765625,0.01934814453125,0.02252197265625,0.0244140625,0.0601806640625,0.085205078125,0.0888671875,0.14703369140625,0.08349609375,0.0,0.0,0.0,0.0,0.0,0.0,0.0,0.0,0.05167500102662877,0.2834048376491543,626.0590016313114,0.2194931506849315,0.2045068493150685,0.1585068493150685,0.11054794520547945,0.08304109589041096,0.05419178082191781,0.040808219178082195,0.03052054794520548,0.02091780821917808,0.015958904109589042,0.012821917808219178,0.009219178082191781,0.006178082191780822,0.00536986301369863,0.004794520547945206,0.003493150684931507,0.0027123287671232876,0.0019041095890410958,0.0016986301369863014,0.013315068493150685,2.2416604831749214,178.85548809825917,0.2311212814645309,0.02288329519450801,0.07322654462242563,0.02745995423340961,0.02745995423340961,0.05263157894736842,0.002288329519450801,0.006864988558352402,0.009153318077803204,0.018306636155606407,0.0,0.002288329519450801,0.006864988558352402,0.002288329519450801,0.016018306636155607,0.043478260869565216,0.004576659038901602,0.002288329519450801,0.013729977116704805,0.0,0.009153318077803204,0.011441647597254004,0.004576659038901602,0.004576659038901602,0.0,0.002288329519450801,0.002288329519450801,0.016018306636155607,0.013729977116704805,0.029748283752860413,0.07780320366132723,0.013729977116704805,0.004576659038901602,0.09382151029748284,0.06864988558352403,0.08466819221967964,2.793213931671319
175,164.41351890563965,73.95464826939435,130.27152919769287,4.499499555773425,138.298659324646,10.717067430978648,0.8832920173914517,0.8661800685242995,0.9535836944450418,0.9580786041926818,0.014359474182128906,0.0,0.0,0.0,0.0,0.0,0.0,0.0,0.0,0.0169677734375,0.0130615234375,0.01605224609375,0.018798828125,0.01666259765625,0.02099609375,0.0233154296875,0.02899169921875,0.0,0.0,0.0,0.0,0.0,0.0,0.0,0.01666259765625,0.0,0.0,0.0,0.05413818359375,0.0,0.0,0.0,0.04046630859375,0.0,0.0,0.015380859375,0.14556884765625,0.0029296875,0.0,0.0,0.1046142578125,0.0,0.0,0.0098876953125,0.03466796875,0.02606201171875,0.04217529296875,0.070068359375,0.020751953125,0.02178955078125,0.01849365234375,0.0172119140625,0.0382080078125,0.01702880859375,0.025146484375,0.019287109375,0.02362060546875,0.0,0.0,0.0,0.0,0.0,0.0,0.0,0.0,0.0803435280787475,0.6441535940049805,615.2580089821776,0.1978623188405797,0.19869565217391305,0.1661231884057971,0.11963768115942029,0.08108695652173913,0.06097826086956522,0.04699275362318841,0.03326086956521739,0.021050724637681158,0.013405797101449275,0.01286231884057971,0.010724637681159421,0.006195652173913043,0.005398550724637681,0.00463768115942029,0.003188405797101449,0.002101449275362319,0.0015579710144927536,0.0016304347826086956,0.012608695652173913,2.260338835762773,163.58412398259657,0.4147727272727273,0.06818181818181818,0.005681818181818182,0.011363636363636364,0.0,0.0,0.0,0.0,0.0,0.0,0.0,0.0,0.0,0.0,0.0,0.0,0.0,0.0,0.11363636363636363,0.07386363636363637,0.056818181818181816,0.028409090909090908,0.011363636363636364,0.005681818181818182,0.022727272727272728,0.09090909090909091,0.0,0.005681818181818182,0.0,0.0,0.011363636363636364,0.0,0.0,0.017045454545454544,0.0,0.0625,2.039275974799848
176,141.68912887573242,30.776479387678112,127.05544185638428,7.714026230399253,159.51096725463867,15.463154773111365,0.5387658270106215,0.5224341985598454,0.4147743880310498,0.38930247011505525,0.20166015625,0.19744873046875,0.0806884765625,0.1409912109375,0.23675537109375,0.21722412109375,0.10345458984375,0.0220947265625,0.06317138671875,0.2200927734375,0.06890869140625,0.2100830078125,0.22796630859375,0.23736572265625,0.17132568359375,0.09063720703125,0.04278564453125,0.23406982421875,0.04217529296875,0.25177001953125,0.21356201171875,0.3404541015625,0.14373779296875,0.05279541015625,0.112060546875,0.098388671875,0.0767822265625,0.1937255859375,0.29144287109375,0.27484130859375,0.12091064453125,0.03631591796875,0.0875244140625,0.06170654296875,0.0311279296875,0.2200927734375,0.1639404296875,0.22686767578125,0.12835693359375,0.09747314453125,0.18585205078125,0.077392578125,0.14031982421875,0.23968505859375,0.2548828125,0.2545166015625,0.19134521484375,0.1396484375,0.14056396484375,0.362060546875,0.46258544921875,0.39251708984375,0.33172607421875,0.3817138671875,0.500244140625,0.2392578125,0.022705078125,0.36822509765625,0.42083740234375,0.4129638671875,0.388671875,0.435302734375,0.4521484375,0.23236083984375,0.047607421875,0.03601946640952585,0.2997977491867464,541.4198236917653,0.18869861814412484,0.21794101373451277,0.1756364731508135,0.11988317609732524,0.08508954398055736,0.056708619614929366,0.03983078744073008,0.029170956513212727,0.020629084109007628,0.015383214618396262,0.01198495577080663,0.00957283634147879,0.0063202571806778305,0.004853654949257244,0.004104245022027049,0.0026908719069330925,0.0019036412917866072,0.0015702589316356048,0.0012354758052654801,0.006792315396521897,2.2127956208825457,90.30040932172925,0.032127611772635366,0.0233655358346439,0.030105594248483487,0.011008762075937992,0.01640080880700966,0.02179285553808133,0.024488878903617166,0.02269152999325994,0.01707481464839362,0.03594697820714446,0.028308245338126262,0.013030779600089868,0.028982251179510223,0.02875758256571557,0.03347562345540328,0.03280161761401932,0.04425971691754662,0.04807908335205572,0.08672208492473601,0.03414962929678724,0.03235228038643002,0.028308245338126262,0.03594697820714446,0.042911705234778705,0.03594697820714446,0.026960233655358348,0.02808357672433161,0.03302628622781397,0.014603459896652437,0.010784093462143339,0.01325544821388452,0.012806110986295215,0.00943608177937542,0.015951471579420354,0.019321500786340148,0.026735565041563693,3.472429444777431
